rid,date,venue,season,fs,cost,ret,win_pairs,n_in,hit,real
2021-01-01_ST_1,2021-01-01,ST,2020-21,14,60.0,0.0,0,1,0,False
2021-01-01_ST_10,2021-01-01,ST,2020-21,14,60.0,150.31808205755158,1,2,1,False
2021-01-01_ST_11,2021-01-01,ST,2020-21,14,60.0,26.332170738747692,1,2,1,False
2021-01-01_ST_2,2021-01-01,ST,2020-21,13,60.0,32.2733822859933,1,2,1,False
2021-01-01_ST_4,2021-01-01,ST,2020-21,14,60.0,82.4588337902285,1,2,1,False
2021-01-01_ST_5,2021-01-01,ST,2020-21,14,60.0,26.89763342692117,1,2,1,False
2021-01-01_ST_6,2021-01-01,ST,2020-21,14,60.0,0.0,0,1,0,False
2021-01-01_ST_7,2021-01-01,ST,2020-21,14,60.0,82.0313774555667,1,2,1,False
2021-01-01_ST_8,2021-01-01,ST,2020-21,8,60.0,32.24519373467729,1,2,1,False
2021-01-01_ST_9,2021-01-01,ST,2020-21,14,60.0,0.0,0,1,0,False
2021-01-06_HV_1,2021-01-06,HV,2020-21,12,60.0,0.0,0,1,0,False
2021-01-06_HV_2,2021-01-06,HV,2020-21,12,60.0,220.83642350763793,3,3,1,False
2021-01-06_HV_3,2021-01-06,HV,2020-21,12,60.0,53.74484452063456,1,2,1,False
2021-01-06_HV_4,2021-01-06,HV,2020-21,10,60.0,159.04989016737244,3,3,1,False
2021-01-06_HV_5,2021-01-06,HV,2020-21,12,60.0,77.93297369641499,1,2,1,False
2021-01-06_HV_6,2021-01-06,HV,2020-21,12,60.0,146.0231388010999,3,3,1,False
2021-01-06_HV_7,2021-01-06,HV,2020-21,12,60.0,220.20052127317422,3,3,1,False
2021-01-06_HV_8,2021-01-06,HV,2020-21,12,60.0,0.0,0,1,0,False
2021-01-06_HV_9,2021-01-06,HV,2020-21,12,60.0,53.182316681642554,1,2,1,False
2021-01-10_ST_1,2021-01-10,ST,2020-21,12,60.0,177.36322536702124,3,3,1,False
2021-01-10_ST_10,2021-01-10,ST,2020-21,14,60.0,26.391612507380025,1,2,1,False
2021-01-10_ST_2,2021-01-10,ST,2020-21,14,60.0,45.37605226421906,1,2,1,False
2021-01-10_ST_3,2021-01-10,ST,2020-21,12,60.0,30.07920033246243,1,2,1,False
2021-01-10_ST_4,2021-01-10,ST,2020-21,14,60.0,35.16026011463116,1,2,1,False
2021-01-10_ST_5,2021-01-10,ST,2020-21,14,60.0,41.938799403840854,1,2,1,False
2021-01-10_ST_6,2021-01-10,ST,2020-21,14,60.0,52.34833894843073,1,2,1,False
2021-01-10_ST_7,2021-01-10,ST,2020-21,12,60.0,19.183540317367644,1,2,1,False
2021-01-10_ST_8,2021-01-10,ST,2020-21,12,60.0,0.0,0,1,0,False
2021-01-10_ST_9,2021-01-10,ST,2020-21,14,60.0,0.0,0,1,0,False
2021-01-13_HV_1,2021-01-13,HV,2020-21,11,60.0,27.502166255101027,1,2,1,False
2021-01-13_HV_2,2021-01-13,HV,2020-21,12,60.0,27.168462655139898,1,2,1,False
2021-01-13_HV_3,2021-01-13,HV,2020-21,12,60.0,24.425947155582083,1,2,1,False
2021-01-13_HV_4,2021-01-13,HV,2020-21,12,60.0,48.92013735950945,1,2,1,False
2021-01-13_HV_5,2021-01-13,HV,2020-21,12,60.0,98.46738163792307,1,2,1,False
2021-01-13_HV_6,2021-01-13,HV,2020-21,12,60.0,134.7920396414222,3,3,1,False
2021-01-13_HV_7,2021-01-13,HV,2020-21,12,60.0,0.0,0,1,0,False
2021-01-13_HV_8,2021-01-13,HV,2020-21,12,60.0,38.92097676110784,1,2,1,False
2021-01-13_HV_9,2021-01-13,HV,2020-21,12,60.0,57.65085315063472,1,2,1,False
2021-01-17_ST_1,2021-01-17,ST,2020-21,14,60.0,0.0,0,1,0,False
2021-01-17_ST_10,2021-01-17,ST,2020-21,14,60.0,0.0,0,1,0,False
2021-01-17_ST_2,2021-01-17,ST,2020-21,14,60.0,0.0,0,1,0,False
2021-01-17_ST_3,2021-01-17,ST,2020-21,7,60.0,47.03968782523818,1,2,1,False
2021-01-17_ST_4,2021-01-17,ST,2020-21,14,60.0,0.0,0,1,0,False
2021-01-17_ST_5,2021-01-17,ST,2020-21,14,60.0,0.0,0,1,0,False
2021-01-17_ST_6,2021-01-17,ST,2020-21,14,60.0,0.0,0,0,0,False
2021-01-17_ST_7,2021-01-17,ST,2020-21,14,60.0,160.23530772767634,3,3,1,False
2021-01-17_ST_8,2021-01-17,ST,2020-21,14,60.0,49.07610655094956,1,2,1,False
2021-01-17_ST_9,2021-01-17,ST,2020-21,14,60.0,24.819704024481634,1,2,1,False
2021-01-20_HV_1,2021-01-20,HV,2020-21,12,60.0,88.6301266221773,1,2,1,False
2021-01-20_HV_2,2021-01-20,HV,2020-21,12,60.0,50.1695475262599,1,2,1,False
2021-01-20_HV_3,2021-01-20,HV,2020-21,12,60.0,0.0,0,1,0,False
2021-01-20_HV_4,2021-01-20,HV,2020-21,12,60.0,0.0,0,1,0,False
2021-01-20_HV_5,2021-01-20,HV,2020-21,12,60.0,100.25265254890202,3,3,1,False
2021-01-20_HV_6,2021-01-20,HV,2020-21,12,60.0,0.0,0,1,0,False
2021-01-20_HV_7,2021-01-20,HV,2020-21,12,60.0,150.94414409998413,3,3,1,False
2021-01-20_HV_8,2021-01-20,HV,2020-21,12,60.0,77.82612354798867,1,2,1,False
2021-01-20_HV_9,2021-01-20,HV,2020-21,12,60.0,37.438376886623,1,2,1,False
2021-01-24_ST_1,2021-01-24,ST,2020-21,14,60.0,223.16608396273358,3,3,1,False
2021-01-24_ST_10,2021-01-24,ST,2020-21,14,60.0,38.197625190015266,1,2,1,False
2021-01-24_ST_2,2021-01-24,ST,2020-21,14,60.0,0.0,0,0,0,False
2021-01-24_ST_3,2021-01-24,ST,2020-21,14,60.0,58.957867591740914,1,2,1,False
2021-01-24_ST_4,2021-01-24,ST,2020-21,14,60.0,0.0,0,1,0,False
2021-01-24_ST_5,2021-01-24,ST,2020-21,11,60.0,0.0,0,1,0,False
2021-01-24_ST_6,2021-01-24,ST,2020-21,14,60.0,0.0,0,1,0,False
2021-01-24_ST_7,2021-01-24,ST,2020-21,8,60.0,199.01362374034474,3,3,1,False
2021-01-24_ST_8,2021-01-24,ST,2020-21,12,60.0,119.42066641221977,1,2,1,False
2021-01-24_ST_9,2021-01-24,ST,2020-21,14,60.0,136.49489116990176,1,2,1,False
2021-01-27_HV_1,2021-01-27,HV,2020-21,12,60.0,138.00398401103644,3,3,1,False
2021-01-27_HV_2,2021-01-27,HV,2020-21,12,60.0,81.11703243736812,1,2,1,False
2021-01-27_HV_3,2021-01-27,HV,2020-21,12,60.0,48.987305208462374,1,2,1,False
2021-01-27_HV_4,2021-01-27,HV,2020-21,12,60.0,26.86326847299174,1,2,1,False
2021-01-27_HV_5,2021-01-27,HV,2020-21,11,60.0,39.331150795848544,1,2,1,False
2021-01-27_HV_6,2021-01-27,HV,2020-21,12,60.0,0.0,0,1,0,False
2021-01-27_HV_7,2021-01-27,HV,2020-21,12,60.0,56.83846646529035,1,2,1,False
2021-01-27_HV_8,2021-01-27,HV,2020-21,11,60.0,48.88117924483522,1,2,1,False
2021-01-27_HV_9,2021-01-27,HV,2020-21,12,60.0,148.54107751939068,3,3,1,False
2021-01-31_ST_1,2021-01-31,ST,2020-21,14,60.0,235.8853959231626,3,3,1,False
2021-01-31_ST_10,2021-01-31,ST,2020-21,14,60.0,0.0,0,1,0,False
2021-01-31_ST_2,2021-01-31,ST,2020-21,14,60.0,93.13891434635141,1,2,1,False
2021-01-31_ST_3,2021-01-31,ST,2020-21,12,60.0,155.3686447895595,3,3,1,False
2021-01-31_ST_4,2021-01-31,ST,2020-21,14,60.0,0.0,0,1,0,False
2021-01-31_ST_5,2021-01-31,ST,2020-21,12,60.0,0.0,0,0,0,False
2021-01-31_ST_6,2021-01-31,ST,2020-21,14,60.0,205.9323148744726,3,3,1,False
2021-01-31_ST_7,2021-01-31,ST,2020-21,10,60.0,100.78999260171297,3,3,1,False
2021-01-31_ST_8,2021-01-31,ST,2020-21,14,60.0,164.56700035235286,3,3,1,False
2021-01-31_ST_9,2021-01-31,ST,2020-21,14,60.0,58.9061490161629,1,2,1,False
2021-02-03_HV_1,2021-02-03,HV,2020-21,12,60.0,66.33909971784813,1,2,1,False
2021-02-03_HV_2,2021-02-03,HV,2020-21,12,60.0,0.0,0,1,0,False
2021-02-03_HV_3,2021-02-03,HV,2020-21,12,60.0,170.62462186927257,3,3,1,False
2021-02-03_HV_4,2021-02-03,HV,2020-21,12,60.0,64.30738251230615,1,2,1,False
2021-02-03_HV_5,2021-02-03,HV,2020-21,12,60.0,29.230288486395185,1,2,1,False
2021-02-03_HV_6,2021-02-03,HV,2020-21,10,60.0,0.0,0,1,0,False
2021-02-03_HV_7,2021-02-03,HV,2020-21,12,60.0,27.030672362692766,1,2,1,False
2021-02-03_HV_8,2021-02-03,HV,2020-21,12,60.0,61.296528572628574,1,2,1,False
2021-02-03_HV_9,2021-02-03,HV,2020-21,12,60.0,117.06692285638029,3,3,1,False
2021-02-06_ST_1,2021-02-06,ST,2020-21,12,60.0,0.0,0,1,0,False
2021-02-06_ST_10,2021-02-06,ST,2020-21,13,60.0,93.32177358305958,3,3,1,False
2021-02-06_ST_2,2021-02-06,ST,2020-21,14,60.0,0.0,0,1,0,False
2021-02-06_ST_3,2021-02-06,ST,2020-21,8,60.0,0.0,0,1,0,False
2021-02-06_ST_4,2021-02-06,ST,2020-21,12,60.0,83.17102302784012,1,2,1,False
2021-02-06_ST_5,2021-02-06,ST,2020-21,14,60.0,55.06537736454333,1,2,1,False
2021-02-06_ST_6,2021-02-06,ST,2020-21,13,60.0,60.66237428884921,1,2,1,False
2021-02-06_ST_7,2021-02-06,ST,2020-21,10,60.0,42.17131476950693,1,2,1,False
2021-02-06_ST_8,2021-02-06,ST,2020-21,11,60.0,76.45767801389064,1,2,1,False
2021-02-06_ST_9,2021-02-06,ST,2020-21,12,60.0,41.4696530817584,1,2,1,False
2021-02-10_HV_1,2021-02-10,HV,2020-21,12,60.0,0.0,0,1,0,False
2021-02-10_HV_2,2021-02-10,HV,2020-21,12,60.0,58.416809830291875,1,2,1,False
2021-02-10_HV_3,2021-02-10,HV,2020-21,12,60.0,59.883688483821054,1,2,1,False
2021-02-10_HV_4,2021-02-10,HV,2020-21,8,60.0,136.40896987876542,3,3,1,False
2021-02-10_HV_5,2021-02-10,HV,2020-21,12,60.0,38.259646169083865,1,2,1,False
2021-02-10_HV_6,2021-02-10,HV,2020-21,12,60.0,43.41620589935006,1,2,1,False
2021-02-10_HV_7,2021-02-10,HV,2020-21,12,60.0,37.49220640840619,1,2,1,False
2021-02-10_HV_8,2021-02-10,HV,2020-21,11,60.0,18.50659194945298,1,2,1,False
2021-02-10_HV_9,2021-02-10,HV,2020-21,12,60.0,34.141893019467965,1,2,1,False
2021-02-14_ST_1,2021-02-14,ST,2020-21,14,60.0,52.7708239759477,1,2,1,False
2021-02-14_ST_10,2021-02-14,ST,2020-21,14,60.0,0.0,0,1,0,False
2021-02-14_ST_11,2021-02-14,ST,2020-21,14,60.0,0.0,0,1,0,False
2021-02-14_ST_2,2021-02-14,ST,2020-21,14,60.0,27.336281222522718,1,2,1,False
2021-02-14_ST_3,2021-02-14,ST,2020-21,14,60.0,49.434255250528004,1,2,1,False
2021-02-14_ST_4,2021-02-14,ST,2020-21,14,60.0,64.89984787498639,1,2,1,False
2021-02-14_ST_5,2021-02-14,ST,2020-21,14,60.0,77.96767988404144,1,2,1,False
2021-02-14_ST_6,2021-02-14,ST,2020-21,14,60.0,37.726334787521914,1,2,1,False
2021-02-14_ST_7,2021-02-14,ST,2020-21,14,60.0,0.0,0,0,0,False
2021-02-14_ST_8,2021-02-14,ST,2020-21,9,60.0,240.0814478091957,3,3,1,False
2021-02-14_ST_9,2021-02-14,ST,2020-21,11,60.0,43.29165488675753,1,2,1,False
2021-02-17_HV_1,2021-02-17,HV,2020-21,12,60.0,0.0,0,1,0,False
2021-02-17_HV_2,2021-02-17,HV,2020-21,12,60.0,46.03256279624129,1,2,1,False
2021-02-17_HV_3,2021-02-17,HV,2020-21,12,60.0,0.0,0,0,0,False
2021-02-17_HV_4,2021-02-17,HV,2020-21,12,60.0,43.883704874364355,1,2,1,False
2021-02-17_HV_5,2021-02-17,HV,2020-21,10,60.0,137.9562795812426,3,3,1,False
2021-02-17_HV_6,2021-02-17,HV,2020-21,12,60.0,0.0,0,1,0,False
2021-02-17_HV_7,2021-02-17,HV,2020-21,12,60.0,0.0,0,1,0,False
2021-02-17_HV_8,2021-02-17,HV,2020-21,12,60.0,31.389085209293732,1,2,1,False
2021-02-17_HV_9,2021-02-17,HV,2020-21,12,60.0,161.11378334412032,3,3,1,False
2021-02-21_ST_1,2021-02-21,ST,2020-21,12,60.0,309.57471413690536,3,3,1,False
2021-02-21_ST_10,2021-02-21,ST,2020-21,14,60.0,41.59516580238885,1,2,1,False
2021-02-21_ST_2,2021-02-21,ST,2020-21,9,60.0,0.0,0,1,0,False
2021-02-21_ST_3,2021-02-21,ST,2020-21,9,60.0,165.3909910683742,3,3,1,False
2021-02-21_ST_4,2021-02-21,ST,2020-21,14,60.0,63.0335590618297,1,2,1,False
2021-02-21_ST_5,2021-02-21,ST,2020-21,14,60.0,39.21996776678088,1,2,1,False
2021-02-21_ST_6,2021-02-21,ST,2020-21,12,60.0,39.383748880923164,1,2,1,False
2021-02-21_ST_7,2021-02-21,ST,2020-21,7,60.0,74.20779668677275,3,3,1,False
2021-02-21_ST_8,2021-02-21,ST,2020-21,12,60.0,0.0,0,1,0,False
2021-02-21_ST_9,2021-02-21,ST,2020-21,14,60.0,0.0,0,0,0,False
2021-02-24_HV_1,2021-02-24,HV,2020-21,12,60.0,205.65179817738124,3,3,1,False
2021-02-24_HV_2,2021-02-24,HV,2020-21,12,60.0,0.0,0,1,0,False
2021-02-24_HV_3,2021-02-24,HV,2020-21,9,60.0,0.0,0,1,0,False
2021-02-24_HV_4,2021-02-24,HV,2020-21,12,60.0,28.320582703244465,1,2,1,False
2021-02-24_HV_5,2021-02-24,HV,2020-21,12,60.0,63.00702058641012,1,2,1,False
2021-02-24_HV_6,2021-02-24,HV,2020-21,8,60.0,126.88996576149339,3,3,1,False
2021-02-24_HV_7,2021-02-24,HV,2020-21,12,60.0,27.80890860420969,1,2,1,False
2021-02-24_HV_8,2021-02-24,HV,2020-21,12,60.0,41.016753487900104,1,2,1,False
2021-02-24_HV_9,2021-02-24,HV,2020-21,12,60.0,53.274396297335485,1,2,1,False
2021-02-28_ST_1,2021-02-28,ST,2020-21,14,60.0,91.5358566783687,1,2,1,False
2021-02-28_ST_10,2021-02-28,ST,2020-21,14,60.0,27.00524320603551,1,2,1,False
2021-02-28_ST_2,2021-02-28,ST,2020-21,14,60.0,0.0,0,0,0,False
2021-02-28_ST_3,2021-02-28,ST,2020-21,9,60.0,73.41403644901811,1,2,1,False
2021-02-28_ST_4,2021-02-28,ST,2020-21,14,60.0,210.45657175307684,3,3,1,False
2021-02-28_ST_5,2021-02-28,ST,2020-21,14,60.0,0.0,0,1,0,False
2021-02-28_ST_6,2021-02-28,ST,2020-21,14,60.0,61.52616114114973,1,2,1,False
2021-02-28_ST_7,2021-02-28,ST,2020-21,11,60.0,0.0,0,0,0,False
2021-02-28_ST_8,2021-02-28,ST,2020-21,14,60.0,170.63260650797673,3,3,1,False
2021-02-28_ST_9,2021-02-28,ST,2020-21,14,60.0,50.055759394683335,1,2,1,False
2021-03-03_HV_1,2021-03-03,HV,2020-21,12,60.0,32.935815352728774,1,2,1,False
2021-03-03_HV_2,2021-03-03,HV,2020-21,12,60.0,27.48710847546533,1,2,1,False
2021-03-03_HV_3,2021-03-03,HV,2020-21,12,60.0,0.0,0,1,0,False
2021-03-03_HV_4,2021-03-03,HV,2020-21,12,60.0,0.0,0,1,0,False
2021-03-03_HV_5,2021-03-03,HV,2020-21,12,60.0,68.5003362318505,1,2,1,False
2021-03-03_HV_6,2021-03-03,HV,2020-21,12,60.0,134.5594652942919,3,3,1,False
2021-03-03_HV_7,2021-03-03,HV,2020-21,12,60.0,22.16362446663632,1,2,1,False
2021-03-03_HV_8,2021-03-03,HV,2020-21,12,60.0,109.29855445354023,3,3,1,False
2021-03-03_HV_9,2021-03-03,HV,2020-21,12,60.0,127.96204685737408,3,3,1,False
2021-03-07_ST_1,2021-03-07,ST,2020-21,12,60.0,0.0,0,1,0,False
2021-03-07_ST_10,2021-03-07,ST,2020-21,14,60.0,70.31376452061404,1,2,1,False
2021-03-07_ST_2,2021-03-07,ST,2020-21,12,60.0,47.20383647346768,1,2,1,False
2021-03-07_ST_3,2021-03-07,ST,2020-21,9,60.0,19.11219906734937,1,2,1,False
2021-03-07_ST_4,2021-03-07,ST,2020-21,14,60.0,105.36942806653994,1,2,1,False
2021-03-07_ST_5,2021-03-07,ST,2020-21,12,60.0,140.17817916036398,3,3,1,False
2021-03-07_ST_6,2021-03-07,ST,2020-21,14,60.0,41.29937320588042,1,2,1,False
2021-03-07_ST_7,2021-03-07,ST,2020-21,12,60.0,82.34248729736868,1,2,1,False
2021-03-07_ST_8,2021-03-07,ST,2020-21,12,60.0,139.8187549802356,3,3,1,False
2021-03-07_ST_9,2021-03-07,ST,2020-21,13,60.0,133.81111106436492,3,3,1,False
2021-03-10_HV_1,2021-03-10,HV,2020-21,9,60.0,25.53779106143109,1,2,1,False
2021-03-10_HV_2,2021-03-10,HV,2020-21,8,60.0,43.788076144585325,1,2,1,False
2021-03-10_HV_3,2021-03-10,HV,2020-21,12,60.0,173.75469908261783,3,3,1,False
2021-03-10_HV_4,2021-03-10,HV,2020-21,12,60.0,106.10338757673006,3,3,1,False
2021-03-10_HV_5,2021-03-10,HV,2020-21,12,60.0,131.0672914125186,3,3,1,False
2021-03-10_HV_6,2021-03-10,HV,2020-21,12,60.0,0.0,0,1,0,False
2021-03-10_HV_7,2021-03-10,HV,2020-21,11,60.0,38.28749674250512,1,2,1,False
2021-03-10_HV_8,2021-03-10,HV,2020-21,12,60.0,112.4039085495001,1,2,1,False
2021-03-10_HV_9,2021-03-10,HV,2020-21,12,60.0,51.77112878781024,1,2,1,False
2021-03-13_ST_1,2021-03-13,ST,2020-21,14,60.0,201.31031850178817,3,3,1,False
2021-03-13_ST_10,2021-03-13,ST,2020-21,13,60.0,0.0,0,1,0,False
2021-03-13_ST_2,2021-03-13,ST,2020-21,7,60.0,20.181004862858813,1,2,1,False
2021-03-13_ST_3,2021-03-13,ST,2020-21,11,60.0,34.659094635669476,1,2,1,False
2021-03-13_ST_4,2021-03-13,ST,2020-21,14,60.0,69.86088022704311,1,2,1,False
2021-03-13_ST_5,2021-03-13,ST,2020-21,10,60.0,103.19697392407035,3,3,1,False
2021-03-13_ST_6,2021-03-13,ST,2020-21,12,60.0,195.69021570698126,3,3,1,False
2021-03-13_ST_7,2021-03-13,ST,2020-21,9,60.0,0.0,0,1,0,False
2021-03-13_ST_8,2021-03-13,ST,2020-21,14,60.0,106.65385107776909,3,3,1,False
2021-03-13_ST_9,2021-03-13,ST,2020-21,11,60.0,0.0,0,1,0,False
2021-03-17_HV_1,2021-03-17,HV,2020-21,12,60.0,0.0,0,1,0,False
2021-03-17_HV_2,2021-03-17,HV,2020-21,12,60.0,40.653814567572084,1,2,1,False
2021-03-17_HV_3,2021-03-17,HV,2020-21,12,60.0,18.423621341654723,1,2,1,False
2021-03-17_HV_4,2021-03-17,HV,2020-21,12,60.0,34.11719380779476,1,2,1,False
2021-03-17_HV_5,2021-03-17,HV,2020-21,12,60.0,53.61798210719928,1,2,1,False
2021-03-17_HV_6,2021-03-17,HV,2020-21,12,60.0,0.0,0,1,0,False
2021-03-17_HV_7,2021-03-17,HV,2020-21,12,60.0,29.53854306097942,1,2,1,False
2021-03-17_HV_8,2021-03-17,HV,2020-21,12,60.0,0.0,0,1,0,False
2021-03-17_HV_9,2021-03-17,HV,2020-21,12,60.0,86.8619684822662,1,2,1,False
2021-03-21_ST_1,2021-03-21,ST,2020-21,14,60.0,40.335601954254365,1,2,1,False
2021-03-21_ST_10,2021-03-21,ST,2020-21,14,60.0,50.38461680294561,1,2,1,False
2021-03-21_ST_2,2021-03-21,ST,2020-21,14,60.0,28.788133104383824,1,2,1,False
2021-03-21_ST_3,2021-03-21,ST,2020-21,11,60.0,38.28749674250512,1,2,1,False
2021-03-21_ST_4,2021-03-21,ST,2020-21,14,60.0,29.15506120863699,1,2,1,False
2021-03-21_ST_5,2021-03-21,ST,2020-21,14,60.0,0.0,0,1,0,False
2021-03-21_ST_6,2021-03-21,ST,2020-21,14,60.0,30.20697029245275,1,2,1,False
2021-03-21_ST_7,2021-03-21,ST,2020-21,13,60.0,21.784133424795343,1,2,1,False
2021-03-21_ST_8,2021-03-21,ST,2020-21,14,60.0,61.85601306435247,1,2,1,False
2021-03-21_ST_9,2021-03-21,ST,2020-21,14,60.0,0.0,0,1,0,False
2021-03-24_HV_1,2021-03-24,HV,2020-21,12,60.0,58.601028170077385,1,2,1,False
2021-03-24_HV_2,2021-03-24,HV,2020-21,12,60.0,0.0,0,1,0,False
2021-03-24_HV_3,2021-03-24,HV,2020-21,12,60.0,0.0,0,1,0,False
2021-03-24_HV_4,2021-03-24,HV,2020-21,12,60.0,38.968555500236,1,2,1,False
2021-03-24_HV_5,2021-03-24,HV,2020-21,12,60.0,45.839377487699885,1,2,1,False
2021-03-24_HV_6,2021-03-24,HV,2020-21,12,60.0,0.0,0,1,0,False
2021-03-24_HV_7,2021-03-24,HV,2020-21,12,60.0,0.0,0,1,0,False
2021-03-24_HV_8,2021-03-24,HV,2020-21,12,60.0,0.0,0,1,0,False
2021-03-24_HV_9,2021-03-24,HV,2020-21,12,60.0,0.0,0,1,0,False
2021-03-28_ST_1,2021-03-28,ST,2020-21,14,60.0,161.86564270165866,3,3,1,False
2021-03-28_ST_10,2021-03-28,ST,2020-21,14,60.0,38.70721564548003,1,2,1,False
2021-03-28_ST_2,2021-03-28,ST,2020-21,14,60.0,0.0,0,1,0,False
2021-03-28_ST_3,2021-03-28,ST,2020-21,10,60.0,15.50284231429185,1,2,1,False
2021-03-28_ST_4,2021-03-28,ST,2020-21,14,60.0,32.97679884230489,1,2,1,False
2021-03-28_ST_5,2021-03-28,ST,2020-21,13,60.0,218.959840439127,3,3,1,False
2021-03-28_ST_6,2021-03-28,ST,2020-21,14,60.0,234.93404238086896,3,3,1,False
2021-03-28_ST_7,2021-03-28,ST,2020-21,14,60.0,0.0,0,1,0,False
2021-03-28_ST_8,2021-03-28,ST,2020-21,14,60.0,36.79690474210574,1,2,1,False
2021-03-28_ST_9,2021-03-28,ST,2020-21,13,60.0,0.0,0,0,0,False
2021-03-31_ST_1,2021-03-31,ST,2020-21,12,60.0,42.8300654952923,1,2,1,False
2021-03-31_ST_2,2021-03-31,ST,2020-21,9,60.0,38.32400643666211,1,2,1,False
2021-03-31_ST_3,2021-03-31,ST,2020-21,11,60.0,47.91071342708245,1,2,1,False
2021-03-31_ST_4,2021-03-31,ST,2020-21,14,60.0,0.0,0,1,0,False
2021-03-31_ST_5,2021-03-31,ST,2020-21,12,60.0,37.021427758323426,1,2,1,False
2021-03-31_ST_6,2021-03-31,ST,2020-21,12,60.0,118.96372597922576,3,3,1,False
2021-03-31_ST_7,2021-03-31,ST,2020-21,11,60.0,51.24429662885876,1,2,1,False
2021-03-31_ST_8,2021-03-31,ST,2020-21,12,60.0,35.932703653120406,1,2,1,False
2021-03-31_ST_9,2021-03-31,ST,2020-21,11,60.0,51.46970029140512,1,2,1,False
2021-04-05_ST_1,2021-04-05,ST,2020-21,14,60.0,60.12257753061367,1,2,1,False
2021-04-05_ST_10,2021-04-05,ST,2020-21,14,60.0,181.8572116020917,3,3,1,False
2021-04-05_ST_2,2021-04-05,ST,2020-21,9,60.0,97.27344566374637,3,3,1,False
2021-04-05_ST_4,2021-04-05,ST,2020-21,14,60.0,27.51315161133313,1,2,1,False
2021-04-05_ST_5,2021-04-05,ST,2020-21,11,60.0,74.29184456892327,3,3,1,False
2021-04-05_ST_6,2021-04-05,ST,2020-21,14,60.0,127.3867115480164,3,3,1,False
2021-04-05_ST_7,2021-04-05,ST,2020-21,14,60.0,70.90331881490205,1,2,1,False
2021-04-05_ST_8,2021-04-05,ST,2020-21,11,60.0,34.00843131733454,1,2,1,False
2021-04-05_ST_9,2021-04-05,ST,2020-21,13,60.0,0.0,0,1,0,False
2021-04-08_HV_1,2021-04-08,HV,2020-21,12,60.0,0.0,0,0,0,False
2021-04-08_HV_2,2021-04-08,HV,2020-21,11,60.0,35.849820878667636,1,2,1,False
2021-04-08_HV_3,2021-04-08,HV,2020-21,9,60.0,0.0,0,1,0,False
2021-04-08_HV_4,2021-04-08,HV,2020-21,9,60.0,53.08426145299245,1,2,1,False
2021-04-08_HV_5,2021-04-08,HV,2020-21,12,60.0,0.0,0,1,0,False
2021-04-08_HV_6,2021-04-08,HV,2020-21,12,60.0,130.273260624551,3,3,1,False
2021-04-08_HV_7,2021-04-08,HV,2020-21,12,60.0,0.0,0,0,0,False
2021-04-08_HV_8,2021-04-08,HV,2020-21,10,60.0,0.0,0,1,0,False
2021-04-08_HV_9,2021-04-08,HV,2020-21,12,60.0,41.57874019515069,1,2,1,False
2021-04-11_ST_1,2021-04-11,ST,2020-21,10,60.0,0.0,0,1,0,False
2021-04-11_ST_10,2021-04-11,ST,2020-21,11,60.0,37.98268754804729,1,2,1,False
2021-04-11_ST_11,2021-04-11,ST,2020-21,14,60.0,32.88806906329989,1,2,1,False
2021-04-11_ST_2,2021-04-11,ST,2020-21,14,60.0,48.7284879811058,1,2,1,False
2021-04-11_ST_3,2021-04-11,ST,2020-21,14,60.0,252.06735309872886,3,3,1,False
2021-04-11_ST_4,2021-04-11,ST,2020-21,14,60.0,0.0,0,1,0,False
2021-04-11_ST_5,2021-04-11,ST,2020-21,12,60.0,42.889307353751036,1,2,1,False
2021-04-11_ST_6,2021-04-11,ST,2020-21,14,60.0,50.57482825092794,1,2,1,False
2021-04-11_ST_7,2021-04-11,ST,2020-21,14,60.0,62.41573900680756,1,2,1,False
2021-04-11_ST_8,2021-04-11,ST,2020-21,10,60.0,14.489903046629298,1,2,1,False
2021-04-11_ST_9,2021-04-11,ST,2020-21,13,60.0,0.0,0,1,0,False
2021-04-14_HV_1,2021-04-14,HV,2020-21,12,60.0,70.6913079096615,1,2,1,False
2021-04-14_HV_2,2021-04-14,HV,2020-21,12,60.0,0.0,0,1,0,False
2021-04-14_HV_3,2021-04-14,HV,2020-21,12,60.0,0.0,0,1,0,False
2021-04-14_HV_4,2021-04-14,HV,2020-21,12,60.0,0.0,0,1,0,False
2021-04-14_HV_5,2021-04-14,HV,2020-21,12,60.0,0.0,0,1,0,False
2021-04-14_HV_6,2021-04-14,HV,2020-21,10,60.0,39.375349987653244,1,2,1,False
2021-04-14_HV_7,2021-04-14,HV,2020-21,12,60.0,78.5740716079714,1,2,1,False
2021-04-14_HV_8,2021-04-14,HV,2020-21,12,60.0,173.56524666421933,3,3,1,False
2021-04-14_HV_9,2021-04-14,HV,2020-21,12,60.0,160.60154050186122,3,3,1,False
2021-04-17_ST_1,2021-04-17,ST,2020-21,12,60.0,0.0,0,1,0,False
2021-04-17_ST_10,2021-04-17,ST,2020-21,14,60.0,0.0,0,1,0,False
2021-04-17_ST_2,2021-04-17,ST,2020-21,10,60.0,33.95893862280228,1,2,1,False
2021-04-17_ST_3,2021-04-17,ST,2020-21,10,60.0,0.0,0,1,0,False
2021-04-17_ST_4,2021-04-17,ST,2020-21,13,60.0,0.0,0,1,0,False
2021-04-17_ST_5,2021-04-17,ST,2020-21,12,60.0,42.94062131743222,1,2,1,False
2021-04-17_ST_6,2021-04-17,ST,2020-21,11,60.0,150.06416898616965,3,3,1,False
2021-04-17_ST_7,2021-04-17,ST,2020-21,12,60.0,58.5326317606742,1,2,1,False
2021-04-17_ST_8,2021-04-17,ST,2020-21,14,60.0,0.0,0,1,0,False
2021-04-17_ST_9,2021-04-17,ST,2020-21,11,60.0,0.0,0,1,0,False
2021-04-21_HV_1,2021-04-21,HV,2020-21,8,60.0,31.01846004081273,1,2,1,False
2021-04-21_HV_2,2021-04-21,HV,2020-21,12,60.0,58.289312754363756,1,2,1,False
2021-04-21_HV_3,2021-04-21,HV,2020-21,12,60.0,0.0,0,1,0,False
2021-04-21_HV_4,2021-04-21,HV,2020-21,10,60.0,163.76742327251574,3,3,1,False
2021-04-21_HV_5,2021-04-21,HV,2020-21,10,60.0,0.0,0,1,0,False
2021-04-21_HV_6,2021-04-21,HV,2020-21,12,60.0,68.24826947183676,1,2,1,False
2021-04-21_HV_7,2021-04-21,HV,2020-21,11,60.0,0.0,0,1,0,False
2021-04-21_HV_8,2021-04-21,HV,2020-21,11,60.0,133.5292734360358,3,3,1,False
2021-04-21_HV_9,2021-04-21,HV,2020-21,12,60.0,46.608981685408125,1,2,1,False
2021-04-25_ST_1,2021-04-25,ST,2020-21,14,60.0,0.0,0,1,0,False
2021-04-25_ST_10,2021-04-25,ST,2020-21,14,60.0,145.31380777472177,3,3,1,False
2021-04-25_ST_2,2021-04-25,ST,2020-21,14,60.0,0.0,0,1,0,False
2021-04-25_ST_3,2021-04-25,ST,2020-21,11,60.0,49.660090723041314,1,2,1,False
2021-04-25_ST_4,2021-04-25,ST,2020-21,12,60.0,0.0,0,1,0,False
2021-04-25_ST_5,2021-04-25,ST,2020-21,13,60.0,0.0,0,1,0,False
2021-04-25_ST_6,2021-04-25,ST,2020-21,14,60.0,253.40855542911066,1,2,1,False
2021-04-25_ST_8,2021-04-25,ST,2020-21,7,60.0,23.32788527313384,1,2,1,False
2021-04-25_ST_9,2021-04-25,ST,2020-21,14,60.0,39.10132101223738,1,2,1,False
2021-04-28_HV_1,2021-04-28,HV,2020-21,12,60.0,0.0,0,1,0,False
2021-04-28_HV_2,2021-04-28,HV,2020-21,12,60.0,53.94600051744275,1,2,1,False
2021-04-28_HV_3,2021-04-28,HV,2020-21,12,60.0,39.922862946139794,1,2,1,False
2021-04-28_HV_4,2021-04-28,HV,2020-21,12,60.0,53.182316681642554,1,2,1,False
2021-04-28_HV_5,2021-04-28,HV,2020-21,12,60.0,77.04580726411191,1,2,1,False
2021-04-28_HV_6,2021-04-28,HV,2020-21,9,60.0,60.331395151935645,1,2,1,False
2021-04-28_HV_7,2021-04-28,HV,2020-21,12,60.0,113.26695221591983,1,2,1,False
2021-04-28_HV_8,2021-04-28,HV,2020-21,11,60.0,110.52255385199047,3,3,1,False
2021-04-28_HV_9,2021-04-28,HV,2020-21,12,60.0,0.0,0,1,0,False
2021-05-02_ST_1,2021-05-02,ST,2020-21,10,60.0,19.29787176131132,1,2,1,False
2021-05-02_ST_10,2021-05-02,ST,2020-21,12,60.0,25.73685238025163,1,2,1,False
2021-05-02_ST_11,2021-05-02,ST,2020-21,12,60.0,47.97303025560242,1,2,1,False
2021-05-02_ST_2,2021-05-02,ST,2020-21,13,60.0,0.0,0,1,0,False
2021-05-02_ST_3,2021-05-02,ST,2020-21,14,60.0,66.0475422902616,1,2,1,False
2021-05-02_ST_4,2021-05-02,ST,2020-21,14,60.0,38.51878182272553,1,2,1,False
2021-05-02_ST_5,2021-05-02,ST,2020-21,14,60.0,37.91153586151637,1,2,1,False
2021-05-02_ST_6,2021-05-02,ST,2020-21,14,60.0,0.0,0,0,0,False
2021-05-02_ST_7,2021-05-02,ST,2020-21,12,60.0,0.0,0,1,0,False
2021-05-02_ST_8,2021-05-02,ST,2020-21,11,60.0,95.91212631804848,1,2,1,False
2021-05-02_ST_9,2021-05-02,ST,2020-21,13,60.0,39.73031476249429,1,2,1,False
2021-05-05_HV_1,2021-05-05,HV,2020-21,12,60.0,62.11606936137837,1,2,1,False
2021-05-05_HV_2,2021-05-05,HV,2020-21,9,60.0,32.51047185539839,1,2,1,False
2021-05-05_HV_3,2021-05-05,HV,2020-21,12,60.0,33.51517662555408,1,2,1,False
2021-05-05_HV_4,2021-05-05,HV,2020-21,12,60.0,0.0,0,1,0,False
2021-05-05_HV_5,2021-05-05,HV,2020-21,12,60.0,40.224595731421935,1,2,1,False
2021-05-05_HV_6,2021-05-05,HV,2020-21,12,60.0,0.0,0,1,0,False
2021-05-05_HV_7,2021-05-05,HV,2020-21,11,60.0,35.827081642240245,1,2,1,False
2021-05-05_HV_8,2021-05-05,HV,2020-21,12,60.0,123.98726126125591,3,3,1,False
2021-05-05_HV_9,2021-05-05,HV,2020-21,12,60.0,30.658980690955683,1,2,1,False
2021-05-08_ST_1,2021-05-08,ST,2020-21,12,60.0,0.0,0,1,0,False
2021-05-08_ST_10,2021-05-08,ST,2020-21,14,60.0,0.0,0,1,0,False
2021-05-08_ST_2,2021-05-08,ST,2020-21,12,60.0,0.0,0,1,0,False
2021-05-08_ST_3,2021-05-08,ST,2020-21,12,60.0,26.351527757413013,1,2,1,False
2021-05-08_ST_4,2021-05-08,ST,2020-21,14,60.0,64.1676981749287,1,2,1,False
2021-05-08_ST_5,2021-05-08,ST,2020-21,14,60.0,0.0,0,1,0,False
2021-05-08_ST_6,2021-05-08,ST,2020-21,14,60.0,54.97737930764422,1,2,1,False
2021-05-08_ST_7,2021-05-08,ST,2020-21,11,60.0,38.36148974871498,1,2,1,False
2021-05-08_ST_8,2021-05-08,ST,2020-21,12,60.0,0.0,0,1,0,False
2021-05-08_ST_9,2021-05-08,ST,2020-21,12,60.0,0.0,0,1,0,False
2021-05-12_ST_1,2021-05-12,ST,2020-21,11,60.0,153.13914672945785,3,3,1,False
2021-05-12_ST_2,2021-05-12,ST,2020-21,14,60.0,196.2499753184522,3,3,1,False
2021-05-12_ST_3,2021-05-12,ST,2020-21,9,60.0,15.330286172655802,1,2,1,False
2021-05-12_ST_4,2021-05-12,ST,2020-21,12,60.0,0.0,0,1,0,False
2021-05-12_ST_5,2021-05-12,ST,2020-21,11,60.0,0.0,0,0,0,False
2021-05-12_ST_6,2021-05-12,ST,2020-21,14,60.0,0.0,0,1,0,False
2021-05-12_ST_7,2021-05-12,ST,2020-21,11,60.0,56.098793196065834,1,2,1,False
2021-05-12_ST_8,2021-05-12,ST,2020-21,12,60.0,0.0,0,1,0,False
2021-05-16_ST_1,2021-05-16,ST,2020-21,12,60.0,74.25828757064255,1,2,1,False
2021-05-16_ST_10,2021-05-16,ST,2020-21,14,60.0,0.0,0,1,0,False
2021-05-16_ST_2,2021-05-16,ST,2020-21,12,60.0,31.91625015937991,1,2,1,False
2021-05-16_ST_3,2021-05-16,ST,2020-21,12,60.0,156.45572023222377,3,3,1,False
2021-05-16_ST_4,2021-05-16,ST,2020-21,14,60.0,0.0,0,1,0,False
2021-05-16_ST_5,2021-05-16,ST,2020-21,14,60.0,0.0,0,1,0,False
2021-05-16_ST_6,2021-05-16,ST,2020-21,14,60.0,31.093464007565984,1,2,1,False
2021-05-16_ST_7,2021-05-16,ST,2020-21,10,60.0,120.329643100628,3,3,1,False
2021-05-16_ST_8,2021-05-16,ST,2020-21,13,60.0,56.50251762249114,1,2,1,False
2021-05-16_ST_9,2021-05-16,ST,2020-21,14,60.0,37.70067745834737,1,2,1,False
2021-05-19_HV_1,2021-05-19,HV,2020-21,12,60.0,30.19487350396449,1,2,1,False
2021-05-19_HV_2,2021-05-19,HV,2020-21,12,60.0,50.51138908026431,1,2,1,False
2021-05-19_HV_3,2021-05-19,HV,2020-21,12,60.0,51.33197941810547,1,2,1,False
2021-05-19_HV_4,2021-05-19,HV,2020-21,12,60.0,68.8744470025651,1,2,1,False
2021-05-19_HV_5,2021-05-19,HV,2020-21,12,60.0,133.6043565127593,3,3,1,False
2021-05-19_HV_6,2021-05-19,HV,2020-21,12,60.0,28.73295291466828,1,2,1,False
2021-05-19_HV_7,2021-05-19,HV,2020-21,11,60.0,52.13065401514707,1,2,1,False
2021-05-19_HV_8,2021-05-19,HV,2020-21,11,60.0,24.937138389742316,1,2,1,False
2021-05-19_HV_9,2021-05-19,HV,2020-21,12,60.0,0.0,0,1,0,False
2021-05-23_ST_1,2021-05-23,ST,2020-21,9,60.0,0.0,0,1,0,False
2021-05-23_ST_10,2021-05-23,ST,2020-21,14,60.0,87.35131623850707,1,2,1,False
2021-05-23_ST_11,2021-05-23,ST,2020-21,13,60.0,27.11671832254382,1,2,1,False
2021-05-23_ST_2,2021-05-23,ST,2020-21,14,60.0,36.76391998004686,1,2,1,False
2021-05-23_ST_3,2021-05-23,ST,2020-21,14,60.0,15.470547687398213,1,2,1,False
2021-05-23_ST_4,2021-05-23,ST,2020-21,9,60.0,21.854687831513523,1,2,1,False
2021-05-23_ST_5,2021-05-23,ST,2020-21,14,60.0,0.0,0,1,0,False
2021-05-23_ST_6,2021-05-23,ST,2020-21,14,60.0,84.44750287131038,1,2,1,False
2021-05-23_ST_7,2021-05-23,ST,2020-21,11,60.0,0.0,0,1,0,False
2021-05-23_ST_8,2021-05-23,ST,2020-21,8,60.0,17.982033827239682,1,2,1,False
2021-05-23_ST_9,2021-05-23,ST,2020-21,11,60.0,21.013660563544633,1,2,1,False
2021-05-26_HV_1,2021-05-26,HV,2020-21,12,60.0,0.0,0,1,0,False
2021-05-26_HV_2,2021-05-26,HV,2020-21,11,60.0,33.35611322108635,1,2,1,False
2021-05-26_HV_3,2021-05-26,HV,2020-21,10,60.0,41.107618899250085,1,2,1,False
2021-05-26_HV_4,2021-05-26,HV,2020-21,12,60.0,0.0,0,1,0,False
2021-05-26_HV_5,2021-05-26,HV,2020-21,12,60.0,48.99999455099103,1,2,1,False
2021-05-26_HV_6,2021-05-26,HV,2020-21,12,60.0,0.0,0,1,0,False
2021-05-26_HV_7,2021-05-26,HV,2020-21,11,60.0,108.32176773889574,3,3,1,False
2021-05-26_HV_8,2021-05-26,HV,2020-21,12,60.0,135.09033366849832,3,3,1,False
2021-05-26_HV_9,2021-05-26,HV,2020-21,12,60.0,65.90516013685387,1,2,1,False
2021-05-30_ST_1,2021-05-30,ST,2020-21,14,60.0,121.1628237319052,1,2,1,False
2021-05-30_ST_10,2021-05-30,ST,2020-21,14,60.0,0.0,0,1,0,False
2021-05-30_ST_2,2021-05-30,ST,2020-21,14,60.0,129.35328563975938,1,2,1,False
2021-05-30_ST_3,2021-05-30,ST,2020-21,7,60.0,27.374506622141695,1,2,1,False
2021-05-30_ST_4,2021-05-30,ST,2020-21,14,60.0,119.27453226965288,1,2,1,False
2021-05-30_ST_5,2021-05-30,ST,2020-21,14,60.0,59.87698297362899,1,2,1,False
2021-05-30_ST_6,2021-05-30,ST,2020-21,14,60.0,0.0,0,0,0,False
2021-05-30_ST_7,2021-05-30,ST,2020-21,13,60.0,142.97423493742332,3,3,1,False
2021-05-30_ST_8,2021-05-30,ST,2020-21,14,60.0,0.0,0,1,0,False
2021-05-30_ST_9,2021-05-30,ST,2020-21,14,60.0,0.0,0,1,0,False
2021-06-02_HV_1,2021-06-02,HV,2020-21,12,60.0,67.59615134837408,1,2,1,False
2021-06-02_HV_2,2021-06-02,HV,2020-21,12,60.0,0.0,0,1,0,False
2021-06-02_HV_3,2021-06-02,HV,2020-21,12,60.0,30.79743245731489,1,2,1,False
2021-06-02_HV_4,2021-06-02,HV,2020-21,12,60.0,57.0928450329611,1,2,1,False
2021-06-02_HV_5,2021-06-02,HV,2020-21,12,60.0,45.71353082349836,1,2,1,False
2021-06-02_HV_6,2021-06-02,HV,2020-21,12,60.0,0.0,0,1,0,False
2021-06-02_HV_7,2021-06-02,HV,2020-21,11,60.0,65.6053889541152,1,2,1,False
2021-06-02_HV_8,2021-06-02,HV,2020-21,12,60.0,0.0,0,1,0,False
2021-06-02_HV_9,2021-06-02,HV,2020-21,12,60.0,64.9201682073519,1,2,1,False
2021-06-06_ST_1,2021-06-06,ST,2020-21,12,60.0,0.0,0,1,0,False
2021-06-06_ST_10,2021-06-06,ST,2020-21,14,60.0,146.75442547080982,1,2,1,False
2021-06-06_ST_2,2021-06-06,ST,2020-21,14,60.0,41.59516580238885,1,2,1,False
2021-06-06_ST_3,2021-06-06,ST,2020-21,9,60.0,90.29589354416419,3,3,1,False
2021-06-06_ST_4,2021-06-06,ST,2020-21,14,60.0,183.7071607278696,3,3,1,False
2021-06-06_ST_5,2021-06-06,ST,2020-21,14,60.0,0.0,0,1,0,False
2021-06-06_ST_6,2021-06-06,ST,2020-21,14,60.0,43.48307902959004,1,2,1,False
2021-06-06_ST_7,2021-06-06,ST,2020-21,12,60.0,23.473032851401022,1,2,1,False
2021-06-06_ST_8,2021-06-06,ST,2020-21,12,60.0,150.00294057794366,3,3,1,False
2021-06-06_ST_9,2021-06-06,ST,2020-21,14,60.0,71.61482982441899,1,2,1,False
2021-06-09_HV_1,2021-06-09,HV,2020-21,12,60.0,0.0,0,0,0,False
2021-06-09_HV_2,2021-06-09,HV,2020-21,12,60.0,0.0,0,1,0,False
2021-06-09_HV_3,2021-06-09,HV,2020-21,12,60.0,113.6716756774604,3,3,1,False
2021-06-09_HV_4,2021-06-09,HV,2020-21,12,60.0,263.04797436867324,3,3,1,False
2021-06-09_HV_5,2021-06-09,HV,2020-21,11,60.0,0.0,0,1,0,False
2021-06-09_HV_6,2021-06-09,HV,2020-21,12,60.0,30.54661184555022,1,2,1,False
2021-06-09_HV_7,2021-06-09,HV,2020-21,12,60.0,41.52881906153541,1,2,1,False
2021-06-09_HV_8,2021-06-09,HV,2020-21,12,60.0,109.56840921924908,1,2,1,False
2021-06-09_HV_9,2021-06-09,HV,2020-21,12,60.0,58.43212987174657,1,2,1,False
2021-06-13_ST_1,2021-06-13,ST,2020-21,8,60.0,99.72466388756547,3,3,1,False
2021-06-13_ST_10,2021-06-13,ST,2020-21,12,60.0,113.59305965671314,1,2,1,False
2021-06-13_ST_11,2021-06-13,ST,2020-21,14,60.0,43.198985233661425,1,2,1,False
2021-06-13_ST_2,2021-06-13,ST,2020-21,12,60.0,53.59120285064865,1,2,1,False
2021-06-13_ST_3,2021-06-13,ST,2020-21,11,60.0,0.0,0,0,0,False
2021-06-13_ST_4,2021-06-13,ST,2020-21,12,60.0,107.21400098194462,3,3,1,False
2021-06-13_ST_5,2021-06-13,ST,2020-21,12,60.0,0.0,0,0,0,False
2021-06-13_ST_6,2021-06-13,ST,2020-21,14,60.0,0.0,0,1,0,False
2021-06-13_ST_7,2021-06-13,ST,2020-21,14,60.0,48.77034215232087,1,2,1,False
2021-06-13_ST_8,2021-06-13,ST,2020-21,12,60.0,24.69829764546818,1,2,1,False
2021-06-13_ST_9,2021-06-13,ST,2020-21,12,60.0,0.0,0,0,0,False
2021-06-20_ST_1,2021-06-20,ST,2020-21,13,60.0,73.4288984194992,1,2,1,False
2021-06-20_ST_10,2021-06-20,ST,2020-21,14,60.0,68.09529674329613,1,2,1,False
2021-06-20_ST_2,2021-06-20,ST,2020-21,12,60.0,241.32818740605225,3,3,1,False
2021-06-20_ST_3,2021-06-20,ST,2020-21,14,60.0,50.20769868933164,1,2,1,False
2021-06-20_ST_4,2021-06-20,ST,2020-21,14,60.0,120.35476858423,1,2,1,False
2021-06-20_ST_5,2021-06-20,ST,2020-21,10,60.0,0.0,0,1,0,False
2021-06-20_ST_6,2021-06-20,ST,2020-21,14,60.0,60.895187920631145,1,2,1,False
2021-06-20_ST_7,2021-06-20,ST,2020-21,11,60.0,55.88416399444731,1,2,1,False
2021-06-20_ST_8,2021-06-20,ST,2020-21,14,60.0,24.74630904028599,1,2,1,False
2021-06-20_ST_9,2021-06-20,ST,2020-21,14,60.0,62.41573900680756,1,2,1,False
2021-06-23_HV_1,2021-06-23,HV,2020-21,12,60.0,48.46226557509924,1,2,1,False
2021-06-23_HV_2,2021-06-23,HV,2020-21,12,60.0,0.0,0,1,0,False
2021-06-23_HV_3,2021-06-23,HV,2020-21,12,60.0,0.0,0,1,0,False
2021-06-23_HV_4,2021-06-23,HV,2020-21,9,60.0,117.79327674845669,3,3,1,False
2021-06-23_HV_5,2021-06-23,HV,2020-21,12,60.0,169.83792104678858,3,3,1,False
2021-06-23_HV_6,2021-06-23,HV,2020-21,12,60.0,165.4244226870249,3,3,1,False
2021-06-23_HV_7,2021-06-23,HV,2020-21,12,60.0,0.0,0,1,0,False
2021-06-23_HV_8,2021-06-23,HV,2020-21,12,60.0,147.83606509006927,3,3,1,False
2021-06-23_HV_9,2021-06-23,HV,2020-21,12,60.0,29.02369311140308,1,2,1,False
2021-06-26_ST_1,2021-06-26,ST,2020-21,14,60.0,0.0,0,1,0,False
2021-06-26_ST_10,2021-06-26,ST,2020-21,13,60.0,125.379937764947,1,2,1,False
2021-06-26_ST_2,2021-06-26,ST,2020-21,14,60.0,17.910426653281277,1,2,1,False
2021-06-26_ST_3,2021-06-26,ST,2020-21,14,60.0,65.09050303875347,1,2,1,False
2021-06-26_ST_4,2021-06-26,ST,2020-21,14,60.0,227.2667695444208,3,3,1,False
2021-06-26_ST_5,2021-06-26,ST,2020-21,14,60.0,0.0,0,1,0,False
2021-06-26_ST_6,2021-06-26,ST,2020-21,14,60.0,46.777743020649375,1,2,1,False
2021-06-26_ST_7,2021-06-26,ST,2020-21,14,60.0,0.0,0,1,0,False
2021-06-26_ST_8,2021-06-26,ST,2020-21,14,60.0,149.06814835635578,3,3,1,False
2021-06-26_ST_9,2021-06-26,ST,2020-21,14,60.0,33.69415130741928,1,2,1,False
2021-07-01_ST_1,2021-07-01,ST,2020-21,14,60.0,0.0,0,1,0,False
2021-07-01_ST_10,2021-07-01,ST,2020-21,13,60.0,0.0,0,1,0,False
2021-07-01_ST_2,2021-07-01,ST,2020-21,11,60.0,47.432411448554944,1,2,1,False
2021-07-01_ST_3,2021-07-01,ST,2020-21,12,60.0,174.39360012037343,3,3,1,False
2021-07-01_ST_4,2021-07-01,ST,2020-21,14,60.0,20.299650715090785,1,2,1,False
2021-07-01_ST_5,2021-07-01,ST,2020-21,12,60.0,56.57304604133003,1,2,1,False
2021-07-01_ST_6,2021-07-01,ST,2020-21,14,60.0,257.18855766620175,3,3,1,False
2021-07-01_ST_7,2021-07-01,ST,2020-21,11,60.0,62.312323318559606,1,2,1,False
2021-07-01_ST_8,2021-07-01,ST,2020-21,14,60.0,0.0,0,1,0,False
2021-07-01_ST_9,2021-07-01,ST,2020-21,12,60.0,110.24962987751482,3,3,1,False
2021-07-04_ST_1,2021-07-04,ST,2020-21,9,60.0,17.573179407238175,1,2,1,False
2021-07-04_ST_10,2021-07-04,ST,2020-21,13,60.0,0.0,0,1,0,False
2021-07-04_ST_2,2021-07-04,ST,2020-21,12,60.0,0.0,0,0,0,False
2021-07-04_ST_3,2021-07-04,ST,2020-21,14,60.0,28.87148930627467,1,2,1,False
2021-07-04_ST_4,2021-07-04,ST,2020-21,12,60.0,47.004914115476964,1,2,1,False
2021-07-04_ST_5,2021-07-04,ST,2020-21,11,60.0,0.0,0,1,0,False
2021-07-04_ST_6,2021-07-04,ST,2020-21,14,60.0,39.57287078651249,1,2,1,False
2021-07-04_ST_7,2021-07-04,ST,2020-21,14,60.0,77.83133392600533,1,2,1,False
2021-07-04_ST_8,2021-07-04,ST,2020-21,11,60.0,0.0,0,1,0,False
2021-07-04_ST_9,2021-07-04,ST,2020-21,14,60.0,0.0,0,1,0,False
2021-07-07_HV_1,2021-07-07,HV,2020-21,12,60.0,49.40004553725523,1,2,1,False
2021-07-07_HV_2,2021-07-07,HV,2020-21,11,60.0,43.73892101493256,1,2,1,False
2021-07-07_HV_3,2021-07-07,HV,2020-21,12,60.0,45.783680576672296,1,2,1,False
2021-07-07_HV_4,2021-07-07,HV,2020-21,12,60.0,38.695178007633295,1,2,1,False
2021-07-07_HV_5,2021-07-07,HV,2020-21,12,60.0,57.28451291574784,1,2,1,False
2021-07-07_HV_6,2021-07-07,HV,2020-21,12,60.0,115.00462955115694,1,2,1,False
2021-07-07_HV_7,2021-07-07,HV,2020-21,12,60.0,0.0,0,1,0,False
2021-07-07_HV_8,2021-07-07,HV,2020-21,12,60.0,0.0,0,0,0,False
2021-07-07_HV_9,2021-07-07,HV,2020-21,12,60.0,53.20035581680863,1,2,1,False
2021-07-11_ST_1,2021-07-11,ST,2020-21,14,60.0,0.0,0,1,0,False
2021-07-11_ST_10,2021-07-11,ST,2020-21,13,60.0,132.79814969493248,3,3,1,False
2021-07-11_ST_11,2021-07-11,ST,2020-21,14,60.0,33.45083739195236,1,2,1,False
2021-07-11_ST_2,2021-07-11,ST,2020-21,13,60.0,170.5813933160125,3,3,1,False
2021-07-11_ST_3,2021-07-11,ST,2020-21,14,60.0,212.6463319596779,3,3,1,False
2021-07-11_ST_4,2021-07-11,ST,2020-21,13,60.0,0.0,0,1,0,False
2021-07-11_ST_5,2021-07-11,ST,2020-21,14,60.0,0.0,0,1,0,False
2021-07-11_ST_6,2021-07-11,ST,2020-21,14,60.0,194.0232382343251,3,3,1,False
2021-07-11_ST_7,2021-07-11,ST,2020-21,13,60.0,46.4337584794675,1,2,1,False
2021-07-11_ST_8,2021-07-11,ST,2020-21,11,60.0,0.0,0,1,0,False
2021-07-11_ST_9,2021-07-11,ST,2020-21,14,60.0,21.16585645773046,1,2,1,False
2021-07-14_HV_1,2021-07-14,HV,2020-21,12,60.0,70.31903811835318,1,2,1,False
2021-07-14_HV_2,2021-07-14,HV,2020-21,12,60.0,0.0,0,1,0,False
2021-07-14_HV_3,2021-07-14,HV,2020-21,12,60.0,174.2092809736934,3,3,1,False
2021-07-14_HV_4,2021-07-14,HV,2020-21,10,60.0,0.0,0,1,0,False
2021-07-14_HV_5,2021-07-14,HV,2020-21,12,60.0,74.4960109700328,1,2,1,False
2021-07-14_HV_6,2021-07-14,HV,2020-21,12,60.0,184.40895184390558,3,3,1,False
2021-07-14_HV_7,2021-07-14,HV,2020-21,12,60.0,134.63276719530586,1,2,1,False
2021-07-14_HV_8,2021-07-14,HV,2020-21,12,60.0,0.0,0,1,0,False
2021-07-14_HV_9,2021-07-14,HV,2020-21,12,60.0,0.0,0,1,0,False
2021-09-05_ST_1,2021-09-05,ST,2021-22,14,60.0,0.0,0,0,0,False
2021-09-05_ST_10,2021-09-05,ST,2021-22,13,60.0,43.80262818819096,1,2,1,False
2021-09-05_ST_2,2021-09-05,ST,2021-22,8,60.0,45.94454471996529,1,2,1,False
2021-09-05_ST_3,2021-09-05,ST,2021-22,12,60.0,21.539008107090584,1,2,1,False
2021-09-05_ST_4,2021-09-05,ST,2021-22,13,60.0,138.46029373070903,3,3,1,False
2021-09-05_ST_5,2021-09-05,ST,2021-22,14,60.0,91.80787453250737,1,2,1,False
2021-09-05_ST_6,2021-09-05,ST,2021-22,14,60.0,20.28353113570733,1,2,1,False
2021-09-05_ST_7,2021-09-05,ST,2021-22,11,60.0,0.0,0,1,0,False
2021-09-05_ST_8,2021-09-05,ST,2021-22,13,60.0,0.0,0,1,0,False
2021-09-05_ST_9,2021-09-05,ST,2021-22,13,60.0,28.044816205262745,1,2,1,False
2021-09-08_HV_1,2021-09-08,HV,2021-22,12,60.0,38.01132157174156,1,2,1,False
2021-09-08_HV_2,2021-09-08,HV,2021-22,12,60.0,35.257211769942494,1,2,1,False
2021-09-08_HV_3,2021-09-08,HV,2021-22,12,60.0,108.20629574204355,1,2,1,False
2021-09-08_HV_4,2021-09-08,HV,2021-22,12,60.0,225.90766149241693,3,3,1,False
2021-09-08_HV_5,2021-09-08,HV,2021-22,12,60.0,24.425947155582083,1,2,1,False
2021-09-08_HV_6,2021-09-08,HV,2021-22,10,60.0,40.08244006227821,1,2,1,False
2021-09-08_HV_7,2021-09-08,HV,2021-22,12,60.0,35.766305733563584,1,2,1,False
2021-09-08_HV_8,2021-09-08,HV,2021-22,11,60.0,0.0,0,1,0,False
2021-09-12_ST_1,2021-09-12,ST,2021-22,13,60.0,0.0,0,1,0,False
2021-09-12_ST_10,2021-09-12,ST,2021-22,14,60.0,66.47418652894082,1,2,1,False
2021-09-12_ST_2,2021-09-12,ST,2021-22,11,60.0,35.71264005816001,1,2,1,False
2021-09-12_ST_3,2021-09-12,ST,2021-22,11,60.0,156.41887744198036,3,3,1,False
2021-09-12_ST_4,2021-09-12,ST,2021-22,13,60.0,0.0,0,0,0,False
2021-09-12_ST_5,2021-09-12,ST,2021-22,12,60.0,131.9135388507475,3,3,1,False
2021-09-12_ST_6,2021-09-12,ST,2021-22,12,60.0,0.0,0,0,0,False
2021-09-12_ST_7,2021-09-12,ST,2021-22,14,60.0,0.0,0,0,0,False
2021-09-12_ST_8,2021-09-12,ST,2021-22,14,60.0,22.554893463784833,1,2,1,False
2021-09-12_ST_9,2021-09-12,ST,2021-22,11,60.0,247.52414736629467,3,3,1,False
2021-09-15_HV_1,2021-09-15,HV,2021-22,11,60.0,0.0,0,1,0,False
2021-09-15_HV_2,2021-09-15,HV,2021-22,9,60.0,0.0,0,1,0,False
2021-09-15_HV_3,2021-09-15,HV,2021-22,12,60.0,61.60497274777256,1,2,1,False
2021-09-15_HV_4,2021-09-15,HV,2021-22,12,60.0,0.0,0,1,0,False
2021-09-15_HV_5,2021-09-15,HV,2021-22,12,60.0,164.91949236141747,3,3,1,False
2021-09-15_HV_6,2021-09-15,HV,2021-22,12,60.0,161.36902874339552,3,3,1,False
2021-09-15_HV_7,2021-09-15,HV,2021-22,12,60.0,0.0,0,1,0,False
2021-09-15_HV_8,2021-09-15,HV,2021-22,12,60.0,0.0,0,0,0,False
2021-09-19_ST_1,2021-09-19,ST,2021-22,9,60.0,0.0,0,1,0,False
2021-09-19_ST_10,2021-09-19,ST,2021-22,11,60.0,35.964747640596876,1,2,1,False
2021-09-19_ST_2,2021-09-19,ST,2021-22,13,60.0,0.0,0,1,0,False
2021-09-19_ST_3,2021-09-19,ST,2021-22,11,60.0,81.00078402826537,1,2,1,False
2021-09-19_ST_4,2021-09-19,ST,2021-22,12,60.0,40.274848220359914,1,2,1,False
2021-09-19_ST_5,2021-09-19,ST,2021-22,11,60.0,59.74624563781562,1,2,1,False
2021-09-19_ST_6,2021-09-19,ST,2021-22,13,60.0,83.50153794564766,1,2,1,False
2021-09-19_ST_7,2021-09-19,ST,2021-22,10,60.0,0.0,0,1,0,False
2021-09-19_ST_8,2021-09-19,ST,2021-22,11,60.0,0.0,0,0,0,False
2021-09-19_ST_9,2021-09-19,ST,2021-22,12,60.0,37.13561190927496,1,2,1,False
2021-09-22_HV_1,2021-09-22,HV,2021-22,8,60.0,116.3307196067706,3,3,1,False
2021-09-22_HV_2,2021-09-22,HV,2021-22,10,60.0,99.70034485412697,3,3,1,False
2021-09-22_HV_3,2021-09-22,HV,2021-22,12,60.0,0.0,0,1,0,False
2021-09-22_HV_4,2021-09-22,HV,2021-22,11,60.0,39.96776684500552,1,2,1,False
2021-09-22_HV_5,2021-09-22,HV,2021-22,12,60.0,0.0,0,1,0,False
2021-09-22_HV_6,2021-09-22,HV,2021-22,10,60.0,142.06324020468395,3,3,1,False
2021-09-22_HV_7,2021-09-22,HV,2021-22,11,60.0,0.0,0,1,0,False
2021-09-22_HV_8,2021-09-22,HV,2021-22,12,60.0,42.8300654952923,1,2,1,False
2021-09-26_ST_1,2021-09-26,ST,2021-22,12,60.0,144.18472474983426,3,3,1,False
2021-09-26_ST_10,2021-09-26,ST,2021-22,12,60.0,42.09893777930081,1,2,1,False
2021-09-26_ST_2,2021-09-26,ST,2021-22,12,60.0,0.0,0,0,0,False
2021-09-26_ST_3,2021-09-26,ST,2021-22,12,60.0,37.198259002432266,1,2,1,False
2021-09-26_ST_4,2021-09-26,ST,2021-22,12,60.0,0.0,0,1,0,False
2021-09-26_ST_5,2021-09-26,ST,2021-22,12,60.0,45.844029947211475,1,2,1,False
2021-09-26_ST_6,2021-09-26,ST,2021-22,13,60.0,161.36777192122497,3,3,1,False
2021-09-26_ST_7,2021-09-26,ST,2021-22,9,60.0,24.061757351418255,1,2,1,False
2021-09-26_ST_8,2021-09-26,ST,2021-22,12,60.0,22.74578169426114,1,2,1,False
2021-09-26_ST_9,2021-09-26,ST,2021-22,13,60.0,41.72807322731162,1,2,1,False
2021-10-01_ST_1,2021-10-01,ST,2021-22,11,60.0,16.99906918784066,1,2,1,False
2021-10-01_ST_10,2021-10-01,ST,2021-22,13,60.0,41.56149756137267,1,2,1,False
2021-10-01_ST_2,2021-10-01,ST,2021-22,12,60.0,31.426117896910416,1,2,1,False
2021-10-01_ST_3,2021-10-01,ST,2021-22,10,60.0,0.0,0,1,0,False
2021-10-01_ST_4,2021-10-01,ST,2021-22,14,60.0,0.0,0,1,0,False
2021-10-01_ST_5,2021-10-01,ST,2021-22,10,60.0,17.230399114917596,1,2,1,False
2021-10-01_ST_6,2021-10-01,ST,2021-22,14,60.0,63.58664850489288,1,2,1,False
2021-10-01_ST_7,2021-10-01,ST,2021-22,10,60.0,0.0,0,1,0,False
2021-10-01_ST_8,2021-10-01,ST,2021-22,14,60.0,40.046525164676325,1,2,1,False
2021-10-01_ST_9,2021-10-01,ST,2021-22,14,60.0,166.01767537278056,3,3,1,False
2021-10-06_HV_1,2021-10-06,HV,2021-22,8,60.0,24.47210363523006,1,2,1,False
2021-10-06_HV_2,2021-10-06,HV,2021-22,12,60.0,0.0,0,1,0,False
2021-10-06_HV_3,2021-10-06,HV,2021-22,12,60.0,44.18458496848897,1,2,1,False
2021-10-06_HV_4,2021-10-06,HV,2021-22,9,60.0,0.0,0,1,0,False
2021-10-06_HV_5,2021-10-06,HV,2021-22,12,60.0,0.0,0,1,0,False
2021-10-06_HV_6,2021-10-06,HV,2021-22,12,60.0,0.0,0,1,0,False
2021-10-06_HV_7,2021-10-06,HV,2021-22,11,60.0,91.91299150823096,1,2,1,False
2021-10-06_HV_8,2021-10-06,HV,2021-22,12,60.0,158.21964097901247,3,3,1,False
2021-10-06_HV_9,2021-10-06,HV,2021-22,12,60.0,0.0,0,1,0,False
2021-10-10_ST_1,2021-10-10,ST,2021-22,12,60.0,0.0,0,0,0,False
2021-10-10_ST_10,2021-10-10,ST,2021-22,14,60.0,0.0,0,1,0,False
2021-10-10_ST_2,2021-10-10,ST,2021-22,14,60.0,46.20847862008723,1,2,1,False
2021-10-10_ST_3,2021-10-10,ST,2021-22,14,60.0,22.590392317077818,1,2,1,False
2021-10-10_ST_4,2021-10-10,ST,2021-22,14,60.0,47.85930321581446,1,2,1,False
2021-10-10_ST_5,2021-10-10,ST,2021-22,14,60.0,0.0,0,0,0,False
2021-10-10_ST_6,2021-10-10,ST,2021-22,14,60.0,245.7464229790724,3,3,1,False
2021-10-10_ST_7,2021-10-10,ST,2021-22,13,60.0,26.377297915612274,1,2,1,False
2021-10-10_ST_8,2021-10-10,ST,2021-22,12,60.0,0.0,0,1,0,False
2021-10-10_ST_9,2021-10-10,ST,2021-22,14,60.0,0.0,0,1,0,False
2021-10-17_ST_1,2021-10-17,ST,2021-22,11,60.0,116.99936388759919,1,2,1,False
2021-10-17_ST_10,2021-10-17,ST,2021-22,13,60.0,26.818521243853606,1,2,1,False
2021-10-17_ST_2,2021-10-17,ST,2021-22,14,60.0,73.56566739544208,1,2,1,False
2021-10-17_ST_3,2021-10-17,ST,2021-22,14,60.0,44.67334738880303,1,2,1,False
2021-10-17_ST_4,2021-10-17,ST,2021-22,14,60.0,74.48354145699024,1,2,1,False
2021-10-17_ST_5,2021-10-17,ST,2021-22,14,60.0,0.0,0,1,0,False
2021-10-17_ST_6,2021-10-17,ST,2021-22,12,60.0,146.44795923615862,1,2,1,False
2021-10-17_ST_7,2021-10-17,ST,2021-22,10,60.0,92.22974375818652,1,2,1,False
2021-10-17_ST_8,2021-10-17,ST,2021-22,12,60.0,61.21627337470708,1,2,1,False
2021-10-17_ST_9,2021-10-17,ST,2021-22,14,60.0,29.596970865032684,1,2,1,False
2021-10-20_HV_1,2021-10-20,HV,2021-22,12,60.0,240.88037637899794,3,3,1,False
2021-10-20_HV_2,2021-10-20,HV,2021-22,12,60.0,52.496179767712746,1,2,1,False
2021-10-20_HV_3,2021-10-20,HV,2021-22,11,60.0,51.819259986553185,1,2,1,False
2021-10-20_HV_4,2021-10-20,HV,2021-22,12,60.0,29.230288486395185,1,2,1,False
2021-10-20_HV_5,2021-10-20,HV,2021-22,12,60.0,23.178243238289745,1,2,1,False
2021-10-20_HV_6,2021-10-20,HV,2021-22,12,60.0,29.424198167363524,1,2,1,False
2021-10-20_HV_7,2021-10-20,HV,2021-22,12,60.0,183.8969036076274,3,3,1,False
2021-10-20_HV_8,2021-10-20,HV,2021-22,12,60.0,156.2205690478611,3,3,1,False
2021-10-20_HV_9,2021-10-20,HV,2021-22,12,60.0,149.33201980041906,3,3,1,False
2021-10-24_ST_1,2021-10-24,ST,2021-22,14,60.0,0.0,0,1,0,False
2021-10-24_ST_10,2021-10-24,ST,2021-22,13,60.0,45.75478812902693,1,2,1,False
2021-10-24_ST_2,2021-10-24,ST,2021-22,12,60.0,186.5216113875689,3,3,1,False
2021-10-24_ST_3,2021-10-24,ST,2021-22,14,60.0,62.151070501133155,1,2,1,False
2021-10-24_ST_4,2021-10-24,ST,2021-22,14,60.0,0.0,0,1,0,False
2021-10-24_ST_5,2021-10-24,ST,2021-22,14,60.0,49.550004770101026,1,2,1,False
2021-10-24_ST_6,2021-10-24,ST,2021-22,12,60.0,21.99376833315875,1,2,1,False
2021-10-24_ST_7,2021-10-24,ST,2021-22,14,60.0,55.67441822172038,1,2,1,False
2021-10-24_ST_8,2021-10-24,ST,2021-22,12,60.0,18.788203273104774,1,2,1,False
2021-10-24_ST_9,2021-10-24,ST,2021-22,12,60.0,29.180959951812017,1,2,1,False
2021-10-27_ST_1,2021-10-27,ST,2021-22,12,60.0,0.0,0,1,0,False
2021-10-27_ST_2,2021-10-27,ST,2021-22,8,60.0,55.63682667112445,1,2,1,False
2021-10-27_ST_3,2021-10-27,ST,2021-22,13,60.0,72.12104954076305,1,2,1,False
2021-10-27_ST_4,2021-10-27,ST,2021-22,12,60.0,0.0,0,1,0,False
2021-10-27_ST_5,2021-10-27,ST,2021-22,13,60.0,0.0,0,1,0,False
2021-10-27_ST_6,2021-10-27,ST,2021-22,12,60.0,0.0,0,0,0,False
2021-10-27_ST_7,2021-10-27,ST,2021-22,11,60.0,52.531362400696246,1,2,1,False
2021-10-27_ST_8,2021-10-27,ST,2021-22,11,60.0,0.0,0,1,0,False
2021-10-31_HV_1,2021-10-31,HV,2021-22,12,60.0,138.55314499957026,1,2,1,False
2021-10-31_HV_10,2021-10-31,HV,2021-22,12,60.0,88.47578566036043,1,2,1,False
2021-10-31_HV_2,2021-10-31,HV,2021-22,7,60.0,95.57861879505947,3,3,1,False
2021-10-31_HV_3,2021-10-31,HV,2021-22,12,60.0,0.0,0,1,0,False
2021-10-31_HV_4,2021-10-31,HV,2021-22,12,60.0,62.87175391309207,1,2,1,False
2021-10-31_HV_5,2021-10-31,HV,2021-22,11,60.0,57.07078458135179,1,2,1,False
2021-10-31_HV_6,2021-10-31,HV,2021-22,12,60.0,0.0,0,1,0,False
2021-10-31_HV_7,2021-10-31,HV,2021-22,9,60.0,41.66494967299969,1,2,1,False
2021-10-31_HV_8,2021-10-31,HV,2021-22,12,60.0,0.0,0,1,0,False
2021-10-31_HV_9,2021-10-31,HV,2021-22,12,60.0,46.58143359364128,1,2,1,False
2021-11-03_HV_1,2021-11-03,HV,2021-22,12,60.0,79.69450085900601,1,2,1,False
2021-11-03_HV_2,2021-11-03,HV,2021-22,12,60.0,0.0,0,1,0,False
2021-11-03_HV_3,2021-11-03,HV,2021-22,12,60.0,52.293840795463794,1,2,1,False
2021-11-03_HV_4,2021-11-03,HV,2021-22,11,60.0,31.226133109057066,1,2,1,False
2021-11-03_HV_5,2021-11-03,HV,2021-22,8,60.0,47.831960601348825,1,2,1,False
2021-11-03_HV_6,2021-11-03,HV,2021-22,12,60.0,27.623976106893238,1,2,1,False
2021-11-03_HV_7,2021-11-03,HV,2021-22,11,60.0,0.0,0,1,0,False
2021-11-03_HV_8,2021-11-03,HV,2021-22,12,60.0,37.146482035858824,1,2,1,False
2021-11-07_ST_1,2021-11-07,ST,2021-22,14,60.0,0.0,0,1,0,False
2021-11-07_ST_10,2021-11-07,ST,2021-22,14,60.0,0.0,0,1,0,False
2021-11-07_ST_2,2021-11-07,ST,2021-22,14,60.0,51.58773799995737,1,2,1,False
2021-11-07_ST_3,2021-11-07,ST,2021-22,14,60.0,0.0,0,1,0,False
2021-11-07_ST_4,2021-11-07,ST,2021-22,12,60.0,0.0,0,1,0,False
2021-11-07_ST_5,2021-11-07,ST,2021-22,14,60.0,91.53365120871186,1,2,1,False
2021-11-07_ST_6,2021-11-07,ST,2021-22,10,60.0,93.28052760721042,3,3,1,False
2021-11-07_ST_7,2021-11-07,ST,2021-22,8,60.0,0.0,0,1,0,False
2021-11-07_ST_8,2021-11-07,ST,2021-22,13,60.0,20.060379058060597,1,2,1,False
2021-11-07_ST_9,2021-11-07,ST,2021-22,10,60.0,168.22610235633573,3,3,1,False
2021-11-10_HV_1,2021-11-10,HV,2021-22,12,60.0,0.0,0,1,0,False
2021-11-10_HV_2,2021-11-10,HV,2021-22,12,60.0,24.65510317921762,1,2,1,False
2021-11-10_HV_3,2021-11-10,HV,2021-22,12,60.0,25.35651024190506,1,2,1,False
2021-11-10_HV_4,2021-11-10,HV,2021-22,9,60.0,25.696347129885986,1,2,1,False
2021-11-10_HV_5,2021-11-10,HV,2021-22,12,60.0,53.60378953205519,1,2,1,False
2021-11-10_HV_6,2021-11-10,HV,2021-22,9,60.0,0.0,0,1,0,False
2021-11-10_HV_7,2021-11-10,HV,2021-22,12,60.0,0.0,0,1,0,False
2021-11-10_HV_8,2021-11-10,HV,2021-22,11,60.0,64.54976901390516,1,2,1,False
2021-11-10_HV_9,2021-11-10,HV,2021-22,12,60.0,0.0,0,1,0,False
2021-11-13_ST_1,2021-11-13,ST,2021-22,14,60.0,242.61139599801567,3,3,1,False
2021-11-13_ST_10,2021-11-13,ST,2021-22,14,60.0,30.23151173527102,1,2,1,False
2021-11-13_ST_2,2021-11-13,ST,2021-22,11,60.0,0.0,0,0,0,False
2021-11-13_ST_3,2021-11-13,ST,2021-22,11,60.0,0.0,0,1,0,False
2021-11-13_ST_4,2021-11-13,ST,2021-22,14,60.0,0.0,0,0,0,False
2021-11-13_ST_5,2021-11-13,ST,2021-22,14,60.0,67.88560517871342,1,2,1,False
2021-11-13_ST_6,2021-11-13,ST,2021-22,14,60.0,0.0,0,0,0,False
2021-11-13_ST_7,2021-11-13,ST,2021-22,11,60.0,0.0,0,1,0,False
2021-11-13_ST_8,2021-11-13,ST,2021-22,12,60.0,0.0,0,1,0,False
2021-11-13_ST_9,2021-11-13,ST,2021-22,12,60.0,32.47619322339274,1,2,1,False
2021-11-17_HV_1,2021-11-17,HV,2021-22,12,60.0,114.32315737808797,1,2,1,False
2021-11-17_HV_2,2021-11-17,HV,2021-22,12,60.0,68.65567106371036,1,2,1,False
2021-11-17_HV_3,2021-11-17,HV,2021-22,12,60.0,0.0,0,1,0,False
2021-11-17_HV_4,2021-11-17,HV,2021-22,12,60.0,81.89383893491424,1,2,1,False
2021-11-17_HV_5,2021-11-17,HV,2021-22,12,60.0,174.52281205524648,3,3,1,False
2021-11-17_HV_6,2021-11-17,HV,2021-22,12,60.0,37.15626415356655,1,2,1,False
2021-11-17_HV_7,2021-11-17,HV,2021-22,11,60.0,154.02685634573217,3,3,1,False
2021-11-17_HV_8,2021-11-17,HV,2021-22,12,60.0,0.0,0,1,0,False
2021-11-17_HV_9,2021-11-17,HV,2021-22,12,60.0,0.0,0,1,0,False
2021-11-21_ST_1,2021-11-21,ST,2021-22,14,60.0,35.55698486962277,1,2,1,False
2021-11-21_ST_10,2021-11-21,ST,2021-22,14,60.0,34.537939814974855,1,2,1,False
2021-11-21_ST_2,2021-11-21,ST,2021-22,14,60.0,36.576692503184944,1,2,1,False
2021-11-21_ST_3,2021-11-21,ST,2021-22,8,60.0,152.10742450777718,3,3,1,False
2021-11-21_ST_4,2021-11-21,ST,2021-22,14,60.0,65.73468929858244,1,2,1,False
2021-11-21_ST_5,2021-11-21,ST,2021-22,14,60.0,58.957867591740914,1,2,1,False
2021-11-21_ST_6,2021-11-21,ST,2021-22,10,60.0,59.51218363021471,1,2,1,False
2021-11-21_ST_7,2021-11-21,ST,2021-22,7,60.0,141.2900263927986,3,3,1,False
2021-11-21_ST_8,2021-11-21,ST,2021-22,7,60.0,27.535047743455234,1,2,1,False
2021-11-21_ST_9,2021-11-21,ST,2021-22,11,60.0,70.80890231911985,1,2,1,False
2021-11-24_HV_1,2021-11-24,HV,2021-22,9,60.0,83.51592747508371,3,3,1,False
2021-11-24_HV_2,2021-11-24,HV,2021-22,12,60.0,50.682942268909464,1,2,1,False
2021-11-24_HV_3,2021-11-24,HV,2021-22,12,60.0,182.73925180089793,3,3,1,False
2021-11-24_HV_4,2021-11-24,HV,2021-22,12,60.0,174.65257218403428,3,3,1,False
2021-11-24_HV_5,2021-11-24,HV,2021-22,12,60.0,0.0,0,1,0,False
2021-11-24_HV_6,2021-11-24,HV,2021-22,11,60.0,118.45984027352496,3,3,1,False
2021-11-24_HV_7,2021-11-24,HV,2021-22,11,60.0,51.68698531557703,1,2,1,False
2021-11-24_HV_8,2021-11-24,HV,2021-22,12,60.0,37.13561190927496,1,2,1,False
2021-11-28_ST_1,2021-11-28,ST,2021-22,14,60.0,0.0,0,1,0,False
2021-11-28_ST_10,2021-11-28,ST,2021-22,14,60.0,20.500990468930215,1,2,1,False
2021-11-28_ST_2,2021-11-28,ST,2021-22,14,60.0,30.250090050327096,1,2,1,False
2021-11-28_ST_3,2021-11-28,ST,2021-22,12,60.0,253.97097923227432,3,3,1,False
2021-11-28_ST_4,2021-11-28,ST,2021-22,14,60.0,130.765328807227,1,2,1,False
2021-11-28_ST_5,2021-11-28,ST,2021-22,12,60.0,0.0,0,1,0,False
2021-11-28_ST_6,2021-11-28,ST,2021-22,14,60.0,54.27820079581653,1,2,1,False
2021-11-28_ST_7,2021-11-28,ST,2021-22,12,60.0,29.763138933933757,1,2,1,False
2021-11-28_ST_8,2021-11-28,ST,2021-22,13,60.0,105.63803009709869,3,3,1,False
2021-11-28_ST_9,2021-11-28,ST,2021-22,12,60.0,0.0,0,1,0,False
2021-12-01_HV_1,2021-12-01,HV,2021-22,7,60.0,82.71724511422046,3,3,1,False
2021-12-01_HV_2,2021-12-01,HV,2021-22,11,60.0,40.46769597302952,1,2,1,False
2021-12-01_HV_3,2021-12-01,HV,2021-22,11,60.0,0.0,0,1,0,False
2021-12-01_HV_4,2021-12-01,HV,2021-22,12,60.0,235.30221413082535,3,3,1,False
2021-12-01_HV_5,2021-12-01,HV,2021-22,12,60.0,0.0,0,1,0,False
2021-12-01_HV_6,2021-12-01,HV,2021-22,9,60.0,33.12811833674927,1,2,1,False
2021-12-01_HV_7,2021-12-01,HV,2021-22,12,60.0,52.13168030859272,1,2,1,False
2021-12-01_HV_8,2021-12-01,HV,2021-22,12,60.0,50.52304251697113,1,2,1,False
2021-12-01_HV_9,2021-12-01,HV,2021-22,12,60.0,41.57874019515069,1,2,1,False
2021-12-05_ST_1,2021-12-05,ST,2021-22,10,60.0,0.0,0,1,0,False
2021-12-05_ST_10,2021-12-05,ST,2021-22,14,60.0,0.0,0,1,0,False
2021-12-05_ST_2,2021-12-05,ST,2021-22,11,60.0,0.0,0,1,0,False
2021-12-05_ST_3,2021-12-05,ST,2021-22,12,60.0,68.52659000300477,1,2,1,False
2021-12-05_ST_4,2021-12-05,ST,2021-22,14,60.0,0.0,0,1,0,False
2021-12-05_ST_5,2021-12-05,ST,2021-22,12,60.0,0.0,0,0,0,False
2021-12-05_ST_6,2021-12-05,ST,2021-22,14,60.0,122.01868204533201,3,3,1,False
2021-12-05_ST_7,2021-12-05,ST,2021-22,9,60.0,0.0,0,1,0,False
2021-12-05_ST_8,2021-12-05,ST,2021-22,14,60.0,66.85292763365909,1,2,1,False
2021-12-05_ST_9,2021-12-05,ST,2021-22,14,60.0,138.95384666116428,3,3,1,False
2021-12-08_HV_1,2021-12-08,HV,2021-22,12,60.0,207.85405758119913,3,3,1,False
2021-12-08_HV_2,2021-12-08,HV,2021-22,12,60.0,30.54661184555022,1,2,1,False
2021-12-08_HV_3,2021-12-08,HV,2021-22,12,60.0,0.0,0,1,0,False
2021-12-08_HV_4,2021-12-08,HV,2021-22,12,60.0,127.93754452905748,3,3,1,False
2021-12-08_HV_5,2021-12-08,HV,2021-22,12,60.0,43.41973600624543,1,2,1,False
2021-12-08_HV_6,2021-12-08,HV,2021-22,12,60.0,0.0,0,1,0,False
2021-12-08_HV_7,2021-12-08,HV,2021-22,12,60.0,73.88958934616679,1,2,1,False
2021-12-08_HV_8,2021-12-08,HV,2021-22,11,60.0,295.5589887124212,3,3,1,False
2021-12-08_HV_9,2021-12-08,HV,2021-22,12,60.0,37.54919919666731,1,2,1,False
2021-12-12_ST_1,2021-12-12,ST,2021-22,8,60.0,0.0,0,1,0,False
2021-12-12_ST_10,2021-12-12,ST,2021-22,14,60.0,0.0,0,1,0,False
2021-12-12_ST_2,2021-12-12,ST,2021-22,14,60.0,26.7359422287532,1,2,1,False
2021-12-12_ST_3,2021-12-12,ST,2021-22,14,60.0,52.34833894843073,1,2,1,False
2021-12-12_ST_4,2021-12-12,ST,2021-22,8,60.0,158.97575806344634,3,3,1,False
2021-12-12_ST_5,2021-12-12,ST,2021-22,8,60.0,441.06107140196207,3,3,1,False
2021-12-12_ST_6,2021-12-12,ST,2021-22,11,60.0,17.00460440170563,1,2,1,False
2021-12-12_ST_7,2021-12-12,ST,2021-22,11,60.0,0.0,0,1,0,False
2021-12-12_ST_8,2021-12-12,ST,2021-22,12,60.0,33.79945108088738,1,2,1,False
2021-12-12_ST_9,2021-12-12,ST,2021-22,14,60.0,22.78260948588926,1,2,1,False
2021-12-15_HV_1,2021-12-15,HV,2021-22,12,60.0,149.6607539383329,3,3,1,False
2021-12-15_HV_2,2021-12-15,HV,2021-22,12,60.0,0.0,0,1,0,False
2021-12-15_HV_3,2021-12-15,HV,2021-22,12,60.0,0.0,0,1,0,False
2021-12-15_HV_4,2021-12-15,HV,2021-22,10,60.0,0.0,0,1,0,False
2021-12-15_HV_5,2021-12-15,HV,2021-22,12,60.0,161.2581945916141,3,3,1,False
2021-12-15_HV_6,2021-12-15,HV,2021-22,12,60.0,64.19694367887304,1,2,1,False
2021-12-15_HV_7,2021-12-15,HV,2021-22,12,60.0,0.0,0,1,0,False
2021-12-15_HV_8,2021-12-15,HV,2021-22,12,60.0,81.61427128176565,1,2,1,False
2021-12-18_ST_1,2021-12-18,ST,2021-22,12,60.0,0.0,0,1,0,False
2021-12-18_ST_10,2021-12-18,ST,2021-22,14,60.0,37.31377948705665,1,2,1,False
2021-12-18_ST_2,2021-12-18,ST,2021-22,12,60.0,45.844029947211475,1,2,1,False
2021-12-18_ST_3,2021-12-18,ST,2021-22,14,60.0,65.58368180060899,1,2,1,False
2021-12-18_ST_4,2021-12-18,ST,2021-22,12,60.0,67.93129220086196,1,2,1,False
2021-12-18_ST_5,2021-12-18,ST,2021-22,14,60.0,27.48878499688725,1,2,1,False
2021-12-18_ST_6,2021-12-18,ST,2021-22,12,60.0,50.813399344599134,1,2,1,False
2021-12-18_ST_7,2021-12-18,ST,2021-22,13,60.0,41.425874811798835,1,2,1,False
2021-12-18_ST_8,2021-12-18,ST,2021-22,14,60.0,0.0,0,1,0,False
2021-12-18_ST_9,2021-12-18,ST,2021-22,12,60.0,0.0,0,1,0,False
2021-12-22_HV_1,2021-12-22,HV,2021-22,12,60.0,26.837774499833902,1,2,1,False
2021-12-22_HV_2,2021-12-22,HV,2021-22,12,60.0,0.0,0,1,0,False
2021-12-22_HV_3,2021-12-22,HV,2021-22,12,60.0,0.0,0,1,0,False
2021-12-22_HV_4,2021-12-22,HV,2021-22,11,60.0,169.22183816082074,3,3,1,False
2021-12-22_HV_5,2021-12-22,HV,2021-22,12,60.0,193.47029060058273,3,3,1,False
2021-12-22_HV_6,2021-12-22,HV,2021-22,12,60.0,158.93893813112436,3,3,1,False
2021-12-22_HV_7,2021-12-22,HV,2021-22,12,60.0,112.42686615676993,3,3,1,False
2021-12-22_HV_8,2021-12-22,HV,2021-22,10,60.0,48.99205758774787,1,2,1,False
2021-12-22_HV_9,2021-12-22,HV,2021-22,12,60.0,54.4389914871149,1,2,1,False
2021-12-27_ST_1,2021-12-27,ST,2021-22,14,60.0,28.788133104383824,1,2,1,False
2021-12-27_ST_10,2021-12-27,ST,2021-22,14,60.0,30.455476374029242,1,2,1,False
2021-12-27_ST_2,2021-12-27,ST,2021-22,14,60.0,49.72472481356832,1,2,1,False
2021-12-27_ST_3,2021-12-27,ST,2021-22,9,60.0,0.0,0,1,0,False
2021-12-27_ST_4,2021-12-27,ST,2021-22,14,60.0,0.0,0,1,0,False
2021-12-27_ST_5,2021-12-27,ST,2021-22,14,60.0,127.65415412482017,3,3,1,False
2021-12-27_ST_6,2021-12-27,ST,2021-22,14,60.0,0.0,0,1,0,False
2021-12-27_ST_7,2021-12-27,ST,2021-22,14,60.0,59.74164611521645,1,2,1,False
2021-12-27_ST_8,2021-12-27,ST,2021-22,14,60.0,0.0,0,1,0,False
2021-12-27_ST_9,2021-12-27,ST,2021-22,14,60.0,38.642518107822966,1,2,1,False
2021-12-29_ST_1,2021-12-29,ST,2021-22,12,60.0,26.191322325050752,1,2,1,False
2021-12-29_ST_2,2021-12-29,ST,2021-22,7,60.0,0.0,0,1,0,False
2021-12-29_ST_3,2021-12-29,ST,2021-22,10,60.0,42.789486354934446,1,2,1,False
2021-12-29_ST_4,2021-12-29,ST,2021-22,14,60.0,0.0,0,1,0,False
2021-12-29_ST_5,2021-12-29,ST,2021-22,14,60.0,0.0,0,1,0,False
2021-12-29_ST_6,2021-12-29,ST,2021-22,12,60.0,39.95332368283122,1,2,1,False
2021-12-29_ST_7,2021-12-29,ST,2021-22,12,60.0,0.0,0,0,0,False
2021-12-29_ST_8,2021-12-29,ST,2021-22,12,60.0,196.8459633977218,3,3,1,False
2022-01-01_ST_1,2022-01-01,ST,2021-22,14,60.0,0.0,0,0,0,False
2022-01-01_ST_10,2022-01-01,ST,2021-22,11,60.0,152.85059431099336,3,3,1,False
2022-01-01_ST_11,2022-01-01,ST,2021-22,13,60.0,184.60791130582783,3,3,1,False
2022-01-01_ST_2,2022-01-01,ST,2021-22,14,60.0,42.722955841200154,1,2,1,False
2022-01-01_ST_3,2022-01-01,ST,2021-22,14,60.0,48.038746312175135,1,2,1,False
2022-01-01_ST_4,2022-01-01,ST,2021-22,7,60.0,26.004400804073178,1,2,1,False
2022-01-01_ST_5,2022-01-01,ST,2021-22,12,60.0,0.0,0,1,0,False
2022-01-01_ST_6,2022-01-01,ST,2021-22,13,60.0,57.39803367254349,1,2,1,False
2022-01-01_ST_7,2022-01-01,ST,2021-22,14,60.0,34.00395606424831,1,2,1,False
2022-01-01_ST_8,2022-01-01,ST,2021-22,8,60.0,108.94413828181489,3,3,1,False
2022-01-01_ST_9,2022-01-01,ST,2021-22,11,60.0,147.48196478042752,3,3,1,False
2022-01-05_HV_1,2022-01-05,HV,2021-22,12,60.0,45.12891344779901,1,2,1,False
2022-01-05_HV_2,2022-01-05,HV,2021-22,12,60.0,25.872285968094694,1,2,1,False
2022-01-05_HV_3,2022-01-05,HV,2021-22,11,60.0,111.53395198646166,3,3,1,False
2022-01-05_HV_4,2022-01-05,HV,2021-22,9,60.0,30.740879086157705,1,2,1,False
2022-01-05_HV_5,2022-01-05,HV,2021-22,12,60.0,49.98459171384457,1,2,1,False
2022-01-05_HV_6,2022-01-05,HV,2021-22,12,60.0,0.0,0,1,0,False
2022-01-05_HV_7,2022-01-05,HV,2021-22,10,60.0,37.89618250718581,1,2,1,False
2022-01-05_HV_8,2022-01-05,HV,2021-22,12,60.0,74.92050601117872,1,2,1,False
2022-01-05_HV_9,2022-01-05,HV,2021-22,12,60.0,0.0,0,1,0,False
2022-01-09_ST_1,2022-01-09,ST,2021-22,12,60.0,43.3735415441907,1,2,1,False
2022-01-09_ST_10,2022-01-09,ST,2021-22,13,60.0,0.0,0,1,0,False
2022-01-09_ST_2,2022-01-09,ST,2021-22,10,60.0,114.9866538142761,3,3,1,False
2022-01-09_ST_3,2022-01-09,ST,2021-22,9,60.0,152.90137035656284,3,3,1,False
2022-01-09_ST_4,2022-01-09,ST,2021-22,14,60.0,0.0,0,1,0,False
2022-01-09_ST_5,2022-01-09,ST,2021-22,14,60.0,22.23369045659965,1,2,1,False
2022-01-09_ST_6,2022-01-09,ST,2021-22,12,60.0,45.517344276870276,1,2,1,False
2022-01-09_ST_7,2022-01-09,ST,2021-22,9,60.0,206.95210339945635,3,3,1,False
2022-01-09_ST_8,2022-01-09,ST,2021-22,14,60.0,51.61053365954121,1,2,1,False
2022-01-09_ST_9,2022-01-09,ST,2021-22,14,60.0,62.574130685642125,1,2,1,False
2022-01-12_HV_1,2022-01-12,HV,2021-22,8,60.0,38.467266537571845,1,2,1,False
2022-01-12_HV_2,2022-01-12,HV,2021-22,12,60.0,0.0,0,0,0,False
2022-01-12_HV_3,2022-01-12,HV,2021-22,12,60.0,0.0,0,0,0,False
2022-01-12_HV_4,2022-01-12,HV,2021-22,12,60.0,28.238817049092187,1,2,1,False
2022-01-12_HV_5,2022-01-12,HV,2021-22,12,60.0,91.01456629934144,1,2,1,False
2022-01-12_HV_6,2022-01-12,HV,2021-22,11,60.0,0.0,0,1,0,False
2022-01-12_HV_7,2022-01-12,HV,2021-22,12,60.0,71.50510988139006,1,2,1,False
2022-01-12_HV_8,2022-01-12,HV,2021-22,12,60.0,27.80890860420969,1,2,1,False
2022-01-12_HV_9,2022-01-12,HV,2021-22,11,60.0,141.18731062136897,3,3,1,False
2022-01-16_ST_1,2022-01-16,ST,2021-22,14,60.0,195.3656642471741,3,3,1,False
2022-01-16_ST_10,2022-01-16,ST,2021-22,13,60.0,26.386958535574436,1,2,1,False
2022-01-16_ST_2,2022-01-16,ST,2021-22,12,60.0,149.84448721644165,3,3,1,False
2022-01-16_ST_3,2022-01-16,ST,2021-22,11,60.0,79.44569655842811,1,2,1,False
2022-01-16_ST_4,2022-01-16,ST,2021-22,11,60.0,0.0,0,1,0,False
2022-01-16_ST_5,2022-01-16,ST,2021-22,14,60.0,0.0,0,1,0,False
2022-01-16_ST_6,2022-01-16,ST,2021-22,14,60.0,0.0,0,1,0,False
2022-01-16_ST_7,2022-01-16,ST,2021-22,13,60.0,64.27725853290663,1,2,1,False
2022-01-16_ST_8,2022-01-16,ST,2021-22,13,60.0,16.25409393775442,1,2,1,False
2022-01-16_ST_9,2022-01-16,ST,2021-22,12,60.0,25.33930741570365,1,2,1,False
2022-01-19_HV_1,2022-01-19,HV,2021-22,12,60.0,0.0,0,1,0,False
2022-01-19_HV_2,2022-01-19,HV,2021-22,12,60.0,25.201965857833567,1,2,1,False
2022-01-19_HV_3,2022-01-19,HV,2021-22,12,60.0,37.0430031773215,1,2,1,False
2022-01-19_HV_4,2022-01-19,HV,2021-22,12,60.0,34.63635744784714,1,2,1,False
2022-01-19_HV_5,2022-01-19,HV,2021-22,12,60.0,33.90847895034748,1,2,1,False
2022-01-19_HV_6,2022-01-19,HV,2021-22,10,60.0,41.169518078638795,1,2,1,False
2022-01-19_HV_7,2022-01-19,HV,2021-22,11,60.0,28.256172515254953,1,2,1,False
2022-01-19_HV_8,2022-01-19,HV,2021-22,11,60.0,0.0,0,1,0,False
2022-01-19_HV_9,2022-01-19,HV,2021-22,12,60.0,111.1406450314317,1,2,1,False
2022-01-23_ST_1,2022-01-23,ST,2021-22,13,60.0,0.0,0,1,0,False
2022-01-23_ST_10,2022-01-23,ST,2021-22,14,60.0,49.31775262493409,1,2,1,False
2022-01-23_ST_2,2022-01-23,ST,2021-22,8,60.0,32.24519373467729,1,2,1,False
2022-01-23_ST_3,2022-01-23,ST,2021-22,8,60.0,56.53804901455425,1,2,1,False
2022-01-23_ST_4,2022-01-23,ST,2021-22,14,60.0,0.0,0,1,0,False
2022-01-23_ST_5,2022-01-23,ST,2021-22,11,60.0,76.87840663549548,1,2,1,False
2022-01-23_ST_6,2022-01-23,ST,2021-22,13,60.0,50.75426577111487,1,2,1,False
2022-01-23_ST_7,2022-01-23,ST,2021-22,7,60.0,17.569459117849462,1,2,1,False
2022-01-23_ST_8,2022-01-23,ST,2021-22,14,60.0,38.15369243345828,1,2,1,False
2022-01-23_ST_9,2022-01-23,ST,2021-22,14,60.0,51.69399274540186,1,2,1,False
2022-01-26_HV_1,2022-01-26,HV,2021-22,8,60.0,20.8665498204436,1,2,1,False
2022-01-26_HV_2,2022-01-26,HV,2021-22,12,60.0,24.100886958505896,1,2,1,False
2022-01-26_HV_3,2022-01-26,HV,2021-22,12,60.0,0.0,0,1,0,False
2022-01-26_HV_4,2022-01-26,HV,2021-22,10,60.0,92.04692239367417,1,2,1,False
2022-01-26_HV_5,2022-01-26,HV,2021-22,10,60.0,34.65143460846713,1,2,1,False
2022-01-26_HV_6,2022-01-26,HV,2021-22,11,60.0,39.281668224420876,1,2,1,False
2022-01-26_HV_7,2022-01-26,HV,2021-22,12,60.0,0.0,0,1,0,False
2022-01-26_HV_8,2022-01-26,HV,2021-22,12,60.0,61.218107926243164,1,2,1,False
2022-01-26_HV_9,2022-01-26,HV,2021-22,12,60.0,33.79945108088738,1,2,1,False
2022-01-30_ST_1,2022-01-30,ST,2021-22,14,60.0,39.509473993777206,1,2,1,False
2022-01-30_ST_10,2022-01-30,ST,2021-22,12,60.0,0.0,0,1,0,False
2022-01-30_ST_2,2022-01-30,ST,2021-22,12,60.0,123.0806113099553,3,3,1,False
2022-01-30_ST_3,2022-01-30,ST,2021-22,13,60.0,0.0,0,1,0,False
2022-01-30_ST_4,2022-01-30,ST,2021-22,14,60.0,0.0,0,1,0,False
2022-01-30_ST_5,2022-01-30,ST,2021-22,13,60.0,45.01810875579669,1,2,1,False
2022-01-30_ST_6,2022-01-30,ST,2021-22,11,60.0,25.576005303996023,1,2,1,False
2022-01-30_ST_7,2022-01-30,ST,2021-22,10,60.0,0.0,0,1,0,False
2022-01-30_ST_8,2022-01-30,ST,2021-22,13,60.0,114.5911067494522,3,3,1,False
2022-01-30_ST_9,2022-01-30,ST,2021-22,14,60.0,195.21220626657436,3,3,1,False
2022-02-03_ST_1,2022-02-03,ST,2021-22,13,60.0,0.0,0,1,0,False
2022-02-03_ST_10,2022-02-03,ST,2021-22,14,60.0,48.9082066236361,1,2,1,False
2022-02-03_ST_11,2022-02-03,ST,2021-22,13,60.0,106.4694473813316,1,2,1,False
2022-02-03_ST_2,2022-02-03,ST,2021-22,14,60.0,0.0,0,1,0,False
2022-02-03_ST_3,2022-02-03,ST,2021-22,14,60.0,160.91225956465692,3,3,1,False
2022-02-03_ST_4,2022-02-03,ST,2021-22,11,60.0,118.1030186896648,3,3,1,False
2022-02-03_ST_5,2022-02-03,ST,2021-22,14,60.0,121.70454829593257,3,3,1,False
2022-02-03_ST_6,2022-02-03,ST,2021-22,13,60.0,139.8177923850596,3,3,1,False
2022-02-03_ST_7,2022-02-03,ST,2021-22,14,60.0,40.46671069415013,1,2,1,False
2022-02-03_ST_8,2022-02-03,ST,2021-22,14,60.0,20.500990468930215,1,2,1,False
2022-02-03_ST_9,2022-02-03,ST,2021-22,14,60.0,27.798740200519607,1,2,1,False
2022-02-06_HV_1,2022-02-06,HV,2021-22,12,60.0,40.08019026194034,1,2,1,False
2022-02-06_HV_10,2022-02-06,HV,2021-22,12,60.0,141.25183075327448,3,3,1,False
2022-02-06_HV_2,2022-02-06,HV,2021-22,10,60.0,45.35311519651748,1,2,1,False
2022-02-06_HV_3,2022-02-06,HV,2021-22,12,60.0,30.161120084482533,1,2,1,False
2022-02-06_HV_4,2022-02-06,HV,2021-22,12,60.0,84.637311890906,3,3,1,False
2022-02-06_HV_5,2022-02-06,HV,2021-22,12,60.0,0.0,0,1,0,False
2022-02-06_HV_6,2022-02-06,HV,2021-22,12,60.0,0.0,0,1,0,False
2022-02-06_HV_7,2022-02-06,HV,2021-22,10,60.0,37.190813043810536,1,2,1,False
2022-02-06_HV_8,2022-02-06,HV,2021-22,12,60.0,34.814169494867976,1,2,1,False
2022-02-06_HV_9,2022-02-06,HV,2021-22,12,60.0,21.2476150017737,1,2,1,False
2022-02-09_HV_1,2022-02-09,HV,2021-22,7,60.0,85.42734646322577,3,3,1,False
2022-02-09_HV_2,2022-02-09,HV,2021-22,12,60.0,0.0,0,0,0,False
2022-02-09_HV_3,2022-02-09,HV,2021-22,12,60.0,0.0,0,1,0,False
2022-02-09_HV_4,2022-02-09,HV,2021-22,12,60.0,0.0,0,1,0,False
2022-02-09_HV_5,2022-02-09,HV,2021-22,12,60.0,21.2476150017737,1,2,1,False
2022-02-09_HV_6,2022-02-09,HV,2021-22,11,60.0,19.181426211555713,1,2,1,False
2022-02-09_HV_7,2022-02-09,HV,2021-22,12,60.0,28.73295291466828,1,2,1,False
2022-02-09_HV_8,2022-02-09,HV,2021-22,12,60.0,45.79413678500702,1,2,1,False
2022-02-09_HV_9,2022-02-09,HV,2021-22,12,60.0,0.0,0,1,0,False
2022-02-12_ST_1,2022-02-12,ST,2021-22,14,60.0,0.0,0,1,0,False
2022-02-12_ST_10,2022-02-12,ST,2021-22,12,60.0,0.0,0,1,0,False
2022-02-12_ST_2,2022-02-12,ST,2021-22,12,60.0,83.72623990709793,1,2,1,False
2022-02-12_ST_3,2022-02-12,ST,2021-22,12,60.0,294.9171928077293,3,3,1,False
2022-02-12_ST_4,2022-02-12,ST,2021-22,14,60.0,49.72472481356832,1,2,1,False
2022-02-12_ST_5,2022-02-12,ST,2021-22,13,60.0,0.0,0,0,0,False
2022-02-12_ST_6,2022-02-12,ST,2021-22,14,60.0,0.0,0,1,0,False
2022-02-12_ST_7,2022-02-12,ST,2021-22,11,60.0,57.75686791702113,1,2,1,False
2022-02-12_ST_8,2022-02-12,ST,2021-22,14,60.0,0.0,0,1,0,False
2022-02-12_ST_9,2022-02-12,ST,2021-22,12,60.0,182.91150880480234,3,3,1,False
2022-02-16_HV_1,2022-02-16,HV,2021-22,12,60.0,41.35608805324462,1,2,1,False
2022-02-16_HV_2,2022-02-16,HV,2021-22,9,60.0,92.13367615079434,1,2,1,False
2022-02-16_HV_3,2022-02-16,HV,2021-22,12,60.0,44.42854883092698,1,2,1,False
2022-02-16_HV_4,2022-02-16,HV,2021-22,10,60.0,0.0,0,1,0,False
2022-02-16_HV_5,2022-02-16,HV,2021-22,12,60.0,0.0,0,1,0,False
2022-02-16_HV_6,2022-02-16,HV,2021-22,12,60.0,171.1098005595026,3,3,1,False
2022-02-16_HV_7,2022-02-16,HV,2021-22,12,60.0,32.499385966033145,1,2,1,False
2022-02-16_HV_8,2022-02-16,HV,2021-22,10,60.0,136.7388643524483,3,3,1,False
2022-02-16_HV_9,2022-02-16,HV,2021-22,10,60.0,48.750765950108075,1,2,1,False
2022-02-20_ST_1,2022-02-20,ST,2021-22,7,60.0,91.23557957579375,3,3,1,False
2022-02-20_ST_10,2022-02-20,ST,2021-22,14,60.0,195.71737338248855,3,3,1,False
2022-02-20_ST_2,2022-02-20,ST,2021-22,14,60.0,75.9303465537517,1,2,1,False
2022-02-20_ST_3,2022-02-20,ST,2021-22,8,60.0,32.43460590162863,1,2,1,False
2022-02-20_ST_4,2022-02-20,ST,2021-22,13,60.0,0.0,0,1,0,False
2022-02-20_ST_5,2022-02-20,ST,2021-22,14,60.0,32.1962392277505,1,2,1,False
2022-02-20_ST_6,2022-02-20,ST,2021-22,14,60.0,91.05915214966109,1,2,1,False
2022-02-20_ST_7,2022-02-20,ST,2021-22,13,60.0,61.408142712967184,1,2,1,False
2022-02-20_ST_8,2022-02-20,ST,2021-22,9,60.0,15.998930954448191,1,2,1,False
2022-02-20_ST_9,2022-02-20,ST,2021-22,14,60.0,0.0,0,0,0,False
2022-02-23_HV_1,2022-02-23,HV,2021-22,11,60.0,22.10940727425753,1,2,1,False
2022-02-23_HV_2,2022-02-23,HV,2021-22,9,60.0,117.58276087653303,3,3,1,False
2022-02-23_HV_3,2022-02-23,HV,2021-22,12,60.0,57.301778313930996,1,2,1,False
2022-02-23_HV_4,2022-02-23,HV,2021-22,12,60.0,103.51305652986036,1,2,1,False
2022-02-23_HV_5,2022-02-23,HV,2021-22,12,60.0,0.0,0,1,0,False
2022-02-23_HV_6,2022-02-23,HV,2021-22,12,60.0,201.37548731041826,3,3,1,False
2022-02-23_HV_7,2022-02-23,HV,2021-22,12,60.0,22.376718679233637,1,2,1,False
2022-02-23_HV_8,2022-02-23,HV,2021-22,12,60.0,31.70330437162628,1,2,1,False
2022-02-23_HV_9,2022-02-23,HV,2021-22,11,60.0,38.89158251760737,1,2,1,False
2022-02-27_ST_1,2022-02-27,ST,2021-22,14,60.0,53.69595676648797,1,2,1,False
2022-02-27_ST_10,2022-02-27,ST,2021-22,14,60.0,105.09188427316631,1,2,1,False
2022-02-27_ST_2,2022-02-27,ST,2021-22,12,60.0,0.0,0,1,0,False
2022-02-27_ST_3,2022-02-27,ST,2021-22,12,60.0,101.37765185800453,1,2,1,False
2022-02-27_ST_4,2022-02-27,ST,2021-22,14,60.0,0.0,0,1,0,False
2022-02-27_ST_5,2022-02-27,ST,2021-22,12,60.0,27.80890860420969,1,2,1,False
2022-02-27_ST_6,2022-02-27,ST,2021-22,14,60.0,0.0,0,1,0,False
2022-02-27_ST_7,2022-02-27,ST,2021-22,13,60.0,125.09837003450596,3,3,1,False
2022-02-27_ST_8,2022-02-27,ST,2021-22,14,60.0,0.0,0,1,0,False
2022-02-27_ST_9,2022-02-27,ST,2021-22,14,60.0,0.0,0,1,0,False
2022-03-02_HV_1,2022-03-02,HV,2021-22,8,60.0,0.0,0,1,0,False
2022-03-02_HV_2,2022-03-02,HV,2021-22,12,60.0,49.19348309530587,1,2,1,False
2022-03-02_HV_3,2022-03-02,HV,2021-22,9,60.0,17.026689932016723,1,2,1,False
2022-03-02_HV_4,2022-03-02,HV,2021-22,12,60.0,0.0,0,1,0,False
2022-03-02_HV_5,2022-03-02,HV,2021-22,12,60.0,0.0,0,1,0,False
2022-03-02_HV_6,2022-03-02,HV,2021-22,11,60.0,41.15428015782429,1,2,1,False
2022-03-02_HV_7,2022-03-02,HV,2021-22,12,60.0,0.0,0,1,0,False
2022-03-02_HV_8,2022-03-02,HV,2021-22,12,60.0,37.240515771509145,1,2,1,False
2022-03-02_HV_9,2022-03-02,HV,2021-22,12,60.0,16.27667207899825,1,2,1,False
2022-03-06_ST_10,2022-03-06,ST,2021-22,14,60.0,147.74454051453512,3,3,1,False
2022-03-06_ST_3,2022-03-06,ST,2021-22,13,60.0,0.0,0,1,0,False
2022-03-06_ST_4,2022-03-06,ST,2021-22,12,60.0,33.573940543148204,1,2,1,False
2022-03-06_ST_5,2022-03-06,ST,2021-22,12,60.0,0.0,0,0,0,False
2022-03-06_ST_6,2022-03-06,ST,2021-22,14,60.0,196.26065557920876,3,3,1,False
2022-03-06_ST_7,2022-03-06,ST,2021-22,14,60.0,44.08383448238,1,2,1,False
2022-03-06_ST_8,2022-03-06,ST,2021-22,12,60.0,193.39519701222025,3,3,1,False
2022-03-06_ST_9,2022-03-06,ST,2021-22,12,60.0,19.358385701808476,1,2,1,False
2022-03-09_HV_1,2022-03-09,HV,2021-22,12,60.0,44.22075067204784,1,2,1,False
2022-03-09_HV_2,2022-03-09,HV,2021-22,11,60.0,39.8231694454715,1,2,1,False
2022-03-09_HV_3,2022-03-09,HV,2021-22,12,60.0,55.825149783110675,1,2,1,False
2022-03-09_HV_4,2022-03-09,HV,2021-22,10,60.0,135.62205625633763,3,3,1,False
2022-03-09_HV_5,2022-03-09,HV,2021-22,12,60.0,0.0,0,1,0,False
2022-03-09_HV_6,2022-03-09,HV,2021-22,12,60.0,194.58930450468634,3,3,1,False
2022-03-09_HV_7,2022-03-09,HV,2021-22,12,60.0,79.30505024926094,3,3,1,False
2022-03-09_HV_8,2022-03-09,HV,2021-22,12,60.0,113.89808359399672,3,3,1,False
2022-03-09_HV_9,2022-03-09,HV,2021-22,12,60.0,0.0,0,1,0,False
2022-03-12_ST_10,2022-03-12,ST,2021-22,14,60.0,0.0,0,1,0,False
2022-03-12_ST_2,2022-03-12,ST,2021-22,14,60.0,0.0,0,1,0,False
2022-03-12_ST_3,2022-03-12,ST,2021-22,12,60.0,21.757648520718888,1,2,1,False
2022-03-12_ST_4,2022-03-12,ST,2021-22,14,60.0,0.0,0,1,0,False
2022-03-12_ST_5,2022-03-12,ST,2021-22,14,60.0,38.137948848638835,1,2,1,False
2022-03-12_ST_6,2022-03-12,ST,2021-22,12,60.0,86.47005269215279,1,2,1,False
2022-03-12_ST_7,2022-03-12,ST,2021-22,10,60.0,29.154316079883007,1,2,1,False
2022-03-12_ST_8,2022-03-12,ST,2021-22,14,60.0,0.0,0,1,0,False
2022-03-12_ST_9,2022-03-12,ST,2021-22,11,60.0,34.34032194330766,1,2,1,False
2022-03-16_HV_1,2022-03-16,HV,2021-22,12,60.0,36.8985784545759,1,2,1,False
2022-03-16_HV_2,2022-03-16,HV,2021-22,12,60.0,43.83012658259057,1,2,1,False
2022-03-16_HV_3,2022-03-16,HV,2021-22,10,60.0,195.03626468582326,3,3,1,False
2022-03-16_HV_4,2022-03-16,HV,2021-22,12,60.0,46.63575862893651,1,2,1,False
2022-03-16_HV_5,2022-03-16,HV,2021-22,12,60.0,58.5326317606742,1,2,1,False
2022-03-16_HV_6,2022-03-16,HV,2021-22,12,60.0,157.11322489581565,3,3,1,False
2022-03-16_HV_7,2022-03-16,HV,2021-22,10,60.0,23.607396188627483,1,2,1,False
2022-03-16_HV_8,2022-03-16,HV,2021-22,11,60.0,41.72991932140611,1,2,1,False
2022-03-16_HV_9,2022-03-16,HV,2021-22,10,60.0,64.6411687013277,1,2,1,False
2022-03-20_ST_1,2022-03-20,ST,2021-22,14,60.0,178.85163600667516,3,3,1,False
2022-03-20_ST_10,2022-03-20,ST,2021-22,14,60.0,37.507087004500015,1,2,1,False
2022-03-20_ST_2,2022-03-20,ST,2021-22,14,60.0,117.4143646856526,1,2,1,False
2022-03-20_ST_3,2022-03-20,ST,2021-22,14,60.0,60.944765786470526,1,2,1,False
2022-03-20_ST_4,2022-03-20,ST,2021-22,14,60.0,55.060399422615966,1,2,1,False
2022-03-20_ST_5,2022-03-20,ST,2021-22,14,60.0,0.0,0,1,0,False
2022-03-20_ST_6,2022-03-20,ST,2021-22,13,60.0,0.0,0,1,0,False
2022-03-20_ST_7,2022-03-20,ST,2021-22,10,60.0,16.178621351408204,1,2,1,False
2022-03-20_ST_8,2022-03-20,ST,2021-22,14,60.0,22.67152011919059,1,2,1,False
2022-03-20_ST_9,2022-03-20,ST,2021-22,14,60.0,41.98441930014694,1,2,1,False
2022-03-23_HV_1,2022-03-23,HV,2021-22,12,60.0,0.0,0,1,0,False
2022-03-23_HV_2,2022-03-23,HV,2021-22,12,60.0,59.34263772310743,1,2,1,False
2022-03-23_HV_3,2022-03-23,HV,2021-22,11,60.0,108.60399147082855,1,2,1,False
2022-03-23_HV_4,2022-03-23,HV,2021-22,12,60.0,0.0,0,0,0,False
2022-03-23_HV_5,2022-03-23,HV,2021-22,11,60.0,0.0,0,1,0,False
2022-03-23_HV_6,2022-03-23,HV,2021-22,12,60.0,82.46367808043298,1,2,1,False
2022-03-23_HV_7,2022-03-23,HV,2021-22,12,60.0,38.605981395217455,1,2,1,False
2022-03-23_HV_8,2022-03-23,HV,2021-22,12,60.0,20.86687569878919,1,2,1,False
2022-03-23_HV_9,2022-03-23,HV,2021-22,12,60.0,31.91625015937991,1,2,1,False
2022-03-27_ST_1,2022-03-27,ST,2021-22,7,60.0,16.65936731740469,1,2,1,False
2022-03-27_ST_10,2022-03-27,ST,2021-22,11,60.0,0.0,0,1,0,False
2022-03-27_ST_2,2022-03-27,ST,2021-22,14,60.0,100.14974637139551,1,2,1,False
2022-03-27_ST_3,2022-03-27,ST,2021-22,7,60.0,166.88539628720378,3,3,1,False
2022-03-27_ST_4,2022-03-27,ST,2021-22,13,60.0,33.931602101772505,1,2,1,False
2022-03-27_ST_5,2022-03-27,ST,2021-22,10,60.0,39.275405428852984,1,2,1,False
2022-03-27_ST_6,2022-03-27,ST,2021-22,14,60.0,78.1909005643082,1,2,1,False
2022-03-27_ST_7,2022-03-27,ST,2021-22,9,60.0,270.04884776593735,6,4,1,False
2022-03-27_ST_8,2022-03-27,ST,2021-22,14,60.0,0.0,0,1,0,False
2022-03-27_ST_9,2022-03-27,ST,2021-22,14,60.0,47.76173682554262,1,2,1,False
2022-03-30_ST_1,2022-03-30,ST,2021-22,9,60.0,128.71689160039753,3,3,1,False
2022-03-30_ST_2,2022-03-30,ST,2021-22,13,60.0,39.4034246983717,1,2,1,False
2022-03-30_ST_3,2022-03-30,ST,2021-22,12,60.0,190.5255507361309,3,3,1,False
2022-03-30_ST_4,2022-03-30,ST,2021-22,12,60.0,0.0,0,1,0,False
2022-03-30_ST_5,2022-03-30,ST,2021-22,9,60.0,0.0,0,1,0,False
2022-03-30_ST_6,2022-03-30,ST,2021-22,12,60.0,0.0,0,1,0,False
2022-03-30_ST_7,2022-03-30,ST,2021-22,14,60.0,58.41526616551985,1,2,1,False
2022-03-30_ST_8,2022-03-30,ST,2021-22,12,60.0,198.3509440186873,3,3,1,False
2022-04-03_ST_1,2022-04-03,ST,2021-22,14,60.0,56.68325975362789,1,2,1,False
2022-04-03_ST_10,2022-04-03,ST,2021-22,11,60.0,53.26964021065456,1,2,1,False
2022-04-03_ST_2,2022-04-03,ST,2021-22,14,60.0,0.0,0,0,0,False
2022-04-03_ST_3,2022-04-03,ST,2021-22,9,60.0,29.082454208545393,1,2,1,False
2022-04-03_ST_4,2022-04-03,ST,2021-22,10,60.0,38.91249790266805,1,2,1,False
2022-04-03_ST_5,2022-04-03,ST,2021-22,14,60.0,54.15099737604863,1,2,1,False
2022-04-03_ST_6,2022-04-03,ST,2021-22,12,60.0,0.0,0,1,0,False
2022-04-03_ST_7,2022-04-03,ST,2021-22,9,60.0,36.76346471887283,1,2,1,False
2022-04-03_ST_8,2022-04-03,ST,2021-22,14,60.0,0.0,0,0,0,False
2022-04-03_ST_9,2022-04-03,ST,2021-22,12,60.0,22.63676241385274,1,2,1,False
2022-04-06_HV_1,2022-04-06,HV,2021-22,7,60.0,17.255085477202314,1,2,1,False
2022-04-06_HV_2,2022-04-06,HV,2021-22,10,60.0,29.88102251063341,1,2,1,False
2022-04-06_HV_3,2022-04-06,HV,2021-22,12,60.0,0.0,0,1,0,False
2022-04-06_HV_4,2022-04-06,HV,2021-22,7,60.0,18.050628811103458,1,2,1,False
2022-04-06_HV_5,2022-04-06,HV,2021-22,12,60.0,0.0,0,0,0,False
2022-04-06_HV_6,2022-04-06,HV,2021-22,9,60.0,42.29613308797878,1,2,1,False
2022-04-06_HV_7,2022-04-06,HV,2021-22,12,60.0,27.48710847546533,1,2,1,False
2022-04-06_HV_8,2022-04-06,HV,2021-22,12,60.0,47.690371275726,1,2,1,False
2022-04-06_HV_9,2022-04-06,HV,2021-22,12,60.0,28.208799716738362,1,2,1,False
2022-04-10_ST_1,2022-04-10,ST,2021-22,12,60.0,224.9293818434777,3,3,1,False
2022-04-10_ST_10,2022-04-10,ST,2021-22,13,60.0,82.16121163835378,1,2,1,False
2022-04-10_ST_2,2022-04-10,ST,2021-22,12,60.0,180.80649293604432,3,3,1,False
2022-04-10_ST_3,2022-04-10,ST,2021-22,12,60.0,0.0,0,1,0,False
2022-04-10_ST_4,2022-04-10,ST,2021-22,14,60.0,43.686261245259125,1,2,1,False
2022-04-10_ST_5,2022-04-10,ST,2021-22,14,60.0,39.79573152049677,1,2,1,False
2022-04-10_ST_6,2022-04-10,ST,2021-22,14,60.0,123.63102216140713,3,3,1,False
2022-04-10_ST_7,2022-04-10,ST,2021-22,9,60.0,112.85114434295247,3,3,1,False
2022-04-10_ST_8,2022-04-10,ST,2021-22,14,60.0,36.21695025151146,1,2,1,False
2022-04-10_ST_9,2022-04-10,ST,2021-22,12,60.0,155.85245265903905,3,3,1,False
2022-04-13_HV_1,2022-04-13,HV,2021-22,12,60.0,29.142239808250828,1,2,1,False
2022-04-13_HV_2,2022-04-13,HV,2021-22,12,60.0,157.05352441483538,3,3,1,False
2022-04-13_HV_3,2022-04-13,HV,2021-22,12,60.0,0.0,0,0,0,False
2022-04-13_HV_4,2022-04-13,HV,2021-22,12,60.0,0.0,0,1,0,False
2022-04-13_HV_5,2022-04-13,HV,2021-22,12,60.0,0.0,0,1,0,False
2022-04-13_HV_6,2022-04-13,HV,2021-22,12,60.0,90.35048513746626,1,2,1,False
2022-04-13_HV_7,2022-04-13,HV,2021-22,12,60.0,0.0,0,1,0,False
2022-04-13_HV_8,2022-04-13,HV,2021-22,12,60.0,0.0,0,1,0,False
2022-04-13_HV_9,2022-04-13,HV,2021-22,12,60.0,26.3284937266255,1,2,1,False
2022-04-16_ST_1,2022-04-16,ST,2021-22,14,60.0,36.35125800903052,1,2,1,False
2022-04-16_ST_10,2022-04-16,ST,2021-22,13,60.0,38.67217360804994,1,2,1,False
2022-04-16_ST_2,2022-04-16,ST,2021-22,12,60.0,0.0,0,1,0,False
2022-04-16_ST_3,2022-04-16,ST,2021-22,13,60.0,0.0,0,1,0,False
2022-04-16_ST_4,2022-04-16,ST,2021-22,12,60.0,0.0,0,1,0,False
2022-04-16_ST_5,2022-04-16,ST,2021-22,14,60.0,0.0,0,1,0,False
2022-04-16_ST_6,2022-04-16,ST,2021-22,11,60.0,129.46717963599764,3,3,1,False
2022-04-16_ST_7,2022-04-16,ST,2021-22,10,60.0,14.079686050683751,1,2,1,False
2022-04-16_ST_8,2022-04-16,ST,2021-22,13,60.0,42.49339695931225,1,2,1,False
2022-04-16_ST_9,2022-04-16,ST,2021-22,12,60.0,0.0,0,1,0,False
2022-04-20_HV_1,2022-04-20,HV,2021-22,12,60.0,0.0,0,1,0,False
2022-04-20_HV_2,2022-04-20,HV,2021-22,12,60.0,0.0,0,1,0,False
2022-04-20_HV_3,2022-04-20,HV,2021-22,10,60.0,129.1322751900155,3,3,1,False
2022-04-20_HV_4,2022-04-20,HV,2021-22,12,60.0,50.64312030081881,1,2,1,False
2022-04-20_HV_5,2022-04-20,HV,2021-22,12,60.0,0.0,0,1,0,False
2022-04-20_HV_6,2022-04-20,HV,2021-22,11,60.0,0.0,0,1,0,False
2022-04-20_HV_7,2022-04-20,HV,2021-22,10,60.0,0.0,0,1,0,False
2022-04-20_HV_8,2022-04-20,HV,2021-22,11,60.0,178.40630752877286,3,3,1,False
2022-04-20_HV_9,2022-04-20,HV,2021-22,11,60.0,0.0,0,1,0,False
2022-04-24_ST_1,2022-04-24,ST,2021-22,14,60.0,0.0,0,0,0,False
2022-04-24_ST_10,2022-04-24,ST,2021-22,14,60.0,0.0,0,1,0,False
2022-04-24_ST_11,2022-04-24,ST,2021-22,13,60.0,32.84382579739055,1,2,1,False
2022-04-24_ST_2,2022-04-24,ST,2021-22,13,60.0,116.28688618976295,3,3,1,False
2022-04-24_ST_3,2022-04-24,ST,2021-22,11,60.0,59.533188417283235,1,2,1,False
2022-04-24_ST_4,2022-04-24,ST,2021-22,14,60.0,53.10616391331743,1,2,1,False
2022-04-24_ST_5,2022-04-24,ST,2021-22,11,60.0,160.66893798242515,3,3,1,False
2022-04-24_ST_6,2022-04-24,ST,2021-22,10,60.0,34.9678212751324,1,2,1,False
2022-04-24_ST_7,2022-04-24,ST,2021-22,14,60.0,32.84823427377754,1,2,1,False
2022-04-24_ST_8,2022-04-24,ST,2021-22,8,60.0,210.2178940921433,3,3,1,False
2022-04-24_ST_9,2022-04-24,ST,2021-22,10,60.0,0.0,0,1,0,False
2022-04-27_HV_1,2022-04-27,HV,2021-22,7,60.0,80.97277885316694,3,3,1,False
2022-04-27_HV_2,2022-04-27,HV,2021-22,12,60.0,0.0,0,1,0,False
2022-04-27_HV_3,2022-04-27,HV,2021-22,12,60.0,0.0,0,1,0,False
2022-04-27_HV_4,2022-04-27,HV,2021-22,12,60.0,0.0,0,1,0,False
2022-04-27_HV_5,2022-04-27,HV,2021-22,12,60.0,43.77795597349286,1,2,1,False
2022-04-27_HV_6,2022-04-27,HV,2021-22,12,60.0,99.48007438477671,3,3,1,False
2022-04-27_HV_7,2022-04-27,HV,2021-22,11,60.0,121.08954108760214,3,3,1,False
2022-04-27_HV_8,2022-04-27,HV,2021-22,11,60.0,42.047002981421805,1,2,1,False
2022-04-27_HV_9,2022-04-27,HV,2021-22,12,60.0,17.47929461362586,1,2,1,False
2022-05-01_ST_1,2022-05-01,ST,2021-22,7,60.0,141.0999013276139,3,3,1,False
2022-05-01_ST_10,2022-05-01,ST,2021-22,11,60.0,15.619347113528566,1,2,1,False
2022-05-01_ST_11,2022-05-01,ST,2021-22,12,60.0,165.74898215347523,3,3,1,False
2022-05-01_ST_2,2022-05-01,ST,2021-22,14,60.0,66.99295558927662,1,2,1,False
2022-05-01_ST_4,2022-05-01,ST,2021-22,9,60.0,80.81508962366172,3,3,1,False
2022-05-01_ST_5,2022-05-01,ST,2021-22,13,60.0,25.363918899081238,1,2,1,False
2022-05-01_ST_6,2022-05-01,ST,2021-22,14,60.0,45.33470710788258,1,2,1,False
2022-05-01_ST_7,2022-05-01,ST,2021-22,12,60.0,67.5767119653704,1,2,1,False
2022-05-01_ST_8,2022-05-01,ST,2021-22,12,60.0,0.0,0,0,0,False
2022-05-01_ST_9,2022-05-01,ST,2021-22,14,60.0,0.0,0,1,0,False
2022-05-04_ST_1,2022-05-04,ST,2021-22,12,60.0,0.0,0,1,0,False
2022-05-04_ST_2,2022-05-04,ST,2021-22,12,60.0,0.0,0,1,0,False
2022-05-04_ST_3,2022-05-04,ST,2021-22,14,60.0,0.0,0,1,0,False
2022-05-04_ST_4,2022-05-04,ST,2021-22,14,60.0,180.12206120698767,3,3,1,False
2022-05-04_ST_5,2022-05-04,ST,2021-22,12,60.0,209.18837089104744,3,3,1,False
2022-05-04_ST_6,2022-05-04,ST,2021-22,14,60.0,34.73260106825065,1,2,1,False
2022-05-04_ST_7,2022-05-04,ST,2021-22,11,60.0,101.67236187570224,1,2,1,False
2022-05-04_ST_8,2022-05-04,ST,2021-22,12,60.0,42.91066758611116,1,2,1,False
2022-05-04_ST_9,2022-05-04,ST,2021-22,12,60.0,86.25228776361384,1,2,1,False
2022-05-07_ST_1,2022-05-07,ST,2021-22,8,60.0,0.0,0,1,0,False
2022-05-07_ST_10,2022-05-07,ST,2021-22,11,60.0,0.0,0,0,0,False
2022-05-07_ST_2,2022-05-07,ST,2021-22,14,60.0,0.0,0,1,0,False
2022-05-07_ST_3,2022-05-07,ST,2021-22,8,60.0,55.167756090192505,1,2,1,False
2022-05-07_ST_4,2022-05-07,ST,2021-22,12,60.0,56.503223935439806,1,2,1,False
2022-05-07_ST_5,2022-05-07,ST,2021-22,14,60.0,0.0,0,1,0,False
2022-05-07_ST_6,2022-05-07,ST,2021-22,12,60.0,26.690876909204118,1,2,1,False
2022-05-07_ST_7,2022-05-07,ST,2021-22,10,60.0,0.0,0,1,0,False
2022-05-07_ST_8,2022-05-07,ST,2021-22,10,60.0,133.00905136324107,3,3,1,False
2022-05-07_ST_9,2022-05-07,ST,2021-22,14,60.0,0.0,0,1,0,False
2022-05-11_HV_1,2022-05-11,HV,2021-22,12,60.0,51.435648947853736,1,2,1,False
2022-05-11_HV_2,2022-05-11,HV,2021-22,10,60.0,141.77229940529148,3,3,1,False
2022-05-11_HV_3,2022-05-11,HV,2021-22,11,60.0,29.18546656085594,1,2,1,False
2022-05-11_HV_4,2022-05-11,HV,2021-22,12,60.0,0.0,0,1,0,False
2022-05-11_HV_5,2022-05-11,HV,2021-22,12,60.0,32.052410378523746,1,2,1,False
2022-05-11_HV_6,2022-05-11,HV,2021-22,12,60.0,0.0,0,1,0,False
2022-05-11_HV_7,2022-05-11,HV,2021-22,12,60.0,41.02442086376498,1,2,1,False
2022-05-11_HV_8,2022-05-11,HV,2021-22,11,60.0,56.89821474348946,1,2,1,False
2022-05-11_HV_9,2022-05-11,HV,2021-22,12,60.0,223.18905206925848,3,3,1,False
2022-05-15_ST_1,2022-05-15,ST,2021-22,12,60.0,157.529098299868,3,3,1,False
2022-05-15_ST_10,2022-05-15,ST,2021-22,12,60.0,64.30738251230615,1,2,1,False
2022-05-15_ST_2,2022-05-15,ST,2021-22,9,60.0,41.22030745212956,1,2,1,False
2022-05-15_ST_3,2022-05-15,ST,2021-22,7,60.0,0.0,0,1,0,False
2022-05-15_ST_4,2022-05-15,ST,2021-22,14,60.0,223.26889852557252,3,3,1,False
2022-05-15_ST_5,2022-05-15,ST,2021-22,12,60.0,0.0,0,1,0,False
2022-05-15_ST_6,2022-05-15,ST,2021-22,12,60.0,180.64037197917537,3,3,1,False
2022-05-15_ST_7,2022-05-15,ST,2021-22,14,60.0,0.0,0,1,0,False
2022-05-15_ST_8,2022-05-15,ST,2021-22,11,60.0,0.0,0,1,0,False
2022-05-15_ST_9,2022-05-15,ST,2021-22,12,60.0,0.0,0,0,0,False
2022-05-18_HV_1,2022-05-18,HV,2021-22,12,60.0,72.21334239712866,1,2,1,False
2022-05-18_HV_2,2022-05-18,HV,2021-22,12,60.0,42.73815495677962,1,2,1,False
2022-05-18_HV_3,2022-05-18,HV,2021-22,12,60.0,0.0,0,1,0,False
2022-05-18_HV_4,2022-05-18,HV,2021-22,12,60.0,0.0,0,1,0,False
2022-05-18_HV_5,2022-05-18,HV,2021-22,12,60.0,0.0,0,1,0,False
2022-05-18_HV_6,2022-05-18,HV,2021-22,12,60.0,50.52304251697113,1,2,1,False
2022-05-18_HV_7,2022-05-18,HV,2021-22,11,60.0,42.95103996459132,1,2,1,False
2022-05-18_HV_8,2022-05-18,HV,2021-22,12,60.0,0.0,0,1,0,False
2022-05-18_HV_9,2022-05-18,HV,2021-22,12,60.0,46.63575862893651,1,2,1,False
2022-05-22_ST_10,2022-05-22,ST,2021-22,12,60.0,0.0,0,0,0,False
2022-05-22_ST_11,2022-05-22,ST,2021-22,14,60.0,0.0,0,1,0,False
2022-05-22_ST_2,2022-05-22,ST,2021-22,13,60.0,32.33474669312979,1,2,1,False
2022-05-22_ST_3,2022-05-22,ST,2021-22,14,60.0,0.0,0,0,0,False
2022-05-22_ST_4,2022-05-22,ST,2021-22,14,60.0,73.56566739544208,1,2,1,False
2022-05-22_ST_5,2022-05-22,ST,2021-22,13,60.0,71.27596326499484,1,2,1,False
2022-05-22_ST_6,2022-05-22,ST,2021-22,10,60.0,31.142693208248716,1,2,1,False
2022-05-22_ST_7,2022-05-22,ST,2021-22,13,60.0,55.531451703305656,1,2,1,False
2022-05-22_ST_8,2022-05-22,ST,2021-22,10,60.0,113.69472163568912,3,3,1,False
2022-05-22_ST_9,2022-05-22,ST,2021-22,11,60.0,185.969691664416,3,3,1,False
2022-05-25_HV_1,2022-05-25,HV,2021-22,8,60.0,0.0,0,1,0,False
2022-05-25_HV_2,2022-05-25,HV,2021-22,12,60.0,0.0,0,0,0,False
2022-05-25_HV_3,2022-05-25,HV,2021-22,7,60.0,28.136786601303882,1,2,1,False
2022-05-25_HV_4,2022-05-25,HV,2021-22,11,60.0,95.68872540293847,1,2,1,False
2022-05-25_HV_5,2022-05-25,HV,2021-22,12,60.0,61.94809530656709,1,2,1,False
2022-05-25_HV_6,2022-05-25,HV,2021-22,11,60.0,0.0,0,1,0,False
2022-05-25_HV_7,2022-05-25,HV,2021-22,11,60.0,29.518995719048714,1,2,1,False
2022-05-25_HV_8,2022-05-25,HV,2021-22,12,60.0,48.735395585856644,1,2,1,False
2022-05-25_HV_9,2022-05-25,HV,2021-22,10,60.0,0.0,0,1,0,False
2022-05-29_ST_1,2022-05-29,ST,2021-22,14,60.0,193.84955157615548,3,3,1,False
2022-05-29_ST_10,2022-05-29,ST,2021-22,13,60.0,0.0,0,1,0,False
2022-05-29_ST_2,2022-05-29,ST,2021-22,14,60.0,180.80630944799498,3,3,1,False
2022-05-29_ST_3,2022-05-29,ST,2021-22,10,60.0,166.6420327132481,3,3,1,False
2022-05-29_ST_4,2022-05-29,ST,2021-22,14,60.0,0.0,0,0,0,False
2022-05-29_ST_5,2022-05-29,ST,2021-22,14,60.0,234.68947437405544,3,3,1,False
2022-05-29_ST_6,2022-05-29,ST,2021-22,14,60.0,0.0,0,1,0,False
2022-05-29_ST_7,2022-05-29,ST,2021-22,9,60.0,44.05701301213928,1,2,1,False
2022-05-29_ST_8,2022-05-29,ST,2021-22,11,60.0,0.0,0,1,0,False
2022-05-29_ST_9,2022-05-29,ST,2021-22,14,60.0,28.06565519342833,1,2,1,False
2022-06-01_HV_1,2022-06-01,HV,2021-22,10,60.0,29.713157943186932,1,2,1,False
2022-06-01_HV_2,2022-06-01,HV,2021-22,12,60.0,72.55137171668514,1,2,1,False
2022-06-01_HV_3,2022-06-01,HV,2021-22,10,60.0,91.14235419826538,3,3,1,False
2022-06-01_HV_4,2022-06-01,HV,2021-22,12,60.0,61.438634842270396,1,2,1,False
2022-06-01_HV_5,2022-06-01,HV,2021-22,12,60.0,34.9537285463748,1,2,1,False
2022-06-01_HV_6,2022-06-01,HV,2021-22,9,60.0,55.27651550273087,1,2,1,False
2022-06-01_HV_7,2022-06-01,HV,2021-22,12,60.0,44.55361004407006,1,2,1,False
2022-06-01_HV_8,2022-06-01,HV,2021-22,12,60.0,130.5947954781024,3,3,1,False
2022-06-01_HV_9,2022-06-01,HV,2021-22,11,60.0,0.0,0,1,0,False
2022-06-05_ST_1,2022-06-05,ST,2021-22,12,60.0,0.0,0,1,0,False
2022-06-05_ST_10,2022-06-05,ST,2021-22,11,60.0,51.06760884462939,1,2,1,False
2022-06-05_ST_2,2022-06-05,ST,2021-22,14,60.0,58.64935855823071,1,2,1,False
2022-06-05_ST_3,2022-06-05,ST,2021-22,13,60.0,47.074510370186324,1,2,1,False
2022-06-05_ST_4,2022-06-05,ST,2021-22,14,60.0,90.2277240796786,1,2,1,False
2022-06-05_ST_5,2022-06-05,ST,2021-22,12,60.0,62.74525539085391,1,2,1,False
2022-06-05_ST_6,2022-06-05,ST,2021-22,13,60.0,0.0,0,1,0,False
2022-06-05_ST_7,2022-06-05,ST,2021-22,10,60.0,0.0,0,1,0,False
2022-06-05_ST_8,2022-06-05,ST,2021-22,14,60.0,43.55376229602234,1,2,1,False
2022-06-05_ST_9,2022-06-05,ST,2021-22,13,60.0,66.02835283578221,1,2,1,False
2022-06-08_HV_1,2022-06-08,HV,2021-22,8,60.0,34.294341132570146,1,2,1,False
2022-06-08_HV_2,2022-06-08,HV,2021-22,12,60.0,77.30638982611275,1,2,1,False
2022-06-08_HV_3,2022-06-08,HV,2021-22,7,60.0,108.66223868650889,3,3,1,False
2022-06-08_HV_4,2022-06-08,HV,2021-22,12,60.0,0.0,0,1,0,False
2022-06-08_HV_5,2022-06-08,HV,2021-22,12,60.0,181.51970582290633,3,3,1,False
2022-06-08_HV_6,2022-06-08,HV,2021-22,11,60.0,28.8824133465166,1,2,1,False
2022-06-08_HV_7,2022-06-08,HV,2021-22,12,60.0,31.016717332987447,1,2,1,False
2022-06-08_HV_8,2022-06-08,HV,2021-22,12,60.0,0.0,0,1,0,False
2022-06-08_HV_9,2022-06-08,HV,2021-22,12,60.0,0.0,0,1,0,False
2022-06-12_ST_1,2022-06-12,ST,2021-22,10,60.0,50.315202147186966,1,2,1,False
2022-06-12_ST_10,2022-06-12,ST,2021-22,14,60.0,179.01225412274846,3,3,1,False
2022-06-12_ST_11,2022-06-12,ST,2021-22,12,60.0,69.11537772656852,1,2,1,False
2022-06-12_ST_2,2022-06-12,ST,2021-22,14,60.0,113.43304910434944,1,2,1,False
2022-06-12_ST_3,2022-06-12,ST,2021-22,12,60.0,91.59706454361513,1,2,1,False
2022-06-12_ST_4,2022-06-12,ST,2021-22,14,60.0,0.0,0,1,0,False
2022-06-12_ST_5,2022-06-12,ST,2021-22,14,60.0,43.45856044760177,1,2,1,False
2022-06-12_ST_6,2022-06-12,ST,2021-22,14,60.0,0.0,0,1,0,False
2022-06-12_ST_7,2022-06-12,ST,2021-22,11,60.0,41.9664047653835,1,2,1,False
2022-06-12_ST_8,2022-06-12,ST,2021-22,9,60.0,168.75576840593789,3,3,1,False
2022-06-12_ST_9,2022-06-12,ST,2021-22,12,60.0,0.0,0,1,0,False
2022-06-19_ST_1,2022-06-19,ST,2021-22,14,60.0,0.0,0,0,0,False
2022-06-19_ST_10,2022-06-19,ST,2021-22,13,60.0,134.23749296471544,3,3,1,False
2022-06-19_ST_2,2022-06-19,ST,2021-22,14,60.0,0.0,0,1,0,False
2022-06-19_ST_3,2022-06-19,ST,2021-22,14,60.0,17.534275334064326,1,2,1,False
2022-06-19_ST_4,2022-06-19,ST,2021-22,14,60.0,55.069713263106884,1,2,1,False
2022-06-19_ST_5,2022-06-19,ST,2021-22,11,60.0,42.13929548403447,1,2,1,False
2022-06-19_ST_6,2022-06-19,ST,2021-22,14,60.0,0.0,0,1,0,False
2022-06-19_ST_7,2022-06-19,ST,2021-22,9,60.0,0.0,0,1,0,False
2022-06-19_ST_8,2022-06-19,ST,2021-22,14,60.0,144.60160775359049,3,3,1,False
2022-06-19_ST_9,2022-06-19,ST,2021-22,13,60.0,109.23102754950237,1,2,1,False
2022-06-22_HV_1,2022-06-22,HV,2021-22,12,60.0,197.37963969293725,3,3,1,False
2022-06-22_HV_2,2022-06-22,HV,2021-22,12,60.0,166.18659975185454,3,3,1,False
2022-06-22_HV_3,2022-06-22,HV,2021-22,12,60.0,50.99356005373728,1,2,1,False
2022-06-22_HV_4,2022-06-22,HV,2021-22,12,60.0,0.0,0,1,0,False
2022-06-22_HV_5,2022-06-22,HV,2021-22,12,60.0,0.0,0,1,0,False
2022-06-22_HV_6,2022-06-22,HV,2021-22,12,60.0,44.41032472538847,1,2,1,False
2022-06-22_HV_7,2022-06-22,HV,2021-22,12,60.0,41.04407288493221,1,2,1,False
2022-06-22_HV_8,2022-06-22,HV,2021-22,12,60.0,69.39587005184848,1,2,1,False
2022-06-22_HV_9,2022-06-22,HV,2021-22,12,60.0,0.0,0,1,0,False
2022-06-25_ST_1,2022-06-25,ST,2021-22,14,60.0,0.0,0,1,0,False
2022-06-25_ST_10,2022-06-25,ST,2021-22,14,60.0,60.73548898909404,1,2,1,False
2022-06-25_ST_2,2022-06-25,ST,2021-22,13,60.0,48.89149329376992,1,2,1,False
2022-06-25_ST_3,2022-06-25,ST,2021-22,14,60.0,73.56566739544208,1,2,1,False
2022-06-25_ST_4,2022-06-25,ST,2021-22,14,60.0,0.0,0,0,0,False
2022-06-25_ST_5,2022-06-25,ST,2021-22,14,60.0,0.0,0,0,0,False
2022-06-25_ST_6,2022-06-25,ST,2021-22,14,60.0,0.0,0,1,0,False
2022-06-25_ST_7,2022-06-25,ST,2021-22,12,60.0,138.8576113800482,3,3,1,False
2022-06-25_ST_8,2022-06-25,ST,2021-22,13,60.0,82.81195622200238,1,2,1,False
2022-06-25_ST_9,2022-06-25,ST,2021-22,11,60.0,0.0,0,1,0,False
2022-06-28_HV_1,2022-06-28,HV,2021-22,12,60.0,78.55519261933998,1,2,1,False
2022-06-28_HV_2,2022-06-28,HV,2021-22,11,60.0,47.165217028685646,1,2,1,False
2022-06-28_HV_3,2022-06-28,HV,2021-22,12,60.0,42.889307353751036,1,2,1,False
2022-06-28_HV_4,2022-06-28,HV,2021-22,12,60.0,50.682942268909464,1,2,1,False
2022-06-28_HV_5,2022-06-28,HV,2021-22,11,60.0,58.99539659354645,1,2,1,False
2022-06-28_HV_6,2022-06-28,HV,2021-22,12,60.0,0.0,0,1,0,False
2022-06-28_HV_7,2022-06-28,HV,2021-22,12,60.0,38.3440654022179,1,2,1,False
2022-06-28_HV_8,2022-06-28,HV,2021-22,12,60.0,96.28438371743029,1,2,1,False
2022-07-01_ST_1,2022-07-01,ST,2021-22,12,60.0,0.0,0,1,0,False
2022-07-01_ST_10,2022-07-01,ST,2021-22,12,60.0,32.36786262106437,1,2,1,False
2022-07-01_ST_2,2022-07-01,ST,2021-22,12,60.0,86.07233471838575,1,2,1,False
2022-07-01_ST_3,2022-07-01,ST,2021-22,9,60.0,172.04420136154795,3,3,1,False
2022-07-01_ST_4,2022-07-01,ST,2021-22,14,60.0,139.0830916597992,1,2,1,False
2022-07-01_ST_5,2022-07-01,ST,2021-22,14,60.0,0.0,0,1,0,False
2022-07-01_ST_6,2022-07-01,ST,2021-22,14,60.0,0.0,0,1,0,False
2022-07-01_ST_7,2022-07-01,ST,2021-22,10,60.0,0.0,0,1,0,False
2022-07-01_ST_8,2022-07-01,ST,2021-22,12,60.0,34.814169494867976,1,2,1,False
2022-07-01_ST_9,2022-07-01,ST,2021-22,13,60.0,0.0,0,1,0,False
2022-07-06_HV_1,2022-07-06,HV,2021-22,12,60.0,49.63094501770307,1,2,1,False
2022-07-06_HV_2,2022-07-06,HV,2021-22,11,60.0,32.46103933647928,1,2,1,False
2022-07-06_HV_3,2022-07-06,HV,2021-22,11,60.0,39.41906983296785,1,2,1,False
2022-07-06_HV_4,2022-07-06,HV,2021-22,10,60.0,24.52781934213391,1,2,1,False
2022-07-06_HV_5,2022-07-06,HV,2021-22,11,60.0,49.505511291749144,1,2,1,False
2022-07-06_HV_6,2022-07-06,HV,2021-22,12,60.0,68.25546939261163,1,2,1,False
2022-07-06_HV_7,2022-07-06,HV,2021-22,12,60.0,0.0,0,1,0,False
2022-07-06_HV_8,2022-07-06,HV,2021-22,12,60.0,0.0,0,1,0,False
2022-07-06_HV_9,2022-07-06,HV,2021-22,12,60.0,0.0,0,1,0,False
2022-07-10_ST_1,2022-07-10,ST,2021-22,7,60.0,21.4003269616308,1,2,1,False
2022-07-10_ST_10,2022-07-10,ST,2021-22,13,60.0,173.7805021810746,3,3,1,False
2022-07-10_ST_2,2022-07-10,ST,2021-22,12,60.0,50.43511796740189,1,2,1,False
2022-07-10_ST_3,2022-07-10,ST,2021-22,12,60.0,0.0,0,1,0,False
2022-07-10_ST_4,2022-07-10,ST,2021-22,14,60.0,247.15992349368395,3,3,1,False
2022-07-10_ST_5,2022-07-10,ST,2021-22,12,60.0,0.0,0,0,0,False
2022-07-10_ST_6,2022-07-10,ST,2021-22,14,60.0,35.84678789799721,1,2,1,False
2022-07-10_ST_7,2022-07-10,ST,2021-22,14,60.0,0.0,0,1,0,False
2022-07-10_ST_8,2022-07-10,ST,2021-22,12,60.0,0.0,0,1,0,False
2022-07-10_ST_9,2022-07-10,ST,2021-22,12,60.0,0.0,0,1,0,False
2022-07-13_HV_1,2022-07-13,HV,2021-22,12,60.0,0.0,0,1,0,False
2022-07-13_HV_2,2022-07-13,HV,2021-22,12,60.0,40.93989302569968,1,2,1,False
2022-07-13_HV_3,2022-07-13,HV,2021-22,12,60.0,38.45257956636019,1,2,1,False
2022-07-13_HV_4,2022-07-13,HV,2021-22,12,60.0,0.0,0,1,0,False
2022-07-13_HV_5,2022-07-13,HV,2021-22,11,60.0,35.648529235479536,1,2,1,False
2022-07-13_HV_6,2022-07-13,HV,2021-22,12,60.0,0.0,0,1,0,False
2022-07-13_HV_7,2022-07-13,HV,2021-22,12,60.0,83.11689015922947,1,2,1,False
2022-07-13_HV_8,2022-07-13,HV,2021-22,12,60.0,32.218561670495546,1,2,1,False
2022-07-13_HV_9,2022-07-13,HV,2021-22,12,60.0,0.0,0,1,0,False
2022-07-16_ST_1,2022-07-16,ST,2021-22,14,60.0,0.0,0,0,0,False
2022-07-16_ST_10,2022-07-16,ST,2021-22,12,60.0,0.0,0,1,0,False
2022-07-16_ST_11,2022-07-16,ST,2021-22,14,60.0,30.183295021490384,1,2,1,False
2022-07-16_ST_2,2022-07-16,ST,2021-22,14,60.0,46.48253133874499,1,2,1,False
2022-07-16_ST_3,2022-07-16,ST,2021-22,14,60.0,121.1126606273143,1,2,1,False
2022-07-16_ST_4,2022-07-16,ST,2021-22,14,60.0,25.919666868541025,1,2,1,False
2022-07-16_ST_5,2022-07-16,ST,2021-22,14,60.0,0.0,0,1,0,False
2022-07-16_ST_6,2022-07-16,ST,2021-22,14,60.0,0.0,0,1,0,False
2022-07-16_ST_7,2022-07-16,ST,2021-22,14,60.0,0.0,0,1,0,False
2022-07-16_ST_8,2022-07-16,ST,2021-22,11,60.0,101.82916990771488,3,3,1,False
2022-07-16_ST_9,2022-07-16,ST,2021-22,14,60.0,29.126473824285906,1,2,1,False
2022-09-11_ST_1,2022-09-11,ST,2022-23,14,60.0,37.243554037331194,1,2,1,False
2022-09-11_ST_10,2022-09-11,ST,2022-23,14,60.0,0.0,0,0,0,False
2022-09-11_ST_2,2022-09-11,ST,2022-23,14,60.0,0.0,0,1,0,False
2022-09-11_ST_3,2022-09-11,ST,2022-23,14,60.0,33.10404837906186,1,2,1,False
2022-09-11_ST_4,2022-09-11,ST,2022-23,10,60.0,46.395709413780374,1,2,1,False
2022-09-11_ST_5,2022-09-11,ST,2022-23,14,60.0,53.68158354512107,1,2,1,False
2022-09-11_ST_6,2022-09-11,ST,2022-23,14,60.0,74.48354145699024,1,2,1,False
2022-09-11_ST_7,2022-09-11,ST,2022-23,13,60.0,0.0,0,1,0,False
2022-09-11_ST_8,2022-09-11,ST,2022-23,14,60.0,0.0,0,1,0,False
2022-09-11_ST_9,2022-09-11,ST,2022-23,11,60.0,65.35627688749489,1,2,1,False
2022-09-14_HV_1,2022-09-14,HV,2022-23,9,60.0,0.0,0,1,0,False
2022-09-14_HV_2,2022-09-14,HV,2022-23,10,60.0,40.9745768983302,1,2,1,False
2022-09-14_HV_3,2022-09-14,HV,2022-23,10,60.0,134.7032982608777,3,3,1,False
2022-09-14_HV_4,2022-09-14,HV,2022-23,12,60.0,0.0,0,1,0,False
2022-09-14_HV_5,2022-09-14,HV,2022-23,11,60.0,34.51840171603859,1,2,1,False
2022-09-14_HV_6,2022-09-14,HV,2022-23,11,60.0,75.29209909890344,1,2,1,False
2022-09-14_HV_7,2022-09-14,HV,2022-23,12,60.0,41.543801276306304,1,2,1,False
2022-09-14_HV_8,2022-09-14,HV,2022-23,12,60.0,74.64202638723232,1,2,1,False
2022-09-18_ST_1,2022-09-18,ST,2022-23,8,60.0,132.97086524298436,3,3,1,False
2022-09-18_ST_10,2022-09-18,ST,2022-23,13,60.0,76.51683310975375,1,2,1,False
2022-09-18_ST_2,2022-09-18,ST,2022-23,14,60.0,0.0,0,1,0,False
2022-09-18_ST_3,2022-09-18,ST,2022-23,8,60.0,32.43460590162863,1,2,1,False
2022-09-18_ST_4,2022-09-18,ST,2022-23,14,60.0,0.0,0,1,0,False
2022-09-18_ST_5,2022-09-18,ST,2022-23,14,60.0,0.0,0,1,0,False
2022-09-18_ST_6,2022-09-18,ST,2022-23,13,60.0,0.0,0,0,0,False
2022-09-18_ST_7,2022-09-18,ST,2022-23,9,60.0,45.415297868529365,1,2,1,False
2022-09-18_ST_8,2022-09-18,ST,2022-23,12,60.0,220.65012536441273,3,3,1,False
2022-09-18_ST_9,2022-09-18,ST,2022-23,9,60.0,36.87282384105473,1,2,1,False
2022-09-21_HV_1,2022-09-21,HV,2022-23,9,60.0,32.663925922719464,1,2,1,False
2022-09-21_HV_2,2022-09-21,HV,2022-23,8,60.0,37.74518084257082,1,2,1,False
2022-09-21_HV_3,2022-09-21,HV,2022-23,8,60.0,41.95056767994229,1,2,1,False
2022-09-21_HV_4,2022-09-21,HV,2022-23,12,60.0,42.49385883783522,1,2,1,False
2022-09-21_HV_5,2022-09-21,HV,2022-23,11,60.0,0.0,0,1,0,False
2022-09-21_HV_6,2022-09-21,HV,2022-23,9,60.0,0.0,0,1,0,False
2022-09-21_HV_7,2022-09-21,HV,2022-23,9,60.0,0.0,0,1,0,False
2022-09-21_HV_8,2022-09-21,HV,2022-23,12,60.0,63.164363839022386,1,2,1,False
2022-09-25_ST_1,2022-09-25,ST,2022-23,9,60.0,27.723014138242405,1,2,1,False
2022-09-25_ST_10,2022-09-25,ST,2022-23,12,60.0,70.5348311203824,1,2,1,False
2022-09-25_ST_2,2022-09-25,ST,2022-23,14,60.0,62.911299906007,1,2,1,False
2022-09-25_ST_4,2022-09-25,ST,2022-23,12,60.0,42.596718620530524,1,2,1,False
2022-09-25_ST_5,2022-09-25,ST,2022-23,12,60.0,72.30393594258656,1,2,1,False
2022-09-25_ST_6,2022-09-25,ST,2022-23,14,60.0,0.0,0,1,0,False
2022-09-25_ST_7,2022-09-25,ST,2022-23,12,60.0,66.63784486611974,1,2,1,False
2022-09-25_ST_8,2022-09-25,ST,2022-23,14,60.0,0.0,0,1,0,False
2022-09-25_ST_9,2022-09-25,ST,2022-23,14,60.0,0.0,0,1,0,False
2022-09-28_HV_1,2022-09-28,HV,2022-23,12,60.0,0.0,0,1,0,False
2022-09-28_HV_2,2022-09-28,HV,2022-23,10,60.0,0.0,0,1,0,False
2022-09-28_HV_3,2022-09-28,HV,2022-23,11,60.0,69.93801036067147,1,2,1,False
2022-09-28_HV_4,2022-09-28,HV,2022-23,12,60.0,78.13129854458934,1,2,1,False
2022-09-28_HV_5,2022-09-28,HV,2022-23,12,60.0,32.58751222460338,1,2,1,False
2022-09-28_HV_6,2022-09-28,HV,2022-23,10,60.0,53.26858858128426,1,2,1,False
2022-09-28_HV_7,2022-09-28,HV,2022-23,10,60.0,49.90309528925058,1,2,1,False
2022-09-28_HV_8,2022-09-28,HV,2022-23,11,60.0,28.696515082631166,1,2,1,False
2022-10-01_ST_1,2022-10-01,ST,2022-23,11,60.0,0.0,0,1,0,False
2022-10-01_ST_10,2022-10-01,ST,2022-23,14,60.0,63.39554967829167,1,2,1,False
2022-10-01_ST_2,2022-10-01,ST,2022-23,12,60.0,35.80891595491981,1,2,1,False
2022-10-01_ST_3,2022-10-01,ST,2022-23,11,60.0,22.7131454690752,1,2,1,False
2022-10-01_ST_4,2022-10-01,ST,2022-23,14,60.0,76.45467234679785,1,2,1,False
2022-10-01_ST_5,2022-10-01,ST,2022-23,13,60.0,42.48093477186028,1,2,1,False
2022-10-01_ST_6,2022-10-01,ST,2022-23,10,60.0,42.614288094341994,1,2,1,False
2022-10-01_ST_7,2022-10-01,ST,2022-23,7,60.0,18.54221421331428,1,2,1,False
2022-10-01_ST_8,2022-10-01,ST,2022-23,11,60.0,37.83467686679503,1,2,1,False
2022-10-01_ST_9,2022-10-01,ST,2022-23,12,60.0,0.0,0,1,0,False
2022-10-05_HV_1,2022-10-05,HV,2022-23,7,60.0,0.0,0,1,0,False
2022-10-05_HV_2,2022-10-05,HV,2022-23,12,60.0,81.49652326062113,1,2,1,False
2022-10-05_HV_3,2022-10-05,HV,2022-23,9,60.0,0.0,0,1,0,False
2022-10-05_HV_4,2022-10-05,HV,2022-23,12,60.0,85.62863064870598,1,2,1,False
2022-10-05_HV_5,2022-10-05,HV,2022-23,12,60.0,0.0,0,1,0,False
2022-10-05_HV_6,2022-10-05,HV,2022-23,9,60.0,111.13814218699288,3,3,1,False
2022-10-05_HV_7,2022-10-05,HV,2022-23,9,60.0,68.64099563470552,1,2,1,False
2022-10-05_HV_8,2022-10-05,HV,2022-23,12,60.0,0.0,0,1,0,False
2022-10-05_HV_9,2022-10-05,HV,2022-23,11,60.0,42.445716110313384,1,2,1,False
2022-10-09_ST_1,2022-10-09,ST,2022-23,10,60.0,28.99545431579599,1,2,1,False
2022-10-09_ST_10,2022-10-09,ST,2022-23,14,60.0,0.0,0,0,0,False
2022-10-09_ST_2,2022-10-09,ST,2022-23,11,60.0,126.80362943902655,3,3,1,False
2022-10-09_ST_3,2022-10-09,ST,2022-23,7,60.0,0.0,0,1,0,False
2022-10-09_ST_4,2022-10-09,ST,2022-23,14,60.0,68.81732775827739,1,2,1,False
2022-10-09_ST_5,2022-10-09,ST,2022-23,14,60.0,0.0,0,1,0,False
2022-10-09_ST_6,2022-10-09,ST,2022-23,13,60.0,0.0,0,1,0,False
2022-10-09_ST_7,2022-10-09,ST,2022-23,13,60.0,142.5138160620999,1,2,1,False
2022-10-09_ST_8,2022-10-09,ST,2022-23,12,60.0,36.49541248641868,1,2,1,False
2022-10-09_ST_9,2022-10-09,ST,2022-23,14,60.0,208.403618429333,3,3,1,False
2022-10-12_HV_1,2022-10-12,HV,2022-23,12,60.0,124.00477261497274,1,2,1,False
2022-10-12_HV_2,2022-10-12,HV,2022-23,12,60.0,0.0,0,1,0,False
2022-10-12_HV_3,2022-10-12,HV,2022-23,9,60.0,95.18245458972615,3,3,1,False
2022-10-12_HV_5,2022-10-12,HV,2022-23,12,60.0,0.0,0,1,0,False
2022-10-12_HV_6,2022-10-12,HV,2022-23,12,60.0,0.0,0,1,0,False
2022-10-12_HV_7,2022-10-12,HV,2022-23,10,60.0,22.085198395369055,1,2,1,False
2022-10-12_HV_8,2022-10-12,HV,2022-23,12,60.0,0.0,0,1,0,False
2022-10-12_HV_9,2022-10-12,HV,2022-23,12,60.0,143.7122150499453,3,3,1,False
2022-10-16_ST_1,2022-10-16,ST,2022-23,7,60.0,23.88167868597451,1,2,1,False
2022-10-16_ST_10,2022-10-16,ST,2022-23,14,60.0,203.8354762857361,3,3,1,False
2022-10-16_ST_2,2022-10-16,ST,2022-23,13,60.0,70.09321484486212,1,2,1,False
2022-10-16_ST_3,2022-10-16,ST,2022-23,8,60.0,75.21105143997612,3,3,1,False
2022-10-16_ST_4,2022-10-16,ST,2022-23,14,60.0,0.0,0,1,0,False
2022-10-16_ST_5,2022-10-16,ST,2022-23,14,60.0,0.0,0,1,0,False
2022-10-16_ST_6,2022-10-16,ST,2022-23,14,60.0,0.0,0,1,0,False
2022-10-16_ST_7,2022-10-16,ST,2022-23,14,60.0,32.69585199418857,1,2,1,False
2022-10-16_ST_8,2022-10-16,ST,2022-23,14,60.0,0.0,0,1,0,False
2022-10-16_ST_9,2022-10-16,ST,2022-23,14,60.0,0.0,0,1,0,False
2022-10-19_HV_1,2022-10-19,HV,2022-23,12,60.0,0.0,0,0,0,False
2022-10-19_HV_2,2022-10-19,HV,2022-23,11,60.0,172.0994158514979,3,3,1,False
2022-10-19_HV_3,2022-10-19,HV,2022-23,10,60.0,113.22831485406515,3,3,1,False
2022-10-19_HV_4,2022-10-19,HV,2022-23,12,60.0,0.0,0,1,0,False
2022-10-19_HV_5,2022-10-19,HV,2022-23,12,60.0,0.0,0,1,0,False
2022-10-19_HV_6,2022-10-19,HV,2022-23,12,60.0,34.11719380779476,1,2,1,False
2022-10-19_HV_7,2022-10-19,HV,2022-23,12,60.0,0.0,0,1,0,False
2022-10-19_HV_8,2022-10-19,HV,2022-23,12,60.0,0.0,0,1,0,False
2022-10-23_ST_1,2022-10-23,ST,2022-23,14,60.0,54.88533660190369,1,2,1,False
2022-10-23_ST_10,2022-10-23,ST,2022-23,13,60.0,0.0,0,1,0,False
2022-10-23_ST_2,2022-10-23,ST,2022-23,14,60.0,89.10569985888904,1,2,1,False
2022-10-23_ST_3,2022-10-23,ST,2022-23,14,60.0,58.27141720852375,1,2,1,False
2022-10-23_ST_4,2022-10-23,ST,2022-23,14,60.0,0.0,0,1,0,False
2022-10-23_ST_5,2022-10-23,ST,2022-23,12,60.0,205.00298106048388,3,3,1,False
2022-10-23_ST_6,2022-10-23,ST,2022-23,11,60.0,0.0,0,0,0,False
2022-10-23_ST_7,2022-10-23,ST,2022-23,11,60.0,59.15239245911066,1,2,1,False
2022-10-23_ST_8,2022-10-23,ST,2022-23,12,60.0,31.06155118904858,1,2,1,False
2022-10-23_ST_9,2022-10-23,ST,2022-23,14,60.0,125.696414374953,1,2,1,False
2022-10-26_ST_1,2022-10-26,ST,2022-23,12,60.0,0.0,0,0,0,False
2022-10-26_ST_2,2022-10-26,ST,2022-23,14,60.0,0.0,0,1,0,False
2022-10-26_ST_3,2022-10-26,ST,2022-23,12,60.0,0.0,0,0,0,False
2022-10-26_ST_4,2022-10-26,ST,2022-23,8,60.0,104.88864154197228,3,3,1,False
2022-10-26_ST_5,2022-10-26,ST,2022-23,12,60.0,176.8297455813579,3,3,1,False
2022-10-26_ST_6,2022-10-26,ST,2022-23,11,60.0,105.8161095057938,3,3,1,False
2022-10-26_ST_7,2022-10-26,ST,2022-23,13,60.0,49.698443497348606,1,2,1,False
2022-10-26_ST_8,2022-10-26,ST,2022-23,12,60.0,0.0,0,1,0,False
2022-10-26_ST_9,2022-10-26,ST,2022-23,13,60.0,77.54922375906692,1,2,1,False
2022-10-30_HV_1,2022-10-30,HV,2022-23,12,60.0,0.0,0,1,0,False
2022-10-30_HV_10,2022-10-30,HV,2022-23,12,60.0,22.039764328279617,1,2,1,False
2022-10-30_HV_2,2022-10-30,HV,2022-23,12,60.0,0.0,0,1,0,False
2022-10-30_HV_3,2022-10-30,HV,2022-23,12,60.0,0.0,0,1,0,False
2022-10-30_HV_4,2022-10-30,HV,2022-23,12,60.0,0.0,0,0,0,False
2022-10-30_HV_5,2022-10-30,HV,2022-23,12,60.0,0.0,0,1,0,False
2022-10-30_HV_6,2022-10-30,HV,2022-23,12,60.0,23.178243238289745,1,2,1,False
2022-10-30_HV_7,2022-10-30,HV,2022-23,10,60.0,48.58714427688215,1,2,1,False
2022-10-30_HV_8,2022-10-30,HV,2022-23,10,60.0,72.45401075374673,1,2,1,False
2022-10-30_HV_9,2022-10-30,HV,2022-23,12,60.0,45.92304817292148,1,2,1,False
2022-11-06_ST_1,2022-11-06,ST,2022-23,12,60.0,175.7480480734696,3,3,1,False
2022-11-06_ST_10,2022-11-06,ST,2022-23,14,60.0,190.95949962521973,3,3,1,False
2022-11-06_ST_2,2022-11-06,ST,2022-23,12,60.0,51.053090192757914,1,2,1,False
2022-11-06_ST_3,2022-11-06,ST,2022-23,13,60.0,0.0,0,1,0,False
2022-11-06_ST_4,2022-11-06,ST,2022-23,14,60.0,0.0,0,1,0,False
2022-11-06_ST_5,2022-11-06,ST,2022-23,13,60.0,0.0,0,1,0,False
2022-11-06_ST_6,2022-11-06,ST,2022-23,14,60.0,128.9227690441134,3,3,1,False
2022-11-06_ST_7,2022-11-06,ST,2022-23,10,60.0,166.4139233311309,3,3,1,False
2022-11-06_ST_8,2022-11-06,ST,2022-23,11,60.0,110.42688947256877,3,3,1,False
2022-11-06_ST_9,2022-11-06,ST,2022-23,12,60.0,156.64896240523467,3,3,1,False
2022-11-09_HV_1,2022-11-09,HV,2022-23,11,60.0,23.160572400409,1,2,1,False
2022-11-09_HV_2,2022-11-09,HV,2022-23,12,60.0,58.21515941826772,1,2,1,False
2022-11-09_HV_3,2022-11-09,HV,2022-23,12,60.0,0.0,0,1,0,False
2022-11-09_HV_4,2022-11-09,HV,2022-23,12,60.0,29.312953584481377,1,2,1,False
2022-11-09_HV_5,2022-11-09,HV,2022-23,12,60.0,0.0,0,1,0,False
2022-11-09_HV_6,2022-11-09,HV,2022-23,12,60.0,0.0,0,1,0,False
2022-11-09_HV_7,2022-11-09,HV,2022-23,10,60.0,29.861395300766183,1,2,1,False
2022-11-09_HV_8,2022-11-09,HV,2022-23,12,60.0,0.0,0,1,0,False
2022-11-09_HV_9,2022-11-09,HV,2022-23,12,60.0,0.0,0,0,0,False
2022-11-12_ST_1,2022-11-12,ST,2022-23,14,60.0,24.626457418763138,1,2,1,False
2022-11-12_ST_10,2022-11-12,ST,2022-23,14,60.0,141.29321669561392,3,3,1,False
2022-11-12_ST_2,2022-11-12,ST,2022-23,14,60.0,49.77957450042144,1,2,1,False
2022-11-12_ST_3,2022-11-12,ST,2022-23,14,60.0,178.8257116323215,3,3,1,False
2022-11-12_ST_4,2022-11-12,ST,2022-23,14,60.0,31.158555892637015,1,2,1,False
2022-11-12_ST_5,2022-11-12,ST,2022-23,14,60.0,0.0,0,1,0,False
2022-11-12_ST_6,2022-11-12,ST,2022-23,14,60.0,185.70578971445423,3,3,1,False
2022-11-12_ST_7,2022-11-12,ST,2022-23,9,60.0,35.07570322308158,1,2,1,False
2022-11-12_ST_8,2022-11-12,ST,2022-23,12,60.0,53.71853370078524,1,2,1,False
2022-11-12_ST_9,2022-11-12,ST,2022-23,14,60.0,0.0,0,1,0,False
2022-11-16_HV_1,2022-11-16,HV,2022-23,12,60.0,161.64042138349762,3,3,1,False
2022-11-16_HV_2,2022-11-16,HV,2022-23,12,60.0,70.26573781494629,1,2,1,False
2022-11-16_HV_3,2022-11-16,HV,2022-23,11,60.0,44.12429811460181,1,2,1,False
2022-11-16_HV_4,2022-11-16,HV,2022-23,12,60.0,57.240544148413846,1,2,1,False
2022-11-16_HV_5,2022-11-16,HV,2022-23,12,60.0,0.0,0,1,0,False
2022-11-16_HV_6,2022-11-16,HV,2022-23,12,60.0,141.24679626965957,3,3,1,False
2022-11-16_HV_7,2022-11-16,HV,2022-23,12,60.0,46.282518612087316,1,2,1,False
2022-11-16_HV_8,2022-11-16,HV,2022-23,12,60.0,53.63898191565566,1,2,1,False
2022-11-16_HV_9,2022-11-16,HV,2022-23,12,60.0,0.0,0,1,0,False
2022-11-20_ST_1,2022-11-20,ST,2022-23,11,60.0,62.02239434132662,1,2,1,False
2022-11-20_ST_10,2022-11-20,ST,2022-23,14,60.0,0.0,0,1,0,False
2022-11-20_ST_2,2022-11-20,ST,2022-23,14,60.0,0.0,0,1,0,False
2022-11-20_ST_3,2022-11-20,ST,2022-23,10,60.0,23.2758615283514,1,2,1,False
2022-11-20_ST_4,2022-11-20,ST,2022-23,14,60.0,40.190819429573935,1,2,1,False
2022-11-20_ST_5,2022-11-20,ST,2022-23,13,60.0,17.45504825781593,1,2,1,False
2022-11-20_ST_6,2022-11-20,ST,2022-23,14,60.0,0.0,0,1,0,False
2022-11-20_ST_7,2022-11-20,ST,2022-23,7,60.0,160.57961245280302,3,3,1,False
2022-11-20_ST_8,2022-11-20,ST,2022-23,9,60.0,183.7792939842114,3,3,1,False
2022-11-20_ST_9,2022-11-20,ST,2022-23,10,60.0,68.15147281109148,1,2,1,False
2022-11-23_HV_1,2022-11-23,HV,2022-23,12,60.0,26.150925364563573,1,2,1,False
2022-11-23_HV_2,2022-11-23,HV,2022-23,12,60.0,0.0,0,1,0,False
2022-11-23_HV_3,2022-11-23,HV,2022-23,11,60.0,82.9571612971926,1,2,1,False
2022-11-23_HV_4,2022-11-23,HV,2022-23,10,60.0,117.87613559192314,3,3,1,False
2022-11-23_HV_5,2022-11-23,HV,2022-23,12,60.0,58.71085646166307,1,2,1,False
2022-11-23_HV_6,2022-11-23,HV,2022-23,10,60.0,0.0,0,1,0,False
2022-11-23_HV_7,2022-11-23,HV,2022-23,11,60.0,32.11030006978474,1,2,1,False
2022-11-23_HV_8,2022-11-23,HV,2022-23,12,60.0,0.0,0,1,0,False
2022-11-27_ST_1,2022-11-27,ST,2022-23,13,60.0,22.79448411062819,1,2,1,False
2022-11-27_ST_10,2022-11-27,ST,2022-23,14,60.0,0.0,0,1,0,False
2022-11-27_ST_2,2022-11-27,ST,2022-23,14,60.0,38.19337614575613,1,2,1,False
2022-11-27_ST_3,2022-11-27,ST,2022-23,12,60.0,24.724533860928034,1,2,1,False
2022-11-27_ST_4,2022-11-27,ST,2022-23,14,60.0,0.0,0,1,0,False
2022-11-27_ST_5,2022-11-27,ST,2022-23,12,60.0,0.0,0,1,0,False
2022-11-27_ST_6,2022-11-27,ST,2022-23,14,60.0,55.14649440654402,1,2,1,False
2022-11-27_ST_7,2022-11-27,ST,2022-23,10,60.0,71.58517872211661,1,2,1,False
2022-11-27_ST_8,2022-11-27,ST,2022-23,14,60.0,0.0,0,1,0,False
2022-11-27_ST_9,2022-11-27,ST,2022-23,11,60.0,174.56031551344526,1,2,1,False
2022-11-30_HV_1,2022-11-30,HV,2022-23,12,60.0,113.93093905678796,3,3,1,False
2022-11-30_HV_2,2022-11-30,HV,2022-23,12,60.0,57.47147362580272,1,2,1,False
2022-11-30_HV_3,2022-11-30,HV,2022-23,12,60.0,167.4469304829664,3,3,1,False
2022-11-30_HV_4,2022-11-30,HV,2022-23,12,60.0,0.0,0,1,0,False
2022-11-30_HV_5,2022-11-30,HV,2022-23,12,60.0,0.0,0,1,0,False
2022-11-30_HV_6,2022-11-30,HV,2022-23,12,60.0,0.0,0,1,0,False
2022-11-30_HV_7,2022-11-30,HV,2022-23,12,60.0,43.883704874364355,1,2,1,False
2022-11-30_HV_8,2022-11-30,HV,2022-23,12,60.0,25.859860125195542,1,2,1,False
2022-12-04_ST_1,2022-12-04,ST,2022-23,12,60.0,81.11703243736812,1,2,1,False
2022-12-04_ST_10,2022-12-04,ST,2022-23,12,60.0,155.13387765499579,3,3,1,False
2022-12-04_ST_2,2022-12-04,ST,2022-23,14,60.0,0.0,0,1,0,False
2022-12-04_ST_3,2022-12-04,ST,2022-23,12,60.0,23.634560850710404,1,2,1,False
2022-12-04_ST_4,2022-12-04,ST,2022-23,12,60.0,26.191322325050752,1,2,1,False
2022-12-04_ST_5,2022-12-04,ST,2022-23,14,60.0,43.45856044760177,1,2,1,False
2022-12-04_ST_6,2022-12-04,ST,2022-23,14,60.0,0.0,0,1,0,False
2022-12-04_ST_7,2022-12-04,ST,2022-23,14,60.0,40.7987406486173,1,2,1,False
2022-12-04_ST_8,2022-12-04,ST,2022-23,14,60.0,161.6068015222373,3,3,1,False
2022-12-04_ST_9,2022-12-04,ST,2022-23,14,60.0,162.8497035638798,1,2,1,False
2022-12-07_HV_1,2022-12-07,HV,2022-23,12,60.0,0.0,0,1,0,False
2022-12-07_HV_2,2022-12-07,HV,2022-23,12,60.0,29.142239808250828,1,2,1,False
2022-12-07_HV_3,2022-12-07,HV,2022-23,12,60.0,0.0,0,1,0,False
2022-12-07_HV_4,2022-12-07,HV,2022-23,12,60.0,0.0,0,1,0,False
2022-12-07_HV_5,2022-12-07,HV,2022-23,12,60.0,37.44531042945047,1,2,1,False
2022-12-07_HV_6,2022-12-07,HV,2022-23,12,60.0,0.0,0,1,0,False
2022-12-07_HV_7,2022-12-07,HV,2022-23,12,60.0,0.0,0,1,0,False
2022-12-07_HV_8,2022-12-07,HV,2022-23,12,60.0,0.0,0,1,0,False
2022-12-07_HV_9,2022-12-07,HV,2022-23,12,60.0,0.0,0,1,0,False
2022-12-11_ST_1,2022-12-11,ST,2022-23,14,60.0,0.0,0,1,0,False
2022-12-11_ST_10,2022-12-11,ST,2022-23,14,60.0,89.58435316350703,1,2,1,False
2022-12-11_ST_2,2022-12-11,ST,2022-23,14,60.0,48.96411868704932,1,2,1,False
2022-12-11_ST_3,2022-12-11,ST,2022-23,14,60.0,0.0,0,1,0,False
2022-12-11_ST_4,2022-12-11,ST,2022-23,9,60.0,190.03545901720037,3,3,1,False
2022-12-11_ST_5,2022-12-11,ST,2022-23,14,60.0,0.0,0,1,0,False
2022-12-11_ST_6,2022-12-11,ST,2022-23,14,60.0,29.4371533362694,1,2,1,False
2022-12-11_ST_7,2022-12-11,ST,2022-23,9,60.0,13.432301095167883,1,2,1,False
2022-12-11_ST_8,2022-12-11,ST,2022-23,12,60.0,0.0,0,1,0,False
2022-12-11_ST_9,2022-12-11,ST,2022-23,14,60.0,107.56484371866664,3,3,1,False
2022-12-14_HV_1,2022-12-14,HV,2022-23,12,60.0,0.0,0,1,0,False
2022-12-14_HV_2,2022-12-14,HV,2022-23,12,60.0,0.0,0,1,0,False
2022-12-14_HV_3,2022-12-14,HV,2022-23,12,60.0,132.3871324517721,3,3,1,False
2022-12-14_HV_4,2022-12-14,HV,2022-23,12,60.0,79.8998301859647,1,2,1,False
2022-12-14_HV_5,2022-12-14,HV,2022-23,12,60.0,32.70083497028014,1,2,1,False
2022-12-14_HV_6,2022-12-14,HV,2022-23,12,60.0,163.1972401382356,3,3,1,False
2022-12-14_HV_7,2022-12-14,HV,2022-23,12,60.0,124.51665535142502,3,3,1,False
2022-12-14_HV_8,2022-12-14,HV,2022-23,11,60.0,23.83797692346162,1,2,1,False
2022-12-14_HV_9,2022-12-14,HV,2022-23,12,60.0,103.13401837655783,3,3,1,False
2022-12-18_ST_1,2022-12-18,ST,2022-23,14,60.0,201.09667427475372,3,3,1,False
2022-12-18_ST_10,2022-12-18,ST,2022-23,14,60.0,100.07777167941131,1,2,1,False
2022-12-18_ST_2,2022-12-18,ST,2022-23,12,60.0,0.0,0,1,0,False
2022-12-18_ST_3,2022-12-18,ST,2022-23,14,60.0,0.0,0,1,0,False
2022-12-18_ST_4,2022-12-18,ST,2022-23,14,60.0,0.0,0,1,0,False
2022-12-18_ST_5,2022-12-18,ST,2022-23,14,60.0,0.0,0,1,0,False
2022-12-18_ST_6,2022-12-18,ST,2022-23,12,60.0,34.11719380779476,1,2,1,False
2022-12-18_ST_7,2022-12-18,ST,2022-23,12,60.0,34.0533114838942,1,2,1,False
2022-12-18_ST_8,2022-12-18,ST,2022-23,11,60.0,52.400402634499876,1,2,1,False
2022-12-18_ST_9,2022-12-18,ST,2022-23,12,60.0,0.0,0,1,0,False
2022-12-21_HV_1,2022-12-21,HV,2022-23,12,60.0,53.87374477311184,1,2,1,False
2022-12-21_HV_2,2022-12-21,HV,2022-23,9,60.0,83.75866980563676,3,3,1,False
2022-12-21_HV_3,2022-12-21,HV,2022-23,12,60.0,59.66043914646021,1,2,1,False
2022-12-21_HV_4,2022-12-21,HV,2022-23,12,60.0,29.23686669660836,1,2,1,False
2022-12-21_HV_5,2022-12-21,HV,2022-23,12,60.0,169.84610303932425,3,3,1,False
2022-12-21_HV_6,2022-12-21,HV,2022-23,12,60.0,0.0,0,1,0,False
2022-12-21_HV_7,2022-12-21,HV,2022-23,12,60.0,23.41233639216956,1,2,1,False
2022-12-21_HV_8,2022-12-21,HV,2022-23,12,60.0,0.0,0,1,0,False
2022-12-21_HV_9,2022-12-21,HV,2022-23,12,60.0,26.351527757413013,1,2,1,False
2022-12-24_ST_1,2022-12-24,ST,2022-23,14,60.0,90.63728985547525,3,3,1,False
2022-12-24_ST_2,2022-12-24,ST,2022-23,14,60.0,0.0,0,1,0,False
2022-12-24_ST_3,2022-12-24,ST,2022-23,14,60.0,148.1751666093507,3,3,1,False
2022-12-24_ST_4,2022-12-24,ST,2022-23,14,60.0,0.0,0,1,0,False
2022-12-24_ST_6,2022-12-24,ST,2022-23,14,60.0,0.0,0,1,0,False
2022-12-24_ST_7,2022-12-24,ST,2022-23,14,60.0,76.89341742865822,1,2,1,False
2022-12-24_ST_8,2022-12-24,ST,2022-23,14,60.0,31.840066901896922,1,2,1,False
2022-12-24_ST_9,2022-12-24,ST,2022-23,14,60.0,123.14563535928062,3,3,1,False
2022-12-28_HV_1,2022-12-28,HV,2022-23,12,60.0,0.0,0,0,0,False
2022-12-28_HV_2,2022-12-28,HV,2022-23,8,60.0,0.0,0,0,0,False
2022-12-28_HV_3,2022-12-28,HV,2022-23,12,60.0,46.63575862893651,1,2,1,False
2022-12-28_HV_4,2022-12-28,HV,2022-23,12,60.0,92.93312441694621,3,3,1,False
2022-12-28_HV_5,2022-12-28,HV,2022-23,11,60.0,131.5388996366059,3,3,1,False
2022-12-28_HV_6,2022-12-28,HV,2022-23,12,60.0,57.58802834969016,1,2,1,False
2022-12-28_HV_7,2022-12-28,HV,2022-23,12,60.0,261.70522326589435,3,3,1,False
2022-12-28_HV_8,2022-12-28,HV,2022-23,11,60.0,0.0,0,1,0,False
2022-12-28_HV_9,2022-12-28,HV,2022-23,12,60.0,0.0,0,1,0,False
2023-01-01_ST_1,2023-01-01,ST,2022-23,14,60.0,46.8345872934274,1,2,1,False
2023-01-01_ST_10,2023-01-01,ST,2022-23,14,60.0,64.66028305145326,1,2,1,False
2023-01-01_ST_11,2023-01-01,ST,2022-23,14,60.0,34.97919383149909,1,2,1,False
2023-01-01_ST_2,2023-01-01,ST,2022-23,14,60.0,0.0,0,1,0,False
2023-01-01_ST_3,2023-01-01,ST,2022-23,12,60.0,40.32757171953574,1,2,1,False
2023-01-01_ST_4,2023-01-01,ST,2022-23,12,60.0,106.34853896288087,3,3,1,False
2023-01-01_ST_5,2023-01-01,ST,2022-23,14,60.0,0.0,0,1,0,False
2023-01-01_ST_6,2023-01-01,ST,2022-23,14,60.0,0.0,0,1,0,False
2023-01-01_ST_7,2023-01-01,ST,2022-23,10,60.0,0.0,0,0,0,False
2023-01-01_ST_9,2023-01-01,ST,2022-23,10,60.0,39.773648761912064,1,2,1,False
2023-01-04_HV_1,2023-01-04,HV,2022-23,12,60.0,105.82120040960918,1,2,1,False
2023-01-04_HV_2,2023-01-04,HV,2022-23,12,60.0,39.716517493050155,1,2,1,False
2023-01-04_HV_3,2023-01-04,HV,2022-23,12,60.0,197.03798800982113,3,3,1,False
2023-01-04_HV_4,2023-01-04,HV,2022-23,12,60.0,0.0,0,1,0,False
2023-01-04_HV_5,2023-01-04,HV,2022-23,12,60.0,66.93355999891415,1,2,1,False
2023-01-04_HV_6,2023-01-04,HV,2022-23,12,60.0,0.0,0,1,0,False
2023-01-04_HV_7,2023-01-04,HV,2022-23,11,60.0,0.0,0,1,0,False
2023-01-04_HV_8,2023-01-04,HV,2022-23,12,60.0,0.0,0,1,0,False
2023-01-04_HV_9,2023-01-04,HV,2022-23,12,60.0,63.00588317967504,1,2,1,False
2023-01-08_ST_1,2023-01-08,ST,2022-23,14,60.0,0.0,0,1,0,False
2023-01-08_ST_10,2023-01-08,ST,2022-23,14,60.0,0.0,0,1,0,False
2023-01-08_ST_11,2023-01-08,ST,2022-23,12,60.0,29.23686669660836,1,2,1,False
2023-01-08_ST_2,2023-01-08,ST,2022-23,14,60.0,109.5960562540151,1,2,1,False
2023-01-08_ST_3,2023-01-08,ST,2022-23,8,60.0,36.47556036348164,1,2,1,False
2023-01-08_ST_4,2023-01-08,ST,2022-23,12,60.0,30.79743245731489,1,2,1,False
2023-01-08_ST_5,2023-01-08,ST,2022-23,14,60.0,44.23460461594291,1,2,1,False
2023-01-08_ST_6,2023-01-08,ST,2022-23,14,60.0,0.0,0,1,0,False
2023-01-08_ST_7,2023-01-08,ST,2022-23,14,60.0,49.55501112507756,1,2,1,False
2023-01-08_ST_8,2023-01-08,ST,2022-23,14,60.0,0.0,0,1,0,False
2023-01-08_ST_9,2023-01-08,ST,2022-23,14,60.0,0.0,0,1,0,False
2023-01-11_HV_1,2023-01-11,HV,2022-23,12,60.0,33.573940543148204,1,2,1,False
2023-01-11_HV_2,2023-01-11,HV,2022-23,12,60.0,57.75498208001507,1,2,1,False
2023-01-11_HV_3,2023-01-11,HV,2022-23,12,60.0,64.80009893736225,1,2,1,False
2023-01-11_HV_4,2023-01-11,HV,2022-23,10,60.0,77.06135964091564,1,2,1,False
2023-01-11_HV_5,2023-01-11,HV,2022-23,12,60.0,152.12785111313661,3,3,1,False
2023-01-11_HV_6,2023-01-11,HV,2022-23,12,60.0,0.0,0,1,0,False
2023-01-11_HV_7,2023-01-11,HV,2022-23,11,60.0,39.20194517329889,1,2,1,False
2023-01-11_HV_8,2023-01-11,HV,2022-23,11,60.0,28.171217927285895,1,2,1,False
2023-01-11_HV_9,2023-01-11,HV,2022-23,12,60.0,0.0,0,1,0,False
2023-01-15_ST_1,2023-01-15,ST,2022-23,14,60.0,0.0,0,1,0,False
2023-01-15_ST_10,2023-01-15,ST,2022-23,14,60.0,40.96441113940878,1,2,1,False
2023-01-15_ST_2,2023-01-15,ST,2022-23,13,60.0,52.9824466877617,1,2,1,False
2023-01-15_ST_3,2023-01-15,ST,2022-23,14,60.0,125.80680068203596,3,3,1,False
2023-01-15_ST_4,2023-01-15,ST,2022-23,14,60.0,0.0,0,1,0,False
2023-01-15_ST_5,2023-01-15,ST,2022-23,14,60.0,60.28591054810557,1,2,1,False
2023-01-15_ST_6,2023-01-15,ST,2022-23,14,60.0,0.0,0,1,0,False
2023-01-15_ST_7,2023-01-15,ST,2022-23,13,60.0,48.57013706605119,1,2,1,False
2023-01-15_ST_8,2023-01-15,ST,2022-23,14,60.0,0.0,0,1,0,False
2023-01-15_ST_9,2023-01-15,ST,2022-23,14,60.0,0.0,0,0,0,False
2023-01-18_HV_1,2023-01-18,HV,2022-23,12,60.0,0.0,0,1,0,False
2023-01-18_HV_2,2023-01-18,HV,2022-23,12,60.0,58.34221899230482,1,2,1,False
2023-01-18_HV_3,2023-01-18,HV,2022-23,12,60.0,78.31252055255027,1,2,1,False
2023-01-18_HV_4,2023-01-18,HV,2022-23,12,60.0,0.0,0,1,0,False
2023-01-18_HV_5,2023-01-18,HV,2022-23,12,60.0,67.6591937474695,1,2,1,False
2023-01-18_HV_6,2023-01-18,HV,2022-23,12,60.0,117.04530613708789,3,3,1,False
2023-01-18_HV_7,2023-01-18,HV,2022-23,12,60.0,39.716517493050155,1,2,1,False
2023-01-18_HV_8,2023-01-18,HV,2022-23,12,60.0,31.91625015937991,1,2,1,False
2023-01-21_ST_10,2023-01-21,ST,2022-23,13,60.0,144.74589634572584,3,3,1,False
2023-01-21_ST_2,2023-01-21,ST,2022-23,12,60.0,47.3127195931639,1,2,1,False
2023-01-21_ST_3,2023-01-21,ST,2022-23,9,60.0,31.953409330958138,1,2,1,False
2023-01-21_ST_4,2023-01-21,ST,2022-23,14,60.0,69.24769869692344,1,2,1,False
2023-01-21_ST_5,2023-01-21,ST,2022-23,12,60.0,62.14343458395579,1,2,1,False
2023-01-21_ST_6,2023-01-21,ST,2022-23,12,60.0,18.423621341654723,1,2,1,False
2023-01-21_ST_7,2023-01-21,ST,2022-23,14,60.0,0.0,0,1,0,False
2023-01-21_ST_8,2023-01-21,ST,2022-23,14,60.0,0.0,0,1,0,False
2023-01-21_ST_9,2023-01-21,ST,2022-23,14,60.0,35.846480981366135,1,2,1,False
2023-01-24_ST_1,2023-01-24,ST,2022-23,12,60.0,21.713691778716292,1,2,1,False
2023-01-24_ST_10,2023-01-24,ST,2022-23,14,60.0,0.0,0,1,0,False
2023-01-24_ST_11,2023-01-24,ST,2022-23,13,60.0,27.874660393764586,1,2,1,False
2023-01-24_ST_2,2023-01-24,ST,2022-23,14,60.0,0.0,0,1,0,False
2023-01-24_ST_3,2023-01-24,ST,2022-23,14,60.0,0.0,0,1,0,False
2023-01-24_ST_4,2023-01-24,ST,2022-23,12,60.0,0.0,0,1,0,False
2023-01-24_ST_5,2023-01-24,ST,2022-23,14,60.0,0.0,0,1,0,False
2023-01-24_ST_6,2023-01-24,ST,2022-23,14,60.0,0.0,0,1,0,False
2023-01-24_ST_7,2023-01-24,ST,2022-23,14,60.0,0.0,0,1,0,False
2023-01-24_ST_8,2023-01-24,ST,2022-23,10,60.0,0.0,0,1,0,False
2023-01-24_ST_9,2023-01-24,ST,2022-23,12,60.0,42.170594477389116,1,2,1,False
2023-01-29_ST_1,2023-01-29,ST,2022-23,14,60.0,0.0,0,1,0,False
2023-01-29_ST_10,2023-01-29,ST,2022-23,13,60.0,0.0,0,0,0,False
2023-01-29_ST_2,2023-01-29,ST,2022-23,14,60.0,0.0,0,1,0,False
2023-01-29_ST_3,2023-01-29,ST,2022-23,9,60.0,60.56481080900117,1,2,1,False
2023-01-29_ST_4,2023-01-29,ST,2022-23,14,60.0,121.93564167873468,1,2,1,False
2023-01-29_ST_5,2023-01-29,ST,2022-23,14,60.0,56.793533975693954,1,2,1,False
2023-01-29_ST_6,2023-01-29,ST,2022-23,13,60.0,121.88006922648266,3,3,1,False
2023-01-29_ST_7,2023-01-29,ST,2022-23,7,60.0,54.12079968741562,3,3,1,False
2023-01-29_ST_8,2023-01-29,ST,2022-23,14,60.0,227.70903487016446,3,3,1,False
2023-01-29_ST_9,2023-01-29,ST,2022-23,14,60.0,81.53484768605996,1,2,1,False
2023-02-01_HV_1,2023-02-01,HV,2022-23,10,60.0,58.52541999924699,1,2,1,False
2023-02-01_HV_2,2023-02-01,HV,2022-23,12,60.0,114.91016773516667,1,2,1,False
2023-02-01_HV_3,2023-02-01,HV,2022-23,12,60.0,47.44928624826573,1,2,1,False
2023-02-01_HV_4,2023-02-01,HV,2022-23,12,60.0,0.0,0,1,0,False
2023-02-01_HV_5,2023-02-01,HV,2022-23,12,60.0,39.33639477886449,1,2,1,False
2023-02-01_HV_6,2023-02-01,HV,2022-23,11,60.0,0.0,0,1,0,False
2023-02-01_HV_7,2023-02-01,HV,2022-23,12,60.0,35.932703653120406,1,2,1,False
2023-02-01_HV_8,2023-02-01,HV,2022-23,12,60.0,65.48395486233194,1,2,1,False
2023-02-01_HV_9,2023-02-01,HV,2022-23,12,60.0,0.0,0,1,0,False
2023-02-05_ST_1,2023-02-05,ST,2022-23,14,60.0,0.0,0,1,0,False
2023-02-05_ST_10,2023-02-05,ST,2022-23,14,60.0,222.96625702940995,3,3,1,False
2023-02-05_ST_2,2023-02-05,ST,2022-23,14,60.0,39.143371831588794,1,2,1,False
2023-02-05_ST_3,2023-02-05,ST,2022-23,13,60.0,142.9109825908774,3,3,1,False
2023-02-05_ST_4,2023-02-05,ST,2022-23,12,60.0,115.31735366178683,3,3,1,False
2023-02-05_ST_5,2023-02-05,ST,2022-23,14,60.0,61.49999100280224,1,2,1,False
2023-02-05_ST_6,2023-02-05,ST,2022-23,14,60.0,21.356744326378077,1,2,1,False
2023-02-05_ST_8,2023-02-05,ST,2022-23,8,60.0,87.9330450876147,3,3,1,False
2023-02-05_ST_9,2023-02-05,ST,2022-23,14,60.0,74.83914698466553,1,2,1,False
2023-02-08_HV_1,2023-02-08,HV,2022-23,12,60.0,0.0,0,1,0,False
2023-02-08_HV_2,2023-02-08,HV,2022-23,12,60.0,106.80833418215552,3,3,1,False
2023-02-08_HV_3,2023-02-08,HV,2022-23,11,60.0,148.29300844913556,3,3,1,False
2023-02-08_HV_4,2023-02-08,HV,2022-23,10,60.0,28.581885161722106,1,2,1,False
2023-02-08_HV_5,2023-02-08,HV,2022-23,12,60.0,63.00988550255411,1,2,1,False
2023-02-08_HV_6,2023-02-08,HV,2022-23,11,60.0,68.65938506469968,1,2,1,False
2023-02-08_HV_7,2023-02-08,HV,2022-23,11,60.0,0.0,0,1,0,False
2023-02-08_HV_8,2023-02-08,HV,2022-23,12,60.0,37.59675350343434,1,2,1,False
2023-02-08_HV_9,2023-02-08,HV,2022-23,12,60.0,0.0,0,1,0,False
2023-02-12_ST_1,2023-02-12,ST,2022-23,12,60.0,44.05435370469351,1,2,1,False
2023-02-12_ST_10,2023-02-12,ST,2022-23,14,60.0,0.0,0,1,0,False
2023-02-12_ST_2,2023-02-12,ST,2022-23,14,60.0,0.0,0,1,0,False
2023-02-12_ST_3,2023-02-12,ST,2022-23,8,60.0,117.35707198506978,3,3,1,False
2023-02-12_ST_4,2023-02-12,ST,2022-23,12,60.0,34.11719380779476,1,2,1,False
2023-02-12_ST_5,2023-02-12,ST,2022-23,12,60.0,0.0,0,1,0,False
2023-02-12_ST_6,2023-02-12,ST,2022-23,14,60.0,47.047167646646365,1,2,1,False
2023-02-12_ST_7,2023-02-12,ST,2022-23,11,60.0,55.4322380726386,1,2,1,False
2023-02-12_ST_8,2023-02-12,ST,2022-23,14,60.0,0.0,0,1,0,False
2023-02-12_ST_9,2023-02-12,ST,2022-23,14,60.0,152.41359089761033,3,3,1,False
2023-02-15_HV_1,2023-02-15,HV,2022-23,12,60.0,0.0,0,1,0,False
2023-02-15_HV_2,2023-02-15,HV,2022-23,12,60.0,44.32493719579203,1,2,1,False
2023-02-15_HV_3,2023-02-15,HV,2022-23,11,60.0,41.46548034918429,1,2,1,False
2023-02-15_HV_4,2023-02-15,HV,2022-23,12,60.0,34.17492278188892,1,2,1,False
2023-02-15_HV_5,2023-02-15,HV,2022-23,12,60.0,0.0,0,1,0,False
2023-02-15_HV_6,2023-02-15,HV,2022-23,12,60.0,43.07157272839755,1,2,1,False
2023-02-15_HV_7,2023-02-15,HV,2022-23,12,60.0,0.0,0,1,0,False
2023-02-15_HV_8,2023-02-15,HV,2022-23,12,60.0,129.33690101339397,3,3,1,False
2023-02-15_HV_9,2023-02-15,HV,2022-23,12,60.0,161.5220619310686,3,3,1,False
2023-02-19_ST_1,2023-02-19,ST,2022-23,14,60.0,0.0,0,1,0,False
2023-02-19_ST_10,2023-02-19,ST,2022-23,14,60.0,0.0,0,0,0,False
2023-02-19_ST_2,2023-02-19,ST,2022-23,14,60.0,48.05238349634402,1,2,1,False
2023-02-19_ST_3,2023-02-19,ST,2022-23,7,60.0,37.15235144359374,1,2,1,False
2023-02-19_ST_4,2023-02-19,ST,2022-23,14,60.0,0.0,0,1,0,False
2023-02-19_ST_5,2023-02-19,ST,2022-23,14,60.0,60.13835242315606,1,2,1,False
2023-02-19_ST_6,2023-02-19,ST,2022-23,14,60.0,50.60869181758895,1,2,1,False
2023-02-19_ST_7,2023-02-19,ST,2022-23,9,60.0,117.18059802121714,3,3,1,False
2023-02-19_ST_8,2023-02-19,ST,2022-23,9,60.0,114.4087830256645,3,3,1,False
2023-02-19_ST_9,2023-02-19,ST,2022-23,13,60.0,0.0,0,1,0,False
2023-02-22_HV_1,2023-02-22,HV,2022-23,12,60.0,0.0,0,1,0,False
2023-02-22_HV_2,2023-02-22,HV,2022-23,12,60.0,80.70275462857306,1,2,1,False
2023-02-22_HV_3,2023-02-22,HV,2022-23,11,60.0,46.76948411031292,1,2,1,False
2023-02-22_HV_4,2023-02-22,HV,2022-23,12,60.0,182.746033685739,3,3,1,False
2023-02-22_HV_5,2023-02-22,HV,2022-23,11,60.0,40.44562065470147,1,2,1,False
2023-02-22_HV_6,2023-02-22,HV,2022-23,12,60.0,25.67494635865439,1,2,1,False
2023-02-22_HV_7,2023-02-22,HV,2022-23,12,60.0,0.0,0,1,0,False
2023-02-26_ST_1,2023-02-26,ST,2022-23,14,60.0,0.0,0,0,0,False
2023-02-26_ST_10,2023-02-26,ST,2022-23,14,60.0,0.0,0,0,0,False
2023-02-26_ST_2,2023-02-26,ST,2022-23,10,60.0,24.52781934213391,1,2,1,False
2023-02-26_ST_3,2023-02-26,ST,2022-23,8,60.0,18.742140599151266,1,2,1,False
2023-02-26_ST_4,2023-02-26,ST,2022-23,14,60.0,181.28261075396378,3,3,1,False
2023-02-26_ST_5,2023-02-26,ST,2022-23,14,60.0,0.0,0,0,0,False
2023-02-26_ST_6,2023-02-26,ST,2022-23,14,60.0,192.58981556353874,3,3,1,False
2023-02-26_ST_7,2023-02-26,ST,2022-23,7,60.0,186.2759924427574,3,3,1,False
2023-02-26_ST_8,2023-02-26,ST,2022-23,14,60.0,0.0,0,0,0,False
2023-02-26_ST_9,2023-02-26,ST,2022-23,14,60.0,66.85292763365909,1,2,1,False
2023-03-01_HV_1,2023-03-01,HV,2022-23,11,60.0,76.84935762968662,1,2,1,False
2023-03-01_HV_2,2023-03-01,HV,2022-23,12,60.0,0.0,0,1,0,False
2023-03-01_HV_3,2023-03-01,HV,2022-23,11,60.0,32.186021788262664,1,2,1,False
2023-03-01_HV_4,2023-03-01,HV,2022-23,12,60.0,39.95332368283122,1,2,1,False
2023-03-01_HV_5,2023-03-01,HV,2022-23,12,60.0,48.86365894670543,1,2,1,False
2023-03-01_HV_6,2023-03-01,HV,2022-23,12,60.0,37.240515771509145,1,2,1,False
2023-03-01_HV_7,2023-03-01,HV,2022-23,12,60.0,47.3127195931639,1,2,1,False
2023-03-01_HV_8,2023-03-01,HV,2022-23,12,60.0,0.0,0,1,0,False
2023-03-01_HV_9,2023-03-01,HV,2022-23,12,60.0,200.52249612991247,3,3,1,False
2023-03-05_ST_1,2023-03-05,ST,2022-23,14,60.0,38.19007990338181,1,2,1,False
2023-03-05_ST_10,2023-03-05,ST,2022-23,14,60.0,46.493044078992696,1,2,1,False
2023-03-05_ST_2,2023-03-05,ST,2022-23,13,60.0,52.555133441374174,1,2,1,False
2023-03-05_ST_3,2023-03-05,ST,2022-23,8,60.0,21.089068767570037,1,2,1,False
2023-03-05_ST_4,2023-03-05,ST,2022-23,14,60.0,76.95145493052854,1,2,1,False
2023-03-05_ST_5,2023-03-05,ST,2022-23,12,60.0,32.35065875367523,1,2,1,False
2023-03-05_ST_6,2023-03-05,ST,2022-23,14,60.0,0.0,0,1,0,False
2023-03-05_ST_7,2023-03-05,ST,2022-23,9,60.0,32.9333952636983,1,2,1,False
2023-03-05_ST_8,2023-03-05,ST,2022-23,11,60.0,39.55679245353288,1,2,1,False
2023-03-05_ST_9,2023-03-05,ST,2022-23,12,60.0,35.766305733563584,1,2,1,False
2023-03-08_HV_1,2023-03-08,HV,2022-23,12,60.0,163.7957175922342,3,3,1,False
2023-03-08_HV_2,2023-03-08,HV,2022-23,12,60.0,59.93242483195458,1,2,1,False
2023-03-08_HV_3,2023-03-08,HV,2022-23,12,60.0,27.882080266228655,1,2,1,False
2023-03-08_HV_4,2023-03-08,HV,2022-23,12,60.0,0.0,0,1,0,False
2023-03-08_HV_5,2023-03-08,HV,2022-23,12,60.0,69.72516214340928,1,2,1,False
2023-03-08_HV_6,2023-03-08,HV,2022-23,12,60.0,161.49895242615975,1,2,1,False
2023-03-08_HV_7,2023-03-08,HV,2022-23,12,60.0,48.220010836437254,1,2,1,False
2023-03-08_HV_8,2023-03-08,HV,2022-23,12,60.0,31.740411357835356,1,2,1,False
2023-03-08_HV_9,2023-03-08,HV,2022-23,12,60.0,0.0,0,1,0,False
2023-03-11_ST_1,2023-03-11,ST,2022-23,14,60.0,28.049256374833035,1,2,1,False
2023-03-11_ST_10,2023-03-11,ST,2022-23,12,60.0,288.86396022438805,3,3,1,False
2023-03-11_ST_2,2023-03-11,ST,2022-23,12,60.0,331.93092166193355,3,3,1,False
2023-03-11_ST_3,2023-03-11,ST,2022-23,11,60.0,59.50065147155108,1,2,1,False
2023-03-11_ST_4,2023-03-11,ST,2022-23,14,60.0,0.0,0,1,0,False
2023-03-11_ST_5,2023-03-11,ST,2022-23,13,60.0,37.29608607662209,1,2,1,False
2023-03-11_ST_6,2023-03-11,ST,2022-23,14,60.0,71.64970462151723,1,2,1,False
2023-03-11_ST_7,2023-03-11,ST,2022-23,9,60.0,24.514318865788702,1,2,1,False
2023-03-11_ST_8,2023-03-11,ST,2022-23,14,60.0,177.2610944372787,3,3,1,False
2023-03-11_ST_9,2023-03-11,ST,2022-23,14,60.0,22.67152011919059,1,2,1,False
2023-03-15_HV_1,2023-03-15,HV,2022-23,12,60.0,145.31373733115174,3,3,1,False
2023-03-15_HV_2,2023-03-15,HV,2022-23,12,60.0,0.0,0,1,0,False
2023-03-15_HV_3,2023-03-15,HV,2022-23,12,60.0,31.942883557560602,1,2,1,False
2023-03-15_HV_4,2023-03-15,HV,2022-23,12,60.0,62.24018758806392,1,2,1,False
2023-03-15_HV_5,2023-03-15,HV,2022-23,12,60.0,0.0,0,1,0,False
2023-03-15_HV_6,2023-03-15,HV,2022-23,12,60.0,56.29647837032499,1,2,1,False
2023-03-15_HV_7,2023-03-15,HV,2022-23,10,60.0,19.041020657695345,1,2,1,False
2023-03-15_HV_8,2023-03-15,HV,2022-23,12,60.0,63.23200843792018,1,2,1,False
2023-03-15_HV_9,2023-03-15,HV,2022-23,12,60.0,78.93609897181675,1,2,1,False
2023-03-19_ST_1,2023-03-19,ST,2022-23,14,60.0,0.0,0,1,0,False
2023-03-19_ST_10,2023-03-19,ST,2022-23,14,60.0,20.816063124265252,1,2,1,False
2023-03-19_ST_2,2023-03-19,ST,2022-23,14,60.0,0.0,0,1,0,False
2023-03-19_ST_3,2023-03-19,ST,2022-23,13,60.0,36.68459369955143,1,2,1,False
2023-03-19_ST_4,2023-03-19,ST,2022-23,14,60.0,28.87148930627467,1,2,1,False
2023-03-19_ST_5,2023-03-19,ST,2022-23,11,60.0,16.50554225216812,1,2,1,False
2023-03-19_ST_6,2023-03-19,ST,2022-23,14,60.0,34.51103830674555,1,2,1,False
2023-03-19_ST_8,2023-03-19,ST,2022-23,14,60.0,51.02242377311029,1,2,1,False
2023-03-19_ST_9,2023-03-19,ST,2022-23,14,60.0,0.0,0,1,0,False
2023-03-22_HV_1,2023-03-22,HV,2022-23,12,60.0,0.0,0,1,0,False
2023-03-22_HV_2,2023-03-22,HV,2022-23,12,60.0,17.264845315533666,1,2,1,False
2023-03-22_HV_3,2023-03-22,HV,2022-23,12,60.0,0.0,0,1,0,False
2023-03-22_HV_4,2023-03-22,HV,2022-23,12,60.0,79.74016275119008,1,2,1,False
2023-03-22_HV_5,2023-03-22,HV,2022-23,12,60.0,0.0,0,1,0,False
2023-03-22_HV_6,2023-03-22,HV,2022-23,12,60.0,41.3757728537171,1,2,1,False
2023-03-22_HV_7,2023-03-22,HV,2022-23,12,60.0,27.030672362692766,1,2,1,False
2023-03-22_HV_8,2023-03-22,HV,2022-23,11,60.0,160.19584853181678,3,3,1,False
2023-03-22_HV_9,2023-03-22,HV,2022-23,12,60.0,158.0825467365592,3,3,1,False
2023-03-26_ST_1,2023-03-26,ST,2022-23,12,60.0,57.055303325244296,1,2,1,False
2023-03-26_ST_10,2023-03-26,ST,2022-23,13,60.0,49.797177308827116,1,2,1,False
2023-03-26_ST_2,2023-03-26,ST,2022-23,14,60.0,177.8699461251066,3,3,1,False
2023-03-26_ST_3,2023-03-26,ST,2022-23,12,60.0,43.69325279656537,1,2,1,False
2023-03-26_ST_4,2023-03-26,ST,2022-23,13,60.0,78.91005554274332,1,2,1,False
2023-03-26_ST_5,2023-03-26,ST,2022-23,14,60.0,184.22596719205467,3,3,1,False
2023-03-26_ST_6,2023-03-26,ST,2022-23,11,60.0,0.0,0,1,0,False
2023-03-26_ST_7,2023-03-26,ST,2022-23,12,60.0,24.100886958505896,1,2,1,False
2023-03-26_ST_8,2023-03-26,ST,2022-23,14,60.0,0.0,0,1,0,False
2023-03-26_ST_9,2023-03-26,ST,2022-23,14,60.0,44.23460461594291,1,2,1,False
2023-03-29_ST_1,2023-03-29,ST,2022-23,12,60.0,257.54747305711015,3,3,1,False
2023-03-29_ST_2,2023-03-29,ST,2022-23,12,60.0,0.0,0,1,0,False
2023-03-29_ST_3,2023-03-29,ST,2022-23,14,60.0,61.49999100280224,1,2,1,False
2023-03-29_ST_4,2023-03-29,ST,2022-23,12,60.0,27.80890860420969,1,2,1,False
2023-03-29_ST_5,2023-03-29,ST,2022-23,14,60.0,0.0,0,1,0,False
2023-03-29_ST_6,2023-03-29,ST,2022-23,10,60.0,35.640854656122514,1,2,1,False
2023-03-29_ST_7,2023-03-29,ST,2022-23,12,60.0,41.91311342023254,1,2,1,False
2023-03-29_ST_8,2023-03-29,ST,2022-23,12,60.0,0.0,0,1,0,False
2023-04-02_ST_1,2023-04-02,ST,2022-23,13,60.0,78.36889074297689,1,2,1,False
2023-04-02_ST_10,2023-04-02,ST,2022-23,14,60.0,37.95145124207166,1,2,1,False
2023-04-02_ST_2,2023-04-02,ST,2022-23,13,60.0,0.0,0,1,0,False
2023-04-02_ST_3,2023-04-02,ST,2022-23,8,60.0,41.432025980880255,1,2,1,False
2023-04-02_ST_4,2023-04-02,ST,2022-23,14,60.0,169.78747206503448,3,3,1,False
2023-04-02_ST_5,2023-04-02,ST,2022-23,14,60.0,46.17021158628502,1,2,1,False
2023-04-02_ST_6,2023-04-02,ST,2022-23,13,60.0,0.0,0,1,0,False
2023-04-02_ST_7,2023-04-02,ST,2022-23,14,60.0,0.0,0,1,0,False
2023-04-02_ST_8,2023-04-02,ST,2022-23,12,60.0,22.492839777603397,1,2,1,False
2023-04-02_ST_9,2023-04-02,ST,2022-23,12,60.0,202.35196412277656,3,3,1,False
2023-04-06_HV_1,2023-04-06,HV,2022-23,10,60.0,0.0,0,1,0,False
2023-04-06_HV_2,2023-04-06,HV,2022-23,12,60.0,24.957207015150118,1,2,1,False
2023-04-06_HV_3,2023-04-06,HV,2022-23,12,60.0,59.69555203939604,1,2,1,False
2023-04-06_HV_4,2023-04-06,HV,2022-23,11,60.0,0.0,0,1,0,False
2023-04-06_HV_5,2023-04-06,HV,2022-23,9,60.0,32.618689907450936,1,2,1,False
2023-04-06_HV_6,2023-04-06,HV,2022-23,12,60.0,0.0,0,1,0,False
2023-04-06_HV_7,2023-04-06,HV,2022-23,10,60.0,29.88102251063341,1,2,1,False
2023-04-06_HV_8,2023-04-06,HV,2022-23,12,60.0,39.66815133638039,1,2,1,False
2023-04-06_HV_9,2023-04-06,HV,2022-23,12,60.0,28.317368466070622,1,2,1,False
2023-04-09_ST_1,2023-04-09,ST,2022-23,7,60.0,91.10083532718109,3,3,1,False
2023-04-09_ST_10,2023-04-09,ST,2022-23,12,60.0,23.31342271306316,1,2,1,False
2023-04-09_ST_11,2023-04-09,ST,2022-23,14,60.0,52.693338048722154,1,2,1,False
2023-04-09_ST_2,2023-04-09,ST,2022-23,14,60.0,50.717674846665815,1,2,1,False
2023-04-09_ST_3,2023-04-09,ST,2022-23,13,60.0,112.73622788000992,3,3,1,False
2023-04-09_ST_4,2023-04-09,ST,2022-23,12,60.0,39.730574203869615,1,2,1,False
2023-04-09_ST_5,2023-04-09,ST,2022-23,12,60.0,22.922935985696963,1,2,1,False
2023-04-09_ST_6,2023-04-09,ST,2022-23,13,60.0,114.39489271639337,3,3,1,False
2023-04-09_ST_7,2023-04-09,ST,2022-23,14,60.0,111.38621353760703,3,3,1,False
2023-04-09_ST_8,2023-04-09,ST,2022-23,7,60.0,12.875316429294552,1,2,1,False
2023-04-09_ST_9,2023-04-09,ST,2022-23,8,60.0,117.83947195148285,3,3,1,False
2023-04-12_HV_1,2023-04-12,HV,2022-23,8,60.0,29.25021819658446,1,2,1,False
2023-04-12_HV_2,2023-04-12,HV,2022-23,12,60.0,0.0,0,1,0,False
2023-04-12_HV_3,2023-04-12,HV,2022-23,12,60.0,44.43085532232593,1,2,1,False
2023-04-12_HV_4,2023-04-12,HV,2022-23,9,60.0,35.845233630096786,1,2,1,False
2023-04-12_HV_5,2023-04-12,HV,2022-23,11,60.0,34.92437704115521,1,2,1,False
2023-04-12_HV_6,2023-04-12,HV,2022-23,12,60.0,0.0,0,1,0,False
2023-04-12_HV_7,2023-04-12,HV,2022-23,12,60.0,0.0,0,1,0,False
2023-04-12_HV_8,2023-04-12,HV,2022-23,11,60.0,31.58470970813832,1,2,1,False
2023-04-12_HV_9,2023-04-12,HV,2022-23,12,60.0,205.125571736601,3,3,1,False
2023-04-15_ST_1,2023-04-15,ST,2022-23,14,60.0,0.0,0,1,0,False
2023-04-15_ST_10,2023-04-15,ST,2022-23,14,60.0,0.0,0,1,0,False
2023-04-15_ST_2,2023-04-15,ST,2022-23,11,60.0,50.71178461669657,1,2,1,False
2023-04-15_ST_3,2023-04-15,ST,2022-23,14,60.0,0.0,0,1,0,False
2023-04-15_ST_4,2023-04-15,ST,2022-23,12,60.0,26.621361091805802,1,2,1,False
2023-04-15_ST_5,2023-04-15,ST,2022-23,14,60.0,50.80919155579527,1,2,1,False
2023-04-15_ST_6,2023-04-15,ST,2022-23,13,60.0,76.11059227515877,1,2,1,False
2023-04-15_ST_7,2023-04-15,ST,2022-23,13,60.0,41.029535842019584,1,2,1,False
2023-04-15_ST_8,2023-04-15,ST,2022-23,13,60.0,235.82037171999778,3,3,1,False
2023-04-15_ST_9,2023-04-15,ST,2022-23,12,60.0,20.64934699067697,1,2,1,False
2023-04-19_HV_1,2023-04-19,HV,2022-23,12,60.0,237.54234272513867,3,3,1,False
2023-04-19_HV_2,2023-04-19,HV,2022-23,12,60.0,0.0,0,1,0,False
2023-04-19_HV_3,2023-04-19,HV,2022-23,8,60.0,45.582334074037114,1,2,1,False
2023-04-19_HV_4,2023-04-19,HV,2022-23,12,60.0,0.0,0,1,0,False
2023-04-19_HV_5,2023-04-19,HV,2022-23,12,60.0,146.67254283740888,3,3,1,False
2023-04-19_HV_6,2023-04-19,HV,2022-23,11,60.0,61.49570722233769,1,2,1,False
2023-04-19_HV_7,2023-04-19,HV,2022-23,10,60.0,25.006202769014852,1,2,1,False
2023-04-19_HV_8,2023-04-19,HV,2022-23,12,60.0,187.7451481412147,3,3,1,False
2023-04-19_HV_9,2023-04-19,HV,2022-23,9,60.0,178.1998438673939,3,3,1,False
2023-04-23_ST_1,2023-04-23,ST,2022-23,7,60.0,26.523553055846147,1,2,1,False
2023-04-23_ST_10,2023-04-23,ST,2022-23,12,60.0,128.1254699629271,3,3,1,False
2023-04-23_ST_2,2023-04-23,ST,2022-23,10,60.0,60.71691927989005,1,2,1,False
2023-04-23_ST_3,2023-04-23,ST,2022-23,14,60.0,0.0,0,0,0,False
2023-04-23_ST_4,2023-04-23,ST,2022-23,10,60.0,0.0,0,1,0,False
2023-04-23_ST_5,2023-04-23,ST,2022-23,12,60.0,0.0,0,1,0,False
2023-04-23_ST_6,2023-04-23,ST,2022-23,10,60.0,87.08626104191706,3,3,1,False
2023-04-23_ST_7,2023-04-23,ST,2022-23,14,60.0,0.0,0,1,0,False
2023-04-23_ST_8,2023-04-23,ST,2022-23,11,60.0,0.0,0,0,0,False
2023-04-23_ST_9,2023-04-23,ST,2022-23,14,60.0,35.16026011463116,1,2,1,False
2023-04-26_HV_1,2023-04-26,HV,2022-23,12,60.0,0.0,0,1,0,False
2023-04-26_HV_2,2023-04-26,HV,2022-23,12,60.0,46.23615486834078,1,2,1,False
2023-04-26_HV_3,2023-04-26,HV,2022-23,12,60.0,0.0,0,1,0,False
2023-04-26_HV_4,2023-04-26,HV,2022-23,12,60.0,32.44159852894251,1,2,1,False
2023-04-26_HV_5,2023-04-26,HV,2022-23,12,60.0,0.0,0,1,0,False
2023-04-26_HV_6,2023-04-26,HV,2022-23,12,60.0,48.220010836437254,1,2,1,False
2023-04-26_HV_7,2023-04-26,HV,2022-23,12,60.0,34.72064652474527,1,2,1,False
2023-04-26_HV_8,2023-04-26,HV,2022-23,11,60.0,49.00220387015365,1,2,1,False
2023-04-26_HV_9,2023-04-26,HV,2022-23,12,60.0,226.44483200187528,3,3,1,False
2023-04-30_ST_1,2023-04-30,ST,2022-23,14,60.0,0.0,0,1,0,False
2023-04-30_ST_10,2023-04-30,ST,2022-23,14,60.0,24.643083086178915,1,2,1,False
2023-04-30_ST_2,2023-04-30,ST,2022-23,14,60.0,163.36638064288164,3,3,1,False
2023-04-30_ST_3,2023-04-30,ST,2022-23,14,60.0,15.259602814168398,1,2,1,False
2023-04-30_ST_4,2023-04-30,ST,2022-23,13,60.0,49.138529478834435,1,2,1,False
2023-04-30_ST_5,2023-04-30,ST,2022-23,8,60.0,14.895744100123112,1,2,1,False
2023-04-30_ST_6,2023-04-30,ST,2022-23,14,60.0,45.05469932793849,1,2,1,False
2023-04-30_ST_7,2023-04-30,ST,2022-23,8,60.0,12.819216449237777,1,2,1,False
2023-04-30_ST_8,2023-04-30,ST,2022-23,7,60.0,24.213765653019937,1,2,1,False
2023-04-30_ST_9,2023-04-30,ST,2022-23,14,60.0,0.0,0,1,0,False
2023-05-03_HV_1,2023-05-03,HV,2022-23,11,60.0,0.0,0,0,0,False
2023-05-03_HV_2,2023-05-03,HV,2022-23,12,60.0,62.87175391309207,1,2,1,False
2023-05-03_HV_3,2023-05-03,HV,2022-23,12,60.0,67.1279107694233,1,2,1,False
2023-05-03_HV_4,2023-05-03,HV,2022-23,12,60.0,55.59662780726483,1,2,1,False
2023-05-03_HV_5,2023-05-03,HV,2022-23,12,60.0,0.0,0,1,0,False
2023-05-03_HV_6,2023-05-03,HV,2022-23,11,60.0,58.50035734304804,1,2,1,False
2023-05-03_HV_7,2023-05-03,HV,2022-23,12,60.0,0.0,0,1,0,False
2023-05-03_HV_8,2023-05-03,HV,2022-23,12,60.0,33.573940543148204,1,2,1,False
2023-05-03_HV_9,2023-05-03,HV,2022-23,12,60.0,72.86847723157291,1,2,1,False
2023-05-07_ST_1,2023-05-07,ST,2022-23,8,60.0,0.0,0,1,0,False
2023-05-07_ST_10,2023-05-07,ST,2022-23,14,60.0,0.0,0,1,0,False
2023-05-07_ST_11,2023-05-07,ST,2022-23,12,60.0,0.0,0,1,0,False
2023-05-07_ST_2,2023-05-07,ST,2022-23,14,60.0,167.03943402185178,3,3,1,False
2023-05-07_ST_3,2023-05-07,ST,2022-23,14,60.0,31.53489496055194,1,2,1,False
2023-05-07_ST_4,2023-05-07,ST,2022-23,10,60.0,0.0,0,1,0,False
2023-05-07_ST_5,2023-05-07,ST,2022-23,14,60.0,117.90219985616567,1,2,1,False
2023-05-07_ST_6,2023-05-07,ST,2022-23,14,60.0,60.33979642666845,1,2,1,False
2023-05-07_ST_7,2023-05-07,ST,2022-23,10,60.0,20.626685848773903,1,2,1,False
2023-05-07_ST_8,2023-05-07,ST,2022-23,14,60.0,0.0,0,0,0,False
2023-05-07_ST_9,2023-05-07,ST,2022-23,12,60.0,35.06239622259599,1,2,1,False
2023-05-10_ST_1,2023-05-10,ST,2022-23,12,60.0,162.31829899783577,3,3,1,False
2023-05-10_ST_2,2023-05-10,ST,2022-23,10,60.0,56.3115521097546,1,2,1,False
2023-05-10_ST_3,2023-05-10,ST,2022-23,14,60.0,107.52313688642057,1,2,1,False
2023-05-10_ST_4,2023-05-10,ST,2022-23,13,60.0,140.48159551994982,3,3,1,False
2023-05-10_ST_5,2023-05-10,ST,2022-23,12,60.0,0.0,0,1,0,False
2023-05-10_ST_6,2023-05-10,ST,2022-23,11,60.0,41.08176784018739,1,2,1,False
2023-05-10_ST_7,2023-05-10,ST,2022-23,14,60.0,52.586168006476136,1,2,1,False
2023-05-10_ST_8,2023-05-10,ST,2022-23,12,60.0,32.92528691024601,1,2,1,False
2023-05-13_ST_1,2023-05-13,ST,2022-23,14,60.0,61.85601306435247,1,2,1,False
2023-05-13_ST_10,2023-05-13,ST,2022-23,13,60.0,65.6206470672607,1,2,1,False
2023-05-13_ST_2,2023-05-13,ST,2022-23,12,60.0,35.80891595491981,1,2,1,False
2023-05-13_ST_3,2023-05-13,ST,2022-23,12,60.0,25.20768372352771,1,2,1,False
2023-05-13_ST_4,2023-05-13,ST,2022-23,12,60.0,0.0,0,0,0,False
2023-05-13_ST_5,2023-05-13,ST,2022-23,14,60.0,71.46891486087253,1,2,1,False
2023-05-13_ST_6,2023-05-13,ST,2022-23,14,60.0,0.0,0,1,0,False
2023-05-13_ST_7,2023-05-13,ST,2022-23,14,60.0,151.61149489891142,3,3,1,False
2023-05-13_ST_8,2023-05-13,ST,2022-23,12,60.0,42.52122554741942,1,2,1,False
2023-05-13_ST_9,2023-05-13,ST,2022-23,13,60.0,0.0,0,0,0,False
2023-05-17_HV_1,2023-05-17,HV,2022-23,12,60.0,46.23615486834078,1,2,1,False
2023-05-17_HV_2,2023-05-17,HV,2022-23,12,60.0,0.0,0,1,0,False
2023-05-17_HV_3,2023-05-17,HV,2022-23,12,60.0,67.96934892931321,1,2,1,False
2023-05-17_HV_4,2023-05-17,HV,2022-23,12,60.0,0.0,0,1,0,False
2023-05-17_HV_5,2023-05-17,HV,2022-23,12,60.0,62.48245520578167,1,2,1,False
2023-05-17_HV_6,2023-05-17,HV,2022-23,12,60.0,88.29746116106779,1,2,1,False
2023-05-17_HV_7,2023-05-17,HV,2022-23,12,60.0,62.02472320300802,1,2,1,False
2023-05-17_HV_8,2023-05-17,HV,2022-23,12,60.0,32.03466466855433,1,2,1,False
2023-05-17_HV_9,2023-05-17,HV,2022-23,12,60.0,65.17307718291104,1,2,1,False
2023-05-21_ST_1,2023-05-21,ST,2022-23,12,60.0,0.0,0,1,0,False
2023-05-21_ST_10,2023-05-21,ST,2022-23,12,60.0,0.0,0,1,0,False
2023-05-21_ST_2,2023-05-21,ST,2022-23,14,60.0,0.0,0,1,0,False
2023-05-21_ST_3,2023-05-21,ST,2022-23,14,60.0,0.0,0,1,0,False
2023-05-21_ST_4,2023-05-21,ST,2022-23,14,60.0,0.0,0,1,0,False
2023-05-21_ST_5,2023-05-21,ST,2022-23,14,60.0,0.0,0,1,0,False
2023-05-21_ST_6,2023-05-21,ST,2022-23,14,60.0,0.0,0,1,0,False
2023-05-21_ST_7,2023-05-21,ST,2022-23,11,60.0,47.15490077330428,1,2,1,False
2023-05-21_ST_8,2023-05-21,ST,2022-23,11,60.0,20.943015611662627,1,2,1,False
2023-05-21_ST_9,2023-05-21,ST,2022-23,12,60.0,48.86263332774452,1,2,1,False
2023-05-24_HV_1,2023-05-24,HV,2022-23,12,60.0,35.6189124261882,1,2,1,False
2023-05-24_HV_2,2023-05-24,HV,2022-23,12,60.0,158.67908800481774,3,3,1,False
2023-05-24_HV_3,2023-05-24,HV,2022-23,12,60.0,0.0,0,1,0,False
2023-05-24_HV_4,2023-05-24,HV,2022-23,12,60.0,39.72586659522617,1,2,1,False
2023-05-24_HV_5,2023-05-24,HV,2022-23,11,60.0,0.0,0,1,0,False
2023-05-24_HV_6,2023-05-24,HV,2022-23,10,60.0,31.42324877873654,1,2,1,False
2023-05-24_HV_7,2023-05-24,HV,2022-23,12,60.0,51.59945250552155,1,2,1,False
2023-05-24_HV_8,2023-05-24,HV,2022-23,12,60.0,0.0,0,0,0,False
2023-05-24_HV_9,2023-05-24,HV,2022-23,12,60.0,68.52593099286996,1,2,1,False
2023-05-28_ST_1,2023-05-28,ST,2022-23,11,60.0,0.0,0,1,0,False
2023-05-28_ST_10,2023-05-28,ST,2022-23,12,60.0,0.0,0,1,0,False
2023-05-28_ST_11,2023-05-28,ST,2022-23,14,60.0,64.63367827448693,1,2,1,False
2023-05-28_ST_2,2023-05-28,ST,2022-23,7,60.0,109.12203310808304,3,3,1,False
2023-05-28_ST_3,2023-05-28,ST,2022-23,14,60.0,44.769122404725906,1,2,1,False
2023-05-28_ST_4,2023-05-28,ST,2022-23,8,60.0,52.842968675217115,1,2,1,False
2023-05-28_ST_5,2023-05-28,ST,2022-23,14,60.0,0.0,0,1,0,False
2023-05-28_ST_6,2023-05-28,ST,2022-23,14,60.0,73.05201809344386,1,2,1,False
2023-05-28_ST_7,2023-05-28,ST,2022-23,14,60.0,0.0,0,1,0,False
2023-05-28_ST_8,2023-05-28,ST,2022-23,9,60.0,14.907517180677589,1,2,1,False
2023-05-28_ST_9,2023-05-28,ST,2022-23,11,60.0,37.943365627680556,1,2,1,False
2023-05-31_HV_1,2023-05-31,HV,2022-23,12,60.0,57.393735920155414,1,2,1,False
2023-05-31_HV_2,2023-05-31,HV,2022-23,12,60.0,0.0,0,1,0,False
2023-05-31_HV_3,2023-05-31,HV,2022-23,11,60.0,0.0,0,1,0,False
2023-05-31_HV_4,2023-05-31,HV,2022-23,12,60.0,40.787934687973404,1,2,1,False
2023-05-31_HV_5,2023-05-31,HV,2022-23,12,60.0,38.92097676110784,1,2,1,False
2023-05-31_HV_6,2023-05-31,HV,2022-23,12,60.0,35.932703653120406,1,2,1,False
2023-05-31_HV_7,2023-05-31,HV,2022-23,12,60.0,47.60556319551718,1,2,1,False
2023-05-31_HV_8,2023-05-31,HV,2022-23,12,60.0,27.189548692361306,1,2,1,False
2023-05-31_HV_9,2023-05-31,HV,2022-23,12,60.0,0.0,0,1,0,False
2023-06-04_ST_1,2023-06-04,ST,2022-23,13,60.0,0.0,0,1,0,False
2023-06-04_ST_10,2023-06-04,ST,2022-23,14,60.0,0.0,0,1,0,False
2023-06-04_ST_2,2023-06-04,ST,2022-23,12,60.0,0.0,0,0,0,False
2023-06-04_ST_4,2023-06-04,ST,2022-23,14,60.0,0.0,0,1,0,False
2023-06-04_ST_5,2023-06-04,ST,2022-23,14,60.0,0.0,0,1,0,False
2023-06-04_ST_6,2023-06-04,ST,2022-23,14,60.0,32.97679884230489,1,2,1,False
2023-06-04_ST_7,2023-06-04,ST,2022-23,8,60.0,85.15966616890293,3,3,1,False
2023-06-04_ST_8,2023-06-04,ST,2022-23,12,60.0,33.51517662555408,1,2,1,False
2023-06-04_ST_9,2023-06-04,ST,2022-23,14,60.0,0.0,0,1,0,False
2023-06-07_HV_1,2023-06-07,HV,2022-23,12,60.0,50.93764527286186,1,2,1,False
2023-06-07_HV_2,2023-06-07,HV,2022-23,12,60.0,44.84918620495139,1,2,1,False
2023-06-07_HV_3,2023-06-07,HV,2022-23,12,60.0,0.0,0,1,0,False
2023-06-07_HV_4,2023-06-07,HV,2022-23,12,60.0,36.49541248641868,1,2,1,False
2023-06-07_HV_5,2023-06-07,HV,2022-23,11,60.0,0.0,0,1,0,False
2023-06-07_HV_6,2023-06-07,HV,2022-23,12,60.0,42.419594287140235,1,2,1,False
2023-06-07_HV_7,2023-06-07,HV,2022-23,12,60.0,0.0,0,1,0,False
2023-06-07_HV_8,2023-06-07,HV,2022-23,10,60.0,27.52909343096539,1,2,1,False
2023-06-07_HV_9,2023-06-07,HV,2022-23,11,60.0,29.075512709871028,1,2,1,False
2023-06-10_ST_1,2023-06-10,ST,2022-23,7,60.0,75.16616395971026,3,3,1,False
2023-06-10_ST_10,2023-06-10,ST,2022-23,12,60.0,42.8945078039732,1,2,1,False
2023-06-10_ST_2,2023-06-10,ST,2022-23,11,60.0,59.533188417283235,1,2,1,False
2023-06-10_ST_3,2023-06-10,ST,2022-23,8,60.0,0.0,0,1,0,False
2023-06-10_ST_4,2023-06-10,ST,2022-23,14,60.0,0.0,0,1,0,False
2023-06-10_ST_5,2023-06-10,ST,2022-23,12,60.0,146.44795923615862,1,2,1,False
2023-06-10_ST_6,2023-06-10,ST,2022-23,12,60.0,102.39471244215127,3,3,1,False
2023-06-10_ST_7,2023-06-10,ST,2022-23,13,60.0,55.49444128593862,1,2,1,False
2023-06-10_ST_8,2023-06-10,ST,2022-23,14,60.0,347.7095364855673,3,3,1,False
2023-06-10_ST_9,2023-06-10,ST,2022-23,12,60.0,41.82742056046834,1,2,1,False
2023-06-14_HV_1,2023-06-14,HV,2022-23,12,60.0,0.0,0,0,0,False
2023-06-14_HV_2,2023-06-14,HV,2022-23,12,60.0,25.50417011849123,1,2,1,False
2023-06-14_HV_3,2023-06-14,HV,2022-23,12,60.0,149.48941831161568,3,3,1,False
2023-06-14_HV_4,2023-06-14,HV,2022-23,11,60.0,0.0,0,1,0,False
2023-06-14_HV_5,2023-06-14,HV,2022-23,9,60.0,51.71956584783535,1,2,1,False
2023-06-14_HV_6,2023-06-14,HV,2022-23,12,60.0,38.30077699908705,1,2,1,False
2023-06-14_HV_7,2023-06-14,HV,2022-23,12,60.0,161.46867365487134,3,3,1,False
2023-06-14_HV_8,2023-06-14,HV,2022-23,12,60.0,106.39612971459424,1,2,1,False
2023-06-14_HV_9,2023-06-14,HV,2022-23,12,60.0,185.3893044005399,3,3,1,False
2023-06-18_ST_1,2023-06-18,ST,2022-23,10,60.0,24.8262204932608,1,2,1,False
2023-06-18_ST_10,2023-06-18,ST,2022-23,12,60.0,42.90571944928257,1,2,1,False
2023-06-18_ST_11,2023-06-18,ST,2022-23,13,60.0,0.0,0,0,0,False
2023-06-18_ST_2,2023-06-18,ST,2022-23,12,60.0,0.0,0,1,0,False
2023-06-18_ST_3,2023-06-18,ST,2022-23,12,60.0,50.326022875983185,1,2,1,False
2023-06-18_ST_4,2023-06-18,ST,2022-23,12,60.0,21.609366646453896,1,2,1,False
2023-06-18_ST_5,2023-06-18,ST,2022-23,14,60.0,40.086576667298,1,2,1,False
2023-06-18_ST_6,2023-06-18,ST,2022-23,14,60.0,42.02262065196034,1,2,1,False
2023-06-18_ST_7,2023-06-18,ST,2022-23,14,60.0,25.556464011105078,1,2,1,False
2023-06-18_ST_8,2023-06-18,ST,2022-23,10,60.0,23.17194962542192,1,2,1,False
2023-06-18_ST_9,2023-06-18,ST,2022-23,12,60.0,20.159969186987812,1,2,1,False
2023-06-25_ST_1,2023-06-25,ST,2022-23,14,60.0,117.91981245743511,3,3,1,False
2023-06-25_ST_10,2023-06-25,ST,2022-23,14,60.0,181.40091732349964,3,3,1,False
2023-06-25_ST_2,2023-06-25,ST,2022-23,14,60.0,78.52105683004484,1,2,1,False
2023-06-25_ST_4,2023-06-25,ST,2022-23,14,60.0,61.126166363189334,1,2,1,False
2023-06-25_ST_5,2023-06-25,ST,2022-23,14,60.0,223.15271842500385,3,3,1,False
2023-06-25_ST_6,2023-06-25,ST,2022-23,9,60.0,445.24538710800266,3,3,1,False
2023-06-25_ST_7,2023-06-25,ST,2022-23,7,60.0,91.74436096040989,3,3,1,False
2023-06-25_ST_8,2023-06-25,ST,2022-23,13,60.0,137.36496424045362,3,3,1,False
2023-06-25_ST_9,2023-06-25,ST,2022-23,14,60.0,19.18414053444738,1,2,1,False
2023-06-28_HV_1,2023-06-28,HV,2022-23,7,60.0,84.89072674032005,3,3,1,False
2023-06-28_HV_2,2023-06-28,HV,2022-23,12,60.0,40.08019026194034,1,2,1,False
2023-06-28_HV_3,2023-06-28,HV,2022-23,12,60.0,52.863698253141,1,2,1,False
2023-06-28_HV_4,2023-06-28,HV,2022-23,12,60.0,34.0533114838942,1,2,1,False
2023-06-28_HV_5,2023-06-28,HV,2022-23,11,60.0,39.315625811971586,1,2,1,False
2023-06-28_HV_6,2023-06-28,HV,2022-23,12,60.0,46.20576703717886,1,2,1,False
2023-06-28_HV_7,2023-06-28,HV,2022-23,12,60.0,49.921342974070285,1,2,1,False
2023-06-28_HV_8,2023-06-28,HV,2022-23,12,60.0,0.0,0,1,0,False
2023-06-28_HV_9,2023-06-28,HV,2022-23,12,60.0,35.662813071319455,1,2,1,False
2023-07-01_ST_1,2023-07-01,ST,2022-23,14,60.0,0.0,0,1,0,False
2023-07-01_ST_10,2023-07-01,ST,2022-23,14,60.0,0.0,0,1,0,False
2023-07-01_ST_2,2023-07-01,ST,2022-23,13,60.0,45.83408059140324,1,2,1,False
2023-07-01_ST_3,2023-07-01,ST,2022-23,14,60.0,41.75715645994949,1,2,1,False
2023-07-01_ST_4,2023-07-01,ST,2022-23,14,60.0,0.0,0,1,0,False
2023-07-01_ST_5,2023-07-01,ST,2022-23,14,60.0,62.41385743777051,1,2,1,False
2023-07-01_ST_6,2023-07-01,ST,2022-23,14,60.0,65.58368180060899,1,2,1,False
2023-07-01_ST_7,2023-07-01,ST,2022-23,14,60.0,33.5596068833601,1,2,1,False
2023-07-01_ST_8,2023-07-01,ST,2022-23,13,60.0,214.66584888523286,3,3,1,False
2023-07-01_ST_9,2023-07-01,ST,2022-23,14,60.0,0.0,0,1,0,False
2023-07-03_ST_1,2023-07-03,ST,2022-23,14,60.0,49.62821489184788,1,2,1,False
2023-07-03_ST_2,2023-07-03,ST,2022-23,12,60.0,54.5513468768449,1,2,1,False
2023-07-03_ST_3,2023-07-03,ST,2022-23,12,60.0,36.557263879727564,1,2,1,False
2023-07-03_ST_4,2023-07-03,ST,2022-23,12,60.0,41.38343559759005,1,2,1,False
2023-07-03_ST_5,2023-07-03,ST,2022-23,13,60.0,22.22252935630388,1,2,1,False
2023-07-03_ST_6,2023-07-03,ST,2022-23,12,60.0,0.0,0,1,0,False
2023-07-03_ST_7,2023-07-03,ST,2022-23,14,60.0,0.0,0,1,0,False
2023-07-03_ST_8,2023-07-03,ST,2022-23,14,60.0,77.96767988404144,1,2,1,False
2023-07-06_HV_1,2023-07-06,HV,2022-23,11,60.0,0.0,0,1,0,False
2023-07-06_HV_3,2023-07-06,HV,2022-23,11,60.0,31.40736605729309,1,2,1,False
2023-07-06_HV_4,2023-07-06,HV,2022-23,11,60.0,38.406868304592884,1,2,1,False
2023-07-06_HV_5,2023-07-06,HV,2022-23,12,60.0,0.0,0,1,0,False
2023-07-06_HV_6,2023-07-06,HV,2022-23,12,60.0,0.0,0,1,0,False
2023-07-06_HV_7,2023-07-06,HV,2022-23,12,60.0,63.99833845908798,1,2,1,False
2023-07-06_HV_8,2023-07-06,HV,2022-23,12,60.0,20.126535719436106,1,2,1,False
2023-07-06_HV_9,2023-07-06,HV,2022-23,12,60.0,22.904998792279528,1,2,1,False
2023-07-09_ST_1,2023-07-09,ST,2022-23,12,60.0,175.3392005918147,3,3,1,False
2023-07-09_ST_10,2023-07-09,ST,2022-23,12,60.0,29.726868267601112,1,2,1,False
2023-07-09_ST_11,2023-07-09,ST,2022-23,14,60.0,0.0,0,1,0,False
2023-07-09_ST_3,2023-07-09,ST,2022-23,14,60.0,62.99065112627326,1,2,1,False
2023-07-09_ST_4,2023-07-09,ST,2022-23,12,60.0,0.0,0,1,0,False
2023-07-09_ST_5,2023-07-09,ST,2022-23,11,60.0,0.0,0,1,0,False
2023-07-09_ST_6,2023-07-09,ST,2022-23,12,60.0,186.41926605862545,3,3,1,False
2023-07-09_ST_7,2023-07-09,ST,2022-23,13,60.0,29.95391300717974,1,2,1,False
2023-07-09_ST_8,2023-07-09,ST,2022-23,12,60.0,29.387006660784085,1,2,1,False
2023-07-09_ST_9,2023-07-09,ST,2022-23,14,60.0,38.642518107822966,1,2,1,False
2023-07-12_HV_1,2023-07-12,HV,2022-23,11,60.0,33.70200195536354,1,2,1,False
2023-07-12_HV_2,2023-07-12,HV,2022-23,12,60.0,62.60699281507634,1,2,1,False
2023-07-12_HV_3,2023-07-12,HV,2022-23,12,60.0,131.89113087686974,3,3,1,False
2023-07-12_HV_4,2023-07-12,HV,2022-23,10,60.0,23.422322386208503,1,2,1,False
2023-07-12_HV_5,2023-07-12,HV,2022-23,12,60.0,170.0783014807567,3,3,1,False
2023-07-12_HV_6,2023-07-12,HV,2022-23,11,60.0,79.44569655842811,1,2,1,False
2023-07-12_HV_7,2023-07-12,HV,2022-23,12,60.0,0.0,0,1,0,False
2023-07-12_HV_8,2023-07-12,HV,2022-23,12,60.0,18.52828549630077,1,2,1,False
2023-07-12_HV_9,2023-07-12,HV,2022-23,12,60.0,0.0,0,1,0,False
2023-07-16_ST_1,2023-07-16,ST,2022-23,13,60.0,112.72808591108794,1,2,1,False
2023-07-16_ST_10,2023-07-16,ST,2022-23,14,60.0,185.99173305429045,3,3,1,False
2023-07-16_ST_11,2023-07-16,ST,2022-23,13,60.0,0.0,0,1,0,False
2023-07-16_ST_2,2023-07-16,ST,2022-23,13,60.0,301.27931597704725,3,3,1,False
2023-07-16_ST_3,2023-07-16,ST,2022-23,14,60.0,0.0,0,1,0,False
2023-07-16_ST_4,2023-07-16,ST,2022-23,14,60.0,30.374287238356303,1,2,1,False
2023-07-16_ST_5,2023-07-16,ST,2022-23,14,60.0,43.61438613851157,1,2,1,False
2023-07-16_ST_6,2023-07-16,ST,2022-23,14,60.0,186.44588416366605,3,3,1,False
2023-07-16_ST_7,2023-07-16,ST,2022-23,14,60.0,0.0,0,1,0,False
2023-07-16_ST_8,2023-07-16,ST,2022-23,12,60.0,189.07091911240255,3,3,1,False
2023-07-16_ST_9,2023-07-16,ST,2022-23,13,60.0,49.333632389471674,1,2,1,False
2023-09-10_ST_1,2023-09-10,ST,2023-24,11,60.0,183.30152183351865,3,3,1,False
2023-09-10_ST_10,2023-09-10,ST,2023-24,10,60.0,31.752313295922054,1,2,1,False
2023-09-10_ST_2,2023-09-10,ST,2023-24,9,60.0,35.14769978782094,1,2,1,False
2023-09-10_ST_3,2023-09-10,ST,2023-24,9,60.0,23.83684205457002,1,2,1,False
2023-09-10_ST_5,2023-09-10,ST,2023-24,14,60.0,121.09835670935226,1,2,1,False
2023-09-10_ST_6,2023-09-10,ST,2023-24,10,60.0,31.58241939106571,1,2,1,False
2023-09-10_ST_7,2023-09-10,ST,2023-24,10,60.0,18.132071599125634,1,2,1,False
2023-09-10_ST_8,2023-09-10,ST,2023-24,10,60.0,47.82973532213596,1,2,1,False
2023-09-10_ST_9,2023-09-10,ST,2023-24,8,60.0,0.0,0,1,0,False
2023-09-13_HV_1,2023-09-13,HV,2023-24,8,60.0,74.70543323878815,3,3,1,False
2023-09-13_HV_2,2023-09-13,HV,2023-24,10,60.0,0.0,0,1,0,False
2023-09-13_HV_3,2023-09-13,HV,2023-24,9,60.0,24.006424609630493,1,2,1,False
2023-09-13_HV_4,2023-09-13,HV,2023-24,10,60.0,51.82060466687018,1,2,1,False
2023-09-13_HV_5,2023-09-13,HV,2023-24,10,60.0,26.09768532223487,1,2,1,False
2023-09-13_HV_6,2023-09-13,HV,2023-24,12,60.0,0.0,0,0,0,False
2023-09-13_HV_7,2023-09-13,HV,2023-24,11,60.0,38.9244487499747,1,2,1,False
2023-09-13_HV_8,2023-09-13,HV,2023-24,10,60.0,0.0,0,1,0,False
2023-09-17_ST_10,2023-09-17,ST,2023-24,12,60.0,36.8985784545759,1,2,1,False
2023-09-17_ST_2,2023-09-17,ST,2023-24,13,60.0,69.5336694022614,1,2,1,False
2023-09-17_ST_4,2023-09-17,ST,2023-24,14,60.0,0.0,0,1,0,False
2023-09-17_ST_5,2023-09-17,ST,2023-24,12,60.0,0.0,0,1,0,False
2023-09-17_ST_6,2023-09-17,ST,2023-24,12,60.0,0.0,0,1,0,False
2023-09-17_ST_7,2023-09-17,ST,2023-24,9,60.0,23.661252313882247,1,2,1,False
2023-09-17_ST_8,2023-09-17,ST,2023-24,14,60.0,118.52255257666877,3,3,1,False
2023-09-17_ST_9,2023-09-17,ST,2023-24,14,60.0,71.34719218204012,1,2,1,False
2023-09-20_HV_2,2023-09-20,HV,2023-24,11,60.0,57.437198732221226,1,2,1,False
2023-09-20_HV_4,2023-09-20,HV,2023-24,12,60.0,0.0,0,1,0,False
2023-09-20_HV_5,2023-09-20,HV,2023-24,10,60.0,0.0,0,1,0,False
2023-09-20_HV_6,2023-09-20,HV,2023-24,10,60.0,41.000583219495496,1,2,1,False
2023-09-20_HV_7,2023-09-20,HV,2023-24,11,60.0,38.61766037285945,1,2,1,False
2023-09-20_HV_8,2023-09-20,HV,2023-24,12,60.0,186.86450355498306,3,3,1,False
2023-09-24_ST_1,2023-09-24,ST,2023-24,10,60.0,26.891309809712048,1,2,1,False
2023-09-24_ST_10,2023-09-24,ST,2023-24,12,60.0,42.018164587750036,1,2,1,False
2023-09-24_ST_2,2023-09-24,ST,2023-24,11,60.0,70.50452134202656,1,2,1,False
2023-09-24_ST_4,2023-09-24,ST,2023-24,11,60.0,0.0,0,1,0,False
2023-09-24_ST_5,2023-09-24,ST,2023-24,12,60.0,184.839957979443,3,3,1,False
2023-09-24_ST_6,2023-09-24,ST,2023-24,14,60.0,0.0,0,1,0,False
2023-09-24_ST_7,2023-09-24,ST,2023-24,10,60.0,15.692746900148094,1,2,1,False
2023-09-24_ST_8,2023-09-24,ST,2023-24,13,60.0,238.2660907353944,3,3,1,False
2023-09-24_ST_9,2023-09-24,ST,2023-24,12,60.0,170.80275836387415,3,3,1,False
2023-09-27_HV_1,2023-09-27,HV,2023-24,7,60.0,85.74733832955653,3,3,1,False
2023-09-27_HV_2,2023-09-27,HV,2023-24,8,60.0,38.37044822858625,1,2,1,False
2023-09-27_HV_3,2023-09-27,HV,2023-24,7,60.0,66.78042283468173,3,3,1,False
2023-09-27_HV_4,2023-09-27,HV,2023-24,8,60.0,0.0,0,1,0,False
2023-09-27_HV_5,2023-09-27,HV,2023-24,12,60.0,48.987305208462374,1,2,1,False
2023-09-27_HV_6,2023-09-27,HV,2023-24,12,60.0,200.0768579205218,3,3,1,False
2023-09-27_HV_7,2023-09-27,HV,2023-24,11,60.0,67.74996999615323,1,2,1,False
2023-09-27_HV_8,2023-09-27,HV,2023-24,10,60.0,0.0,0,0,0,False
2023-09-27_HV_9,2023-09-27,HV,2023-24,11,60.0,27.53134081009607,1,2,1,False
2023-10-01_ST_1,2023-10-01,ST,2023-24,10,60.0,0.0,0,1,0,False
2023-10-01_ST_10,2023-10-01,ST,2023-24,12,60.0,42.94062131743222,1,2,1,False
2023-10-01_ST_2,2023-10-01,ST,2023-24,14,60.0,0.0,0,0,0,False
2023-10-01_ST_3,2023-10-01,ST,2023-24,10,60.0,28.86287388303923,1,2,1,False
2023-10-01_ST_4,2023-10-01,ST,2023-24,12,60.0,135.73510713887353,3,3,1,False
2023-10-01_ST_5,2023-10-01,ST,2023-24,10,60.0,172.11724971304113,3,3,1,False
2023-10-01_ST_6,2023-10-01,ST,2023-24,14,60.0,0.0,0,0,0,False
2023-10-01_ST_7,2023-10-01,ST,2023-24,10,60.0,173.8644274636136,3,3,1,False
2023-10-01_ST_8,2023-10-01,ST,2023-24,7,60.0,22.01619115266305,1,2,1,False
2023-10-01_ST_9,2023-10-01,ST,2023-24,14,60.0,0.0,0,1,0,False
2023-10-04_HV_1,2023-10-04,HV,2023-24,11,60.0,0.0,0,1,0,False
2023-10-04_HV_2,2023-10-04,HV,2023-24,12,60.0,29.312953584481377,1,2,1,False
2023-10-04_HV_3,2023-10-04,HV,2023-24,9,60.0,32.33779637678971,1,2,1,False
2023-10-04_HV_4,2023-10-04,HV,2023-24,11,60.0,51.435886204371094,1,2,1,False
2023-10-04_HV_5,2023-10-04,HV,2023-24,8,60.0,0.0,0,0,0,False
2023-10-04_HV_6,2023-10-04,HV,2023-24,12,60.0,155.68828643538632,3,3,1,False
2023-10-04_HV_7,2023-10-04,HV,2023-24,12,60.0,128.24353865695042,3,3,1,False
2023-10-04_HV_8,2023-10-04,HV,2023-24,11,60.0,63.52906908543909,1,2,1,False
2023-10-11_HV_1,2023-10-11,HV,2023-24,10,60.0,0.0,0,0,0,False
2023-10-11_HV_2,2023-10-11,HV,2023-24,12,60.0,0.0,0,1,0,False
2023-10-11_HV_3,2023-10-11,HV,2023-24,10,60.0,0.0,0,0,0,False
2023-10-11_HV_4,2023-10-11,HV,2023-24,12,60.0,21.864566524461043,1,2,1,False
2023-10-11_HV_5,2023-10-11,HV,2023-24,12,60.0,0.0,0,0,0,False
2023-10-11_HV_6,2023-10-11,HV,2023-24,12,60.0,147.69619249710362,1,2,1,False
2023-10-11_HV_7,2023-10-11,HV,2023-24,12,60.0,139.66493193523007,3,3,1,False
2023-10-11_HV_8,2023-10-11,HV,2023-24,12,60.0,120.75525605036242,3,3,1,False
2023-10-15_ST_1,2023-10-15,ST,2023-24,8,60.0,165.27684578369832,3,3,1,False
2023-10-15_ST_10,2023-10-15,ST,2023-24,14,60.0,0.0,0,1,0,False
2023-10-15_ST_2,2023-10-15,ST,2023-24,14,60.0,57.28571640184085,1,2,1,False
2023-10-15_ST_3,2023-10-15,ST,2023-24,13,60.0,163.9826122091922,3,3,1,False
2023-10-15_ST_4,2023-10-15,ST,2023-24,14,60.0,78.09887801274964,1,2,1,False
2023-10-15_ST_5,2023-10-15,ST,2023-24,13,60.0,123.56110623203153,3,3,1,False
2023-10-15_ST_6,2023-10-15,ST,2023-24,14,60.0,68.27082979665828,1,2,1,False
2023-10-15_ST_7,2023-10-15,ST,2023-24,10,60.0,18.20621497398755,1,2,1,False
2023-10-15_ST_8,2023-10-15,ST,2023-24,14,60.0,40.61181604566028,1,2,1,False
2023-10-15_ST_9,2023-10-15,ST,2023-24,14,60.0,21.19866248586272,1,2,1,False
2023-10-18_HV_1,2023-10-18,HV,2023-24,11,60.0,50.36454514443759,1,2,1,False
2023-10-18_HV_2,2023-10-18,HV,2023-24,12,60.0,113.0043643570179,1,2,1,False
2023-10-18_HV_3,2023-10-18,HV,2023-24,12,60.0,0.0,0,1,0,False
2023-10-18_HV_4,2023-10-18,HV,2023-24,12,60.0,0.0,0,1,0,False
2023-10-18_HV_5,2023-10-18,HV,2023-24,11,60.0,77.49412998744461,1,2,1,False
2023-10-18_HV_6,2023-10-18,HV,2023-24,12,60.0,0.0,0,1,0,False
2023-10-18_HV_7,2023-10-18,HV,2023-24,12,60.0,28.7903213980108,1,2,1,False
2023-10-18_HV_8,2023-10-18,HV,2023-24,12,60.0,36.295847345321455,1,2,1,False
2023-10-18_HV_9,2023-10-18,HV,2023-24,12,60.0,44.18458496848897,1,2,1,False
2023-10-22_ST_1,2023-10-22,ST,2023-24,13,60.0,45.01810875579669,1,2,1,False
2023-10-22_ST_10,2023-10-22,ST,2023-24,14,60.0,0.0,0,1,0,False
2023-10-22_ST_2,2023-10-22,ST,2023-24,14,60.0,35.16026011463116,1,2,1,False
2023-10-22_ST_3,2023-10-22,ST,2023-24,13,60.0,193.61800547147158,3,3,1,False
2023-10-22_ST_4,2023-10-22,ST,2023-24,14,60.0,66.53780570955581,1,2,1,False
2023-10-22_ST_5,2023-10-22,ST,2023-24,13,60.0,0.0,0,1,0,False
2023-10-22_ST_6,2023-10-22,ST,2023-24,14,60.0,0.0,0,1,0,False
2023-10-22_ST_8,2023-10-22,ST,2023-24,14,60.0,87.74580629124739,1,2,1,False
2023-10-22_ST_9,2023-10-22,ST,2023-24,14,60.0,0.0,0,0,0,False
2023-10-25_ST_1,2023-10-25,ST,2023-24,12,60.0,77.30638982611275,1,2,1,False
2023-10-25_ST_2,2023-10-25,ST,2023-24,12,60.0,67.65057689074915,1,2,1,False
2023-10-25_ST_3,2023-10-25,ST,2023-24,13,60.0,0.0,0,1,0,False
2023-10-25_ST_4,2023-10-25,ST,2023-24,12,60.0,0.0,0,1,0,False
2023-10-25_ST_5,2023-10-25,ST,2023-24,12,60.0,0.0,0,1,0,False
2023-10-25_ST_6,2023-10-25,ST,2023-24,14,60.0,0.0,0,1,0,False
2023-10-25_ST_7,2023-10-25,ST,2023-24,13,60.0,0.0,0,1,0,False
2023-10-25_ST_8,2023-10-25,ST,2023-24,12,60.0,43.14220496329036,1,2,1,False
2023-10-29_HV_1,2023-10-29,HV,2023-24,12,60.0,0.0,0,1,0,False
2023-10-29_HV_10,2023-10-29,HV,2023-24,12,60.0,46.745815951868884,1,2,1,False
2023-10-29_HV_2,2023-10-29,HV,2023-24,8,60.0,114.11373106554088,3,3,1,False
2023-10-29_HV_3,2023-10-29,HV,2023-24,12,60.0,68.0289859691663,1,2,1,False
2023-10-29_HV_4,2023-10-29,HV,2023-24,12,60.0,70.62612452987253,1,2,1,False
2023-10-29_HV_5,2023-10-29,HV,2023-24,12,60.0,61.09541768078982,1,2,1,False
2023-10-29_HV_6,2023-10-29,HV,2023-24,12,60.0,29.424198167363524,1,2,1,False
2023-10-29_HV_7,2023-10-29,HV,2023-24,9,60.0,32.33779637678971,1,2,1,False
2023-10-29_HV_8,2023-10-29,HV,2023-24,12,60.0,0.0,0,1,0,False
2023-10-29_HV_9,2023-10-29,HV,2023-24,12,60.0,58.34559772129517,1,2,1,False
2023-11-01_HV_1,2023-11-01,HV,2023-24,9,60.0,30.73533631147547,1,2,1,False
2023-11-01_HV_2,2023-11-01,HV,2023-24,12,60.0,68.53531844014056,1,2,1,False
2023-11-01_HV_3,2023-11-01,HV,2023-24,7,60.0,17.74035523231169,1,2,1,False
2023-11-01_HV_4,2023-11-01,HV,2023-24,12,60.0,0.0,0,1,0,False
2023-11-01_HV_5,2023-11-01,HV,2023-24,12,60.0,53.5409732272262,1,2,1,False
2023-11-01_HV_6,2023-11-01,HV,2023-24,12,60.0,51.9523935510311,1,2,1,False
2023-11-01_HV_7,2023-11-01,HV,2023-24,12,60.0,64.61844983695106,1,2,1,False
2023-11-01_HV_8,2023-11-01,HV,2023-24,12,60.0,0.0,0,0,0,False
2023-11-01_HV_9,2023-11-01,HV,2023-24,11,60.0,0.0,0,0,0,False
2023-11-05_ST_1,2023-11-05,ST,2023-24,14,60.0,0.0,0,1,0,False
2023-11-05_ST_10,2023-11-05,ST,2023-24,14,60.0,0.0,0,1,0,False
2023-11-05_ST_2,2023-11-05,ST,2023-24,12,60.0,41.453366223194784,1,2,1,False
2023-11-05_ST_3,2023-11-05,ST,2023-24,14,60.0,87.90713296279945,1,2,1,False
2023-11-05_ST_4,2023-11-05,ST,2023-24,13,60.0,28.12602012887673,1,2,1,False
2023-11-05_ST_5,2023-11-05,ST,2023-24,11,60.0,42.73670849021202,1,2,1,False
2023-11-05_ST_6,2023-11-05,ST,2023-24,14,60.0,0.0,0,1,0,False
2023-11-05_ST_7,2023-11-05,ST,2023-24,9,60.0,0.0,0,1,0,False
2023-11-05_ST_8,2023-11-05,ST,2023-24,14,60.0,41.938799403840854,1,2,1,False
2023-11-05_ST_9,2023-11-05,ST,2023-24,12,60.0,175.5247075198635,3,3,1,False
2023-11-08_HV_1,2023-11-08,HV,2023-24,11,60.0,0.0,0,0,0,False
2023-11-08_HV_2,2023-11-08,HV,2023-24,12,60.0,257.9118173116086,3,3,1,False
2023-11-08_HV_3,2023-11-08,HV,2023-24,12,60.0,0.0,0,1,0,False
2023-11-08_HV_4,2023-11-08,HV,2023-24,12,60.0,73.07671630444297,1,2,1,False
2023-11-08_HV_5,2023-11-08,HV,2023-24,12,60.0,0.0,0,1,0,False
2023-11-08_HV_6,2023-11-08,HV,2023-24,12,60.0,25.51062020705629,1,2,1,False
2023-11-08_HV_7,2023-11-08,HV,2023-24,12,60.0,0.0,0,1,0,False
2023-11-08_HV_8,2023-11-08,HV,2023-24,12,60.0,57.47147362580272,1,2,1,False
2023-11-08_HV_9,2023-11-08,HV,2023-24,12,60.0,53.70215339708494,1,2,1,False
2023-11-11_ST_1,2023-11-11,ST,2023-24,14,60.0,112.28629747383036,3,3,1,False
2023-11-11_ST_10,2023-11-11,ST,2023-24,13,60.0,75.75464055289999,1,2,1,False
2023-11-11_ST_2,2023-11-11,ST,2023-24,14,60.0,179.648872841978,3,3,1,False
2023-11-11_ST_3,2023-11-11,ST,2023-24,10,60.0,46.60873379837935,1,2,1,False
2023-11-11_ST_4,2023-11-11,ST,2023-24,13,60.0,48.306730440469764,1,2,1,False
2023-11-11_ST_5,2023-11-11,ST,2023-24,12,60.0,116.70774271380367,3,3,1,False
2023-11-11_ST_6,2023-11-11,ST,2023-24,14,60.0,58.11281682146064,1,2,1,False
2023-11-11_ST_8,2023-11-11,ST,2023-24,14,60.0,34.464767536530694,1,2,1,False
2023-11-11_ST_9,2023-11-11,ST,2023-24,13,60.0,47.12197996946351,1,2,1,False
2023-11-15_HV_1,2023-11-15,HV,2023-24,12,60.0,37.94911957218785,1,2,1,False
2023-11-15_HV_2,2023-11-15,HV,2023-24,8,60.0,38.37044822858625,1,2,1,False
2023-11-15_HV_3,2023-11-15,HV,2023-24,12,60.0,47.97303025560242,1,2,1,False
2023-11-15_HV_4,2023-11-15,HV,2023-24,12,60.0,57.96606333806305,1,2,1,False
2023-11-15_HV_5,2023-11-15,HV,2023-24,12,60.0,0.0,0,1,0,False
2023-11-15_HV_6,2023-11-15,HV,2023-24,12,60.0,46.138941657341704,1,2,1,False
2023-11-15_HV_7,2023-11-15,HV,2023-24,10,60.0,0.0,0,1,0,False
2023-11-15_HV_8,2023-11-15,HV,2023-24,12,60.0,96.48538297173188,3,3,1,False
2023-11-15_HV_9,2023-11-15,HV,2023-24,12,60.0,129.6396389085749,3,3,1,False
2023-11-19_ST_1,2023-11-19,ST,2023-24,14,60.0,131.46067704439278,1,2,1,False
2023-11-19_ST_10,2023-11-19,ST,2023-24,14,60.0,32.13893123217775,1,2,1,False
2023-11-19_ST_11,2023-11-19,ST,2023-24,14,60.0,0.0,0,0,0,False
2023-11-19_ST_2,2023-11-19,ST,2023-24,9,60.0,0.0,0,1,0,False
2023-11-19_ST_3,2023-11-19,ST,2023-24,14,60.0,25.23825783243869,1,2,1,False
2023-11-19_ST_4,2023-11-19,ST,2023-24,9,60.0,44.00795093256391,1,2,1,False
2023-11-19_ST_5,2023-11-19,ST,2023-24,14,60.0,71.16101670023095,1,2,1,False
2023-11-19_ST_6,2023-11-19,ST,2023-24,13,60.0,61.4204501880893,1,2,1,False
2023-11-19_ST_7,2023-11-19,ST,2023-24,7,60.0,84.04563564198904,3,3,1,False
2023-11-19_ST_9,2023-11-19,ST,2023-24,9,60.0,136.44949657670645,3,3,1,False
2023-11-22_HV_1,2023-11-22,HV,2023-24,12,60.0,0.0,0,0,0,False
2023-11-22_HV_2,2023-11-22,HV,2023-24,12,60.0,0.0,0,1,0,False
2023-11-22_HV_3,2023-11-22,HV,2023-24,12,60.0,31.942883557560602,1,2,1,False
2023-11-22_HV_4,2023-11-22,HV,2023-24,12,60.0,0.0,0,1,0,False
2023-11-22_HV_5,2023-11-22,HV,2023-24,12,60.0,0.0,0,0,0,False
2023-11-22_HV_6,2023-11-22,HV,2023-24,12,60.0,0.0,0,1,0,False
2023-11-22_HV_7,2023-11-22,HV,2023-24,12,60.0,0.0,0,1,0,False
2023-11-22_HV_8,2023-11-22,HV,2023-24,12,60.0,0.0,0,0,0,False
2023-11-26_ST_1,2023-11-26,ST,2023-24,14,60.0,74.5190502899106,1,2,1,False
2023-11-26_ST_10,2023-11-26,ST,2023-24,12,60.0,58.32919806511674,1,2,1,False
2023-11-26_ST_2,2023-11-26,ST,2023-24,13,60.0,326.86838106378787,3,3,1,False
2023-11-26_ST_3,2023-11-26,ST,2023-24,12,60.0,0.0,0,1,0,False
2023-11-26_ST_4,2023-11-26,ST,2023-24,12,60.0,27.030672362692766,1,2,1,False
2023-11-26_ST_5,2023-11-26,ST,2023-24,13,60.0,71.06000191708151,1,2,1,False
2023-11-26_ST_6,2023-11-26,ST,2023-24,14,60.0,57.675390096463325,1,2,1,False
2023-11-26_ST_7,2023-11-26,ST,2023-24,11,60.0,48.59418780929515,1,2,1,False
2023-11-26_ST_8,2023-11-26,ST,2023-24,11,60.0,54.5797356674843,1,2,1,False
2023-11-26_ST_9,2023-11-26,ST,2023-24,14,60.0,0.0,0,1,0,False
2023-11-29_HV_1,2023-11-29,HV,2023-24,9,60.0,34.06230274224292,1,2,1,False
2023-11-29_HV_2,2023-11-29,HV,2023-24,8,60.0,16.935423419183298,1,2,1,False
2023-11-29_HV_3,2023-11-29,HV,2023-24,11,60.0,0.0,0,1,0,False
2023-11-29_HV_4,2023-11-29,HV,2023-24,12,60.0,0.0,0,1,0,False
2023-11-29_HV_5,2023-11-29,HV,2023-24,12,60.0,0.0,0,1,0,False
2023-11-29_HV_6,2023-11-29,HV,2023-24,12,60.0,0.0,0,1,0,False
2023-11-29_HV_7,2023-11-29,HV,2023-24,10,60.0,137.88246168426002,3,3,1,False
2023-11-29_HV_8,2023-11-29,HV,2023-24,11,60.0,33.00921991142372,1,2,1,False
2023-12-03_ST_1,2023-12-03,ST,2023-24,14,60.0,36.76391998004686,1,2,1,False
2023-12-03_ST_10,2023-12-03,ST,2023-24,14,60.0,0.0,0,1,0,False
2023-12-03_ST_2,2023-12-03,ST,2023-24,12,60.0,0.0,0,1,0,False
2023-12-03_ST_3,2023-12-03,ST,2023-24,14,60.0,0.0,0,1,0,False
2023-12-03_ST_4,2023-12-03,ST,2023-24,12,60.0,101.13161044990679,3,3,1,False
2023-12-03_ST_5,2023-12-03,ST,2023-24,12,60.0,0.0,0,1,0,False
2023-12-03_ST_6,2023-12-03,ST,2023-24,10,60.0,63.439709864162516,1,2,1,False
2023-12-03_ST_7,2023-12-03,ST,2023-24,11,60.0,0.0,0,1,0,False
2023-12-03_ST_8,2023-12-03,ST,2023-24,13,60.0,0.0,0,1,0,False
2023-12-03_ST_9,2023-12-03,ST,2023-24,14,60.0,73.05201809344386,1,2,1,False
2023-12-06_HV_1,2023-12-06,HV,2023-24,12,60.0,95.95500404086053,1,2,1,False
2023-12-06_HV_2,2023-12-06,HV,2023-24,12,60.0,86.35657387397966,1,2,1,False
2023-12-06_HV_3,2023-12-06,HV,2023-24,12,60.0,139.95372726222857,3,3,1,False
2023-12-06_HV_4,2023-12-06,HV,2023-24,12,60.0,0.0,0,1,0,False
2023-12-06_HV_5,2023-12-06,HV,2023-24,12,60.0,104.71022565049992,3,3,1,False
2023-12-06_HV_6,2023-12-06,HV,2023-24,12,60.0,72.02855439708516,1,2,1,False
2023-12-06_HV_7,2023-12-06,HV,2023-24,12,60.0,55.308004380224006,1,2,1,False
2023-12-06_HV_8,2023-12-06,HV,2023-24,12,60.0,194.07014374146647,3,3,1,False
2023-12-06_HV_9,2023-12-06,HV,2023-24,12,60.0,33.108900155032636,1,2,1,False
2023-12-10_ST_1,2023-12-10,ST,2023-24,14,60.0,203.30137040659892,3,3,1,False
2023-12-10_ST_10,2023-12-10,ST,2023-24,13,60.0,167.92543131647545,3,3,1,False
2023-12-10_ST_2,2023-12-10,ST,2023-24,14,60.0,43.587599062219205,1,2,1,False
2023-12-10_ST_3,2023-12-10,ST,2023-24,13,60.0,0.0,0,1,0,False
2023-12-10_ST_4,2023-12-10,ST,2023-24,8,60.0,123.26032612250049,3,3,1,False
2023-12-10_ST_5,2023-12-10,ST,2023-24,10,60.0,17.22313136744648,1,2,1,False
2023-12-10_ST_6,2023-12-10,ST,2023-24,14,60.0,0.0,0,0,0,False
2023-12-10_ST_7,2023-12-10,ST,2023-24,14,60.0,0.0,0,1,0,False
2023-12-10_ST_8,2023-12-10,ST,2023-24,11,60.0,39.397515118060426,1,2,1,False
2023-12-10_ST_9,2023-12-10,ST,2023-24,14,60.0,215.57809155608732,3,3,1,False
2023-12-13_HV_1,2023-12-13,HV,2023-24,11,60.0,64.54976901390516,1,2,1,False
2023-12-13_HV_2,2023-12-13,HV,2023-24,12,60.0,54.0157102934549,1,2,1,False
2023-12-13_HV_3,2023-12-13,HV,2023-24,12,60.0,50.927963069931586,1,2,1,False
2023-12-13_HV_4,2023-12-13,HV,2023-24,12,60.0,0.0,0,1,0,False
2023-12-13_HV_5,2023-12-13,HV,2023-24,9,60.0,54.113235271607046,1,2,1,False
2023-12-13_HV_6,2023-12-13,HV,2023-24,12,60.0,0.0,0,1,0,False
2023-12-13_HV_7,2023-12-13,HV,2023-24,12,60.0,33.116972177593006,1,2,1,False
2023-12-13_HV_8,2023-12-13,HV,2023-24,12,60.0,50.161044161894544,1,2,1,False
2023-12-13_HV_9,2023-12-13,HV,2023-24,12,60.0,34.9537285463748,1,2,1,False
2023-12-17_ST_1,2023-12-17,ST,2023-24,11,60.0,0.0,0,1,0,False
2023-12-17_ST_10,2023-12-17,ST,2023-24,14,60.0,38.19007990338181,1,2,1,False
2023-12-17_ST_2,2023-12-17,ST,2023-24,12,60.0,0.0,0,1,0,False
2023-12-17_ST_3,2023-12-17,ST,2023-24,14,60.0,68.5248224786889,1,2,1,False
2023-12-17_ST_4,2023-12-17,ST,2023-24,13,60.0,73.70307928783437,1,2,1,False
2023-12-17_ST_5,2023-12-17,ST,2023-24,12,60.0,83.76892815572457,1,2,1,False
2023-12-17_ST_6,2023-12-17,ST,2023-24,14,60.0,57.817825788001294,1,2,1,False
2023-12-17_ST_7,2023-12-17,ST,2023-24,9,60.0,186.87265353813638,3,3,1,False
2023-12-17_ST_8,2023-12-17,ST,2023-24,14,60.0,33.5596068833601,1,2,1,False
2023-12-17_ST_9,2023-12-17,ST,2023-24,14,60.0,0.0,0,1,0,False
2023-12-20_HV_1,2023-12-20,HV,2023-24,8,60.0,0.0,0,1,0,False
2023-12-20_HV_2,2023-12-20,HV,2023-24,12,60.0,0.0,0,1,0,False
2023-12-20_HV_3,2023-12-20,HV,2023-24,12,60.0,37.94911957218785,1,2,1,False
2023-12-20_HV_4,2023-12-20,HV,2023-24,12,60.0,0.0,0,0,0,False
2023-12-20_HV_5,2023-12-20,HV,2023-24,8,60.0,134.05874785020217,3,3,1,False
2023-12-20_HV_6,2023-12-20,HV,2023-24,12,60.0,134.7087364641639,3,3,1,False
2023-12-20_HV_7,2023-12-20,HV,2023-24,12,60.0,43.74403441270155,1,2,1,False
2023-12-20_HV_8,2023-12-20,HV,2023-24,12,60.0,39.922862946139794,1,2,1,False
2023-12-23_ST_1,2023-12-23,ST,2023-24,11,60.0,58.120804172304574,1,2,1,False
2023-12-23_ST_10,2023-12-23,ST,2023-24,14,60.0,36.59817370611024,1,2,1,False
2023-12-23_ST_2,2023-12-23,ST,2023-24,12,60.0,0.0,0,0,0,False
2023-12-23_ST_3,2023-12-23,ST,2023-24,14,60.0,22.20530015916531,1,2,1,False
2023-12-23_ST_4,2023-12-23,ST,2023-24,14,60.0,80.67613265879261,1,2,1,False
2023-12-23_ST_5,2023-12-23,ST,2023-24,12,60.0,43.2193071947336,1,2,1,False
2023-12-23_ST_6,2023-12-23,ST,2023-24,14,60.0,0.0,0,1,0,False
2023-12-23_ST_7,2023-12-23,ST,2023-24,10,60.0,152.56628518707856,3,3,1,False
2023-12-23_ST_8,2023-12-23,ST,2023-24,11,60.0,0.0,0,1,0,False
2023-12-23_ST_9,2023-12-23,ST,2023-24,14,60.0,47.145740170973674,1,2,1,False
2023-12-26_ST_1,2023-12-26,ST,2023-24,12,60.0,50.93764527286186,1,2,1,False
2023-12-26_ST_10,2023-12-26,ST,2023-24,14,60.0,49.87922460829077,1,2,1,False
2023-12-26_ST_2,2023-12-26,ST,2023-24,12,60.0,0.0,0,1,0,False
2023-12-26_ST_3,2023-12-26,ST,2023-24,8,60.0,57.08672589681399,1,2,1,False
2023-12-26_ST_4,2023-12-26,ST,2023-24,14,60.0,0.0,0,1,0,False
2023-12-26_ST_5,2023-12-26,ST,2023-24,12,60.0,34.10522837431458,1,2,1,False
2023-12-26_ST_6,2023-12-26,ST,2023-24,12,60.0,0.0,0,1,0,False
2023-12-26_ST_7,2023-12-26,ST,2023-24,14,60.0,0.0,0,1,0,False
2023-12-26_ST_8,2023-12-26,ST,2023-24,11,60.0,138.89312878707364,3,3,1,False
2023-12-26_ST_9,2023-12-26,ST,2023-24,14,60.0,0.0,0,1,0,False
2023-12-29_HV_1,2023-12-29,HV,2023-24,9,60.0,0.0,0,1,0,False
2023-12-29_HV_2,2023-12-29,HV,2023-24,12,60.0,57.58802834969016,1,2,1,False
2023-12-29_HV_3,2023-12-29,HV,2023-24,12,60.0,0.0,0,1,0,False
2023-12-29_HV_4,2023-12-29,HV,2023-24,12,60.0,86.24361099151605,1,2,1,False
2023-12-29_HV_5,2023-12-29,HV,2023-24,12,60.0,0.0,0,1,0,False
2023-12-29_HV_6,2023-12-29,HV,2023-24,12,60.0,40.62255029068108,1,2,1,False
2023-12-29_HV_7,2023-12-29,HV,2023-24,11,60.0,0.0,0,1,0,False
2023-12-29_HV_8,2023-12-29,HV,2023-24,12,60.0,202.33548033239487,1,2,1,False
2024-01-01_ST_1,2024-01-01,ST,2023-24,13,60.0,42.29685043757214,1,2,1,False
2024-01-01_ST_10,2024-01-01,ST,2023-24,14,60.0,107.12502287078983,1,2,1,False
2024-01-01_ST_2,2024-01-01,ST,2023-24,12,60.0,93.91434343351895,3,3,1,False
2024-01-01_ST_3,2024-01-01,ST,2023-24,10,60.0,53.55056896415741,1,2,1,False
2024-01-01_ST_4,2024-01-01,ST,2023-24,14,60.0,60.226812535147815,1,2,1,False
2024-01-01_ST_5,2024-01-01,ST,2023-24,12,60.0,30.925956329971857,1,2,1,False
2024-01-01_ST_6,2024-01-01,ST,2023-24,12,60.0,164.62972083227615,3,3,1,False
2024-01-01_ST_7,2024-01-01,ST,2023-24,8,60.0,46.01202291875635,1,2,1,False
2024-01-01_ST_8,2024-01-01,ST,2023-24,14,60.0,0.0,0,1,0,False
2024-01-01_ST_9,2024-01-01,ST,2023-24,14,60.0,78.034844717157,3,3,1,False
2024-01-04_HV_1,2024-01-04,HV,2023-24,8,60.0,32.43460590162863,1,2,1,False
2024-01-04_HV_2,2024-01-04,HV,2023-24,10,60.0,158.87019365337855,3,3,1,False
2024-01-04_HV_3,2024-01-04,HV,2023-24,12,60.0,46.22261436111415,1,2,1,False
2024-01-04_HV_4,2024-01-04,HV,2023-24,12,60.0,72.14913181003189,1,2,1,False
2024-01-04_HV_5,2024-01-04,HV,2023-24,11,60.0,56.539403611484374,1,2,1,False
2024-01-04_HV_6,2024-01-04,HV,2023-24,11,60.0,241.12221195574028,3,3,1,False
2024-01-04_HV_7,2024-01-04,HV,2023-24,11,60.0,36.07961627570418,1,2,1,False
2024-01-04_HV_8,2024-01-04,HV,2023-24,12,60.0,178.54678494716052,3,3,1,False
2024-01-07_ST_1,2024-01-07,ST,2023-24,10,60.0,159.66377031268428,3,3,1,False
2024-01-07_ST_10,2024-01-07,ST,2023-24,13,60.0,0.0,0,1,0,False
2024-01-07_ST_2,2024-01-07,ST,2023-24,13,60.0,38.44605812326061,1,2,1,False
2024-01-07_ST_3,2024-01-07,ST,2023-24,14,60.0,29.95568870418506,1,2,1,False
2024-01-07_ST_4,2024-01-07,ST,2023-24,14,60.0,0.0,0,1,0,False
2024-01-07_ST_5,2024-01-07,ST,2023-24,10,60.0,0.0,0,1,0,False
2024-01-07_ST_6,2024-01-07,ST,2023-24,12,60.0,0.0,0,1,0,False
2024-01-07_ST_7,2024-01-07,ST,2023-24,9,60.0,47.531938791725125,1,2,1,False
2024-01-07_ST_8,2024-01-07,ST,2023-24,12,60.0,0.0,0,0,0,False
2024-01-07_ST_9,2024-01-07,ST,2023-24,14,60.0,32.973952811587445,1,2,1,False
2024-01-10_HV_1,2024-01-10,HV,2023-24,9,60.0,47.15011972373337,1,2,1,False
2024-01-10_HV_2,2024-01-10,HV,2023-24,10,60.0,19.769218004561548,1,2,1,False
2024-01-10_HV_3,2024-01-10,HV,2023-24,11,60.0,39.331150795848544,1,2,1,False
2024-01-10_HV_4,2024-01-10,HV,2023-24,12,60.0,0.0,0,1,0,False
2024-01-10_HV_5,2024-01-10,HV,2023-24,12,60.0,142.6428133469249,3,3,1,False
2024-01-10_HV_6,2024-01-10,HV,2023-24,12,60.0,148.92459145281774,3,3,1,False
2024-01-10_HV_7,2024-01-10,HV,2023-24,12,60.0,0.0,0,1,0,False
2024-01-10_HV_8,2024-01-10,HV,2023-24,12,60.0,80.37727669712257,1,2,1,False
2024-01-13_ST_1,2024-01-13,ST,2023-24,14,60.0,0.0,0,1,0,False
2024-01-13_ST_10,2024-01-13,ST,2023-24,14,60.0,60.29757792374804,1,2,1,False
2024-01-13_ST_2,2024-01-13,ST,2023-24,12,60.0,115.23237822662828,3,3,1,False
2024-01-13_ST_3,2024-01-13,ST,2023-24,12,60.0,48.86365894670543,1,2,1,False
2024-01-13_ST_4,2024-01-13,ST,2023-24,12,60.0,153.4584056883424,3,3,1,False
2024-01-13_ST_5,2024-01-13,ST,2023-24,14,60.0,78.43222947681909,1,2,1,False
2024-01-13_ST_6,2024-01-13,ST,2023-24,14,60.0,121.93564167873468,1,2,1,False
2024-01-13_ST_7,2024-01-13,ST,2023-24,9,60.0,225.9826229617182,3,3,1,False
2024-01-13_ST_8,2024-01-13,ST,2023-24,12,60.0,156.43157009699547,3,3,1,False
2024-01-13_ST_9,2024-01-13,ST,2023-24,14,60.0,0.0,0,1,0,False
2024-01-17_HV_1,2024-01-17,HV,2023-24,11,60.0,179.6992718394086,3,3,1,False
2024-01-17_HV_2,2024-01-17,HV,2023-24,11,60.0,41.898382185399335,1,2,1,False
2024-01-17_HV_3,2024-01-17,HV,2023-24,12,60.0,0.0,0,1,0,False
2024-01-17_HV_4,2024-01-17,HV,2023-24,10,60.0,161.2811429350233,3,3,1,False
2024-01-17_HV_5,2024-01-17,HV,2023-24,12,60.0,48.518148214069335,1,2,1,False
2024-01-17_HV_6,2024-01-17,HV,2023-24,11,60.0,48.78348603970982,1,2,1,False
2024-01-17_HV_7,2024-01-17,HV,2023-24,12,60.0,36.85434953795199,1,2,1,False
2024-01-17_HV_8,2024-01-17,HV,2023-24,12,60.0,150.9418203979869,3,3,1,False
2024-01-21_ST_1,2024-01-21,ST,2023-24,14,60.0,86.21022454951536,1,2,1,False
2024-01-21_ST_10,2024-01-21,ST,2023-24,14,60.0,24.198926956275734,1,2,1,False
2024-01-21_ST_2,2024-01-21,ST,2023-24,13,60.0,47.53536480720193,1,2,1,False
2024-01-21_ST_3,2024-01-21,ST,2023-24,10,60.0,14.697072539177059,1,2,1,False
2024-01-21_ST_4,2024-01-21,ST,2023-24,14,60.0,74.36041681463063,1,2,1,False
2024-01-21_ST_5,2024-01-21,ST,2023-24,14,60.0,0.0,0,1,0,False
2024-01-21_ST_6,2024-01-21,ST,2023-24,13,60.0,192.00181427272625,3,3,1,False
2024-01-21_ST_7,2024-01-21,ST,2023-24,8,60.0,17.140256124181462,1,2,1,False
2024-01-21_ST_8,2024-01-21,ST,2023-24,14,60.0,106.97101325005852,3,3,1,False
2024-01-21_ST_9,2024-01-21,ST,2023-24,11,60.0,55.84883407060805,1,2,1,False
2024-01-24_ST_1,2024-01-24,ST,2023-24,11,60.0,42.258378752878414,1,2,1,False
2024-01-24_ST_2,2024-01-24,ST,2023-24,8,60.0,50.7416337885231,1,2,1,False
2024-01-24_ST_3,2024-01-24,ST,2023-24,14,60.0,0.0,0,1,0,False
2024-01-24_ST_4,2024-01-24,ST,2023-24,14,60.0,0.0,0,0,0,False
2024-01-24_ST_5,2024-01-24,ST,2023-24,12,60.0,0.0,0,1,0,False
2024-01-24_ST_6,2024-01-24,ST,2023-24,12,60.0,0.0,0,1,0,False
2024-01-24_ST_7,2024-01-24,ST,2023-24,12,60.0,36.26911860047649,1,2,1,False
2024-01-24_ST_8,2024-01-24,ST,2023-24,13,60.0,62.18860782999744,1,2,1,False
2024-01-28_ST_1,2024-01-28,ST,2023-24,10,60.0,0.0,0,1,0,False
2024-01-28_ST_10,2024-01-28,ST,2023-24,13,60.0,79.02396374363649,1,2,1,False
2024-01-28_ST_2,2024-01-28,ST,2023-24,13,60.0,93.73411508269162,1,2,1,False
2024-01-28_ST_3,2024-01-28,ST,2023-24,14,60.0,113.63573149094829,3,3,1,False
2024-01-28_ST_4,2024-01-28,ST,2023-24,14,60.0,0.0,0,1,0,False
2024-01-28_ST_5,2024-01-28,ST,2023-24,13,60.0,42.90584310903262,1,2,1,False
2024-01-28_ST_6,2024-01-28,ST,2023-24,14,60.0,179.69018371352706,3,3,1,False
2024-01-28_ST_7,2024-01-28,ST,2023-24,14,60.0,229.8845287742362,3,3,1,False
2024-01-28_ST_8,2024-01-28,ST,2023-24,13,60.0,0.0,0,1,0,False
2024-01-28_ST_9,2024-01-28,ST,2023-24,14,60.0,160.05754692182,3,3,1,False
2024-01-31_HV_1,2024-01-31,HV,2023-24,12,60.0,0.0,0,1,0,False
2024-01-31_HV_2,2024-01-31,HV,2023-24,12,60.0,0.0,0,1,0,False
2024-01-31_HV_3,2024-01-31,HV,2023-24,11,60.0,0.0,0,1,0,False
2024-01-31_HV_4,2024-01-31,HV,2023-24,12,60.0,0.0,0,1,0,False
2024-01-31_HV_5,2024-01-31,HV,2023-24,12,60.0,272.71626684972205,3,3,1,False
2024-01-31_HV_6,2024-01-31,HV,2023-24,11,60.0,0.0,0,1,0,False
2024-01-31_HV_7,2024-01-31,HV,2023-24,12,60.0,0.0,0,0,0,False
2024-01-31_HV_8,2024-01-31,HV,2023-24,12,60.0,239.7801829494532,3,3,1,False
2024-01-31_HV_9,2024-01-31,HV,2023-24,11,60.0,21.252338427446787,1,2,1,False
2024-02-04_ST_1,2024-02-04,ST,2023-24,11,60.0,59.3741674183494,1,2,1,False
2024-02-04_ST_10,2024-02-04,ST,2023-24,11,60.0,0.0,0,1,0,False
2024-02-04_ST_2,2024-02-04,ST,2023-24,14,60.0,67.53960917955779,1,2,1,False
2024-02-04_ST_3,2024-02-04,ST,2023-24,10,60.0,0.0,0,1,0,False
2024-02-04_ST_4,2024-02-04,ST,2023-24,14,60.0,0.0,0,1,0,False
2024-02-04_ST_5,2024-02-04,ST,2023-24,11,60.0,0.0,0,1,0,False
2024-02-04_ST_6,2024-02-04,ST,2023-24,14,60.0,50.42771703302629,1,2,1,False
2024-02-04_ST_7,2024-02-04,ST,2023-24,9,60.0,18.16863350266019,1,2,1,False
2024-02-04_ST_8,2024-02-04,ST,2023-24,14,60.0,114.45930967153078,1,2,1,False
2024-02-04_ST_9,2024-02-04,ST,2023-24,14,60.0,157.01375528993677,3,3,1,False
2024-02-07_HV_1,2024-02-07,HV,2023-24,12,60.0,89.21566955991294,1,2,1,False
2024-02-07_HV_2,2024-02-07,HV,2023-24,10,60.0,36.832731769416675,1,2,1,False
2024-02-07_HV_3,2024-02-07,HV,2023-24,12,60.0,20.037120800015213,1,2,1,False
2024-02-07_HV_4,2024-02-07,HV,2023-24,12,60.0,0.0,0,1,0,False
2024-02-07_HV_5,2024-02-07,HV,2023-24,12,60.0,53.59120285064865,1,2,1,False
2024-02-07_HV_6,2024-02-07,HV,2023-24,12,60.0,0.0,0,1,0,False
2024-02-07_HV_7,2024-02-07,HV,2023-24,12,60.0,66.55811976945893,1,2,1,False
2024-02-07_HV_8,2024-02-07,HV,2023-24,12,60.0,34.72064652474527,1,2,1,False
2024-02-07_HV_9,2024-02-07,HV,2023-24,12,60.0,0.0,0,1,0,False
2024-02-12_ST_1,2024-02-12,ST,2023-24,14,60.0,44.240414757050765,1,2,1,False
2024-02-12_ST_10,2024-02-12,ST,2023-24,13,60.0,0.0,0,1,0,False
2024-02-12_ST_11,2024-02-12,ST,2023-24,14,60.0,0.0,0,1,0,False
2024-02-12_ST_2,2024-02-12,ST,2023-24,14,60.0,0.0,0,1,0,False
2024-02-12_ST_3,2024-02-12,ST,2023-24,14,60.0,110.6516973416709,1,2,1,False
2024-02-12_ST_4,2024-02-12,ST,2023-24,14,60.0,51.61053365954121,1,2,1,False
2024-02-12_ST_5,2024-02-12,ST,2023-24,14,60.0,77.68268032288687,1,2,1,False
2024-02-12_ST_6,2024-02-12,ST,2023-24,13,60.0,0.0,0,0,0,False
2024-02-12_ST_7,2024-02-12,ST,2023-24,14,60.0,19.55428183651989,1,2,1,False
2024-02-12_ST_9,2024-02-12,ST,2023-24,14,60.0,55.0497004238935,1,2,1,False
2024-02-15_HV_1,2024-02-15,HV,2023-24,12,60.0,0.0,0,1,0,False
2024-02-15_HV_2,2024-02-15,HV,2023-24,12,60.0,141.99034832981778,3,3,1,False
2024-02-15_HV_3,2024-02-15,HV,2023-24,11,60.0,203.71520308591073,3,3,1,False
2024-02-15_HV_4,2024-02-15,HV,2023-24,11,60.0,32.97882899226843,1,2,1,False
2024-02-15_HV_5,2024-02-15,HV,2023-24,11,60.0,30.609290112814584,1,2,1,False
2024-02-15_HV_6,2024-02-15,HV,2023-24,12,60.0,57.58802834969016,1,2,1,False
2024-02-15_HV_7,2024-02-15,HV,2023-24,12,60.0,42.596718620530524,1,2,1,False
2024-02-15_HV_8,2024-02-15,HV,2023-24,11,60.0,89.32696054172688,1,2,1,False
2024-02-15_HV_9,2024-02-15,HV,2023-24,12,60.0,49.89670321609267,1,2,1,False
2024-02-18_ST_1,2024-02-18,ST,2023-24,11,60.0,47.98869688490532,1,2,1,False
2024-02-18_ST_10,2024-02-18,ST,2023-24,11,60.0,53.1277786580352,1,2,1,False
2024-02-18_ST_2,2024-02-18,ST,2023-24,12,60.0,0.0,0,1,0,False
2024-02-18_ST_3,2024-02-18,ST,2023-24,14,60.0,0.0,0,0,0,False
2024-02-18_ST_4,2024-02-18,ST,2023-24,12,60.0,0.0,0,1,0,False
2024-02-18_ST_5,2024-02-18,ST,2023-24,14,60.0,55.647301555795536,1,2,1,False
2024-02-18_ST_6,2024-02-18,ST,2023-24,12,60.0,0.0,0,1,0,False
2024-02-18_ST_7,2024-02-18,ST,2023-24,12,60.0,0.0,0,1,0,False
2024-02-18_ST_8,2024-02-18,ST,2023-24,11,60.0,264.3761491334654,3,3,1,False
2024-02-18_ST_9,2024-02-18,ST,2023-24,11,60.0,40.18709961529097,1,2,1,False
2024-02-21_HV_1,2024-02-21,HV,2023-24,12,60.0,39.716517493050155,1,2,1,False
2024-02-21_HV_2,2024-02-21,HV,2023-24,7,60.0,35.5661022128776,1,2,1,False
2024-02-21_HV_3,2024-02-21,HV,2023-24,12,60.0,66.45773505183678,1,2,1,False
2024-02-21_HV_4,2024-02-21,HV,2023-24,8,60.0,129.41123334992517,3,3,1,False
2024-02-21_HV_5,2024-02-21,HV,2023-24,11,60.0,55.65880002794619,1,2,1,False
2024-02-21_HV_6,2024-02-21,HV,2023-24,12,60.0,43.952187559049584,1,2,1,False
2024-02-21_HV_7,2024-02-21,HV,2023-24,12,60.0,35.932703653120406,1,2,1,False
2024-02-21_HV_8,2024-02-21,HV,2023-24,12,60.0,44.41032472538847,1,2,1,False
2024-02-21_HV_9,2024-02-21,HV,2023-24,12,60.0,50.56341473055677,1,2,1,False
2024-02-25_ST_1,2024-02-25,ST,2023-24,12,60.0,0.0,0,1,0,False
2024-02-25_ST_10,2024-02-25,ST,2023-24,14,60.0,145.97033542698583,3,3,1,False
2024-02-25_ST_3,2024-02-25,ST,2023-24,13,60.0,91.4243074478636,1,2,1,False
2024-02-25_ST_4,2024-02-25,ST,2023-24,14,60.0,212.93566947476006,3,3,1,False
2024-02-25_ST_5,2024-02-25,ST,2023-24,14,60.0,30.127144125437294,1,2,1,False
2024-02-25_ST_6,2024-02-25,ST,2023-24,14,60.0,0.0,0,1,0,False
2024-02-25_ST_7,2024-02-25,ST,2023-24,11,60.0,14.757033672699988,1,2,1,False
2024-02-25_ST_8,2024-02-25,ST,2023-24,13,60.0,0.0,0,1,0,False
2024-02-25_ST_9,2024-02-25,ST,2023-24,14,60.0,18.50470556459883,1,2,1,False
2024-02-28_HV_1,2024-02-28,HV,2023-24,12,60.0,52.863698253141,1,2,1,False
2024-02-28_HV_2,2024-02-28,HV,2023-24,12,60.0,66.33909971784813,1,2,1,False
2024-02-28_HV_3,2024-02-28,HV,2023-24,12,60.0,64.51758110622107,1,2,1,False
2024-02-28_HV_4,2024-02-28,HV,2023-24,12,60.0,47.96795509146359,1,2,1,False
2024-02-28_HV_5,2024-02-28,HV,2023-24,9,60.0,31.713273951056316,1,2,1,False
2024-02-28_HV_6,2024-02-28,HV,2023-24,11,60.0,34.079307829838605,1,2,1,False
2024-02-28_HV_7,2024-02-28,HV,2023-24,10,60.0,31.752313295922054,1,2,1,False
2024-02-28_HV_8,2024-02-28,HV,2023-24,10,60.0,0.0,0,1,0,False
2024-02-28_HV_9,2024-02-28,HV,2023-24,12,60.0,0.0,0,1,0,False
2024-03-03_ST_1,2024-03-03,ST,2023-24,11,60.0,40.14647158778576,1,2,1,False
2024-03-03_ST_10,2024-03-03,ST,2023-24,14,60.0,25.957175731984307,1,2,1,False
2024-03-03_ST_2,2024-03-03,ST,2023-24,14,60.0,135.47099611437704,3,3,1,False
2024-03-03_ST_3,2024-03-03,ST,2023-24,10,60.0,74.15665017754301,1,2,1,False
2024-03-03_ST_4,2024-03-03,ST,2023-24,14,60.0,212.10837037414368,3,3,1,False
2024-03-03_ST_5,2024-03-03,ST,2023-24,11,60.0,0.0,0,1,0,False
2024-03-03_ST_6,2024-03-03,ST,2023-24,14,60.0,32.2992355304453,1,2,1,False
2024-03-03_ST_7,2024-03-03,ST,2023-24,14,60.0,26.337985943757914,1,2,1,False
2024-03-03_ST_8,2024-03-03,ST,2023-24,12,60.0,81.20784791641267,1,2,1,False
2024-03-03_ST_9,2024-03-03,ST,2023-24,14,60.0,73.69463646395162,1,2,1,False
2024-03-06_HV_1,2024-03-06,HV,2023-24,12,60.0,139.62144951347221,3,3,1,False
2024-03-06_HV_2,2024-03-06,HV,2023-24,12,60.0,0.0,0,1,0,False
2024-03-06_HV_3,2024-03-06,HV,2023-24,12,60.0,0.0,0,1,0,False
2024-03-06_HV_4,2024-03-06,HV,2023-24,9,60.0,40.403185740685934,1,2,1,False
2024-03-06_HV_5,2024-03-06,HV,2023-24,9,60.0,0.0,0,1,0,False
2024-03-06_HV_6,2024-03-06,HV,2023-24,12,60.0,52.929836532895,1,2,1,False
2024-03-06_HV_7,2024-03-06,HV,2023-24,9,60.0,33.07339132531463,1,2,1,False
2024-03-06_HV_8,2024-03-06,HV,2023-24,11,60.0,47.86042076651678,1,2,1,False
2024-03-06_HV_9,2024-03-06,HV,2023-24,12,60.0,87.60101789355943,1,2,1,False
2024-03-10_ST_1,2024-03-10,ST,2023-24,14,60.0,58.44507208402645,1,2,1,False
2024-03-10_ST_10,2024-03-10,ST,2023-24,14,60.0,71.45300594894543,1,2,1,False
2024-03-10_ST_2,2024-03-10,ST,2023-24,14,60.0,0.0,0,1,0,False
2024-03-10_ST_3,2024-03-10,ST,2023-24,12,60.0,27.222398357686235,1,2,1,False
2024-03-10_ST_4,2024-03-10,ST,2023-24,14,60.0,32.15647661116756,1,2,1,False
2024-03-10_ST_5,2024-03-10,ST,2023-24,12,60.0,28.835607736382936,1,2,1,False
2024-03-10_ST_6,2024-03-10,ST,2023-24,13,60.0,123.99579623222,3,3,1,False
2024-03-10_ST_7,2024-03-10,ST,2023-24,10,60.0,0.0,0,1,0,False
2024-03-10_ST_8,2024-03-10,ST,2023-24,14,60.0,135.48607606418386,3,3,1,False
2024-03-10_ST_9,2024-03-10,ST,2023-24,14,60.0,88.59954736673514,1,2,1,False
2024-03-13_HV_1,2024-03-13,HV,2023-24,12,60.0,0.0,0,1,0,False
2024-03-13_HV_2,2024-03-13,HV,2023-24,8,60.0,19.90018734475671,1,2,1,False
2024-03-13_HV_3,2024-03-13,HV,2023-24,11,60.0,0.0,0,1,0,False
2024-03-13_HV_4,2024-03-13,HV,2023-24,12,60.0,41.368201706912565,1,2,1,False
2024-03-13_HV_5,2024-03-13,HV,2023-24,12,60.0,0.0,0,1,0,False
2024-03-13_HV_6,2024-03-13,HV,2023-24,9,60.0,174.9659993501702,3,3,1,False
2024-03-13_HV_7,2024-03-13,HV,2023-24,12,60.0,0.0,0,0,0,False
2024-03-13_HV_8,2024-03-13,HV,2023-24,12,60.0,0.0,0,1,0,False
2024-03-13_HV_9,2024-03-13,HV,2023-24,11,60.0,189.8360906331996,3,3,1,False
2024-03-16_ST_1,2024-03-16,ST,2023-24,12,60.0,0.0,0,1,0,False
2024-03-16_ST_10,2024-03-16,ST,2023-24,14,60.0,55.34497126677785,1,2,1,False
2024-03-16_ST_2,2024-03-16,ST,2023-24,12,60.0,101.0911851425891,1,2,1,False
2024-03-16_ST_3,2024-03-16,ST,2023-24,12,60.0,88.6301266221773,1,2,1,False
2024-03-16_ST_4,2024-03-16,ST,2023-24,14,60.0,0.0,0,1,0,False
2024-03-16_ST_5,2024-03-16,ST,2023-24,12,60.0,0.0,0,1,0,False
2024-03-16_ST_6,2024-03-16,ST,2023-24,12,60.0,44.42854883092698,1,2,1,False
2024-03-16_ST_7,2024-03-16,ST,2023-24,12,60.0,203.64438556609736,3,3,1,False
2024-03-16_ST_8,2024-03-16,ST,2023-24,14,60.0,60.28591054810557,1,2,1,False
2024-03-16_ST_9,2024-03-16,ST,2023-24,11,60.0,116.2713076904696,3,3,1,False
2024-03-20_HV_1,2024-03-20,HV,2023-24,12,60.0,0.0,0,0,0,False
2024-03-20_HV_2,2024-03-20,HV,2023-24,12,60.0,0.0,0,1,0,False
2024-03-20_HV_3,2024-03-20,HV,2023-24,12,60.0,0.0,0,1,0,False
2024-03-20_HV_4,2024-03-20,HV,2023-24,12,60.0,0.0,0,1,0,False
2024-03-20_HV_5,2024-03-20,HV,2023-24,12,60.0,170.60405465624544,3,3,1,False
2024-03-20_HV_6,2024-03-20,HV,2023-24,12,60.0,0.0,0,1,0,False
2024-03-20_HV_7,2024-03-20,HV,2023-24,12,60.0,0.0,0,1,0,False
2024-03-20_HV_8,2024-03-20,HV,2023-24,12,60.0,52.7193097755494,1,2,1,False
2024-03-20_HV_9,2024-03-20,HV,2023-24,12,60.0,31.389085209293732,1,2,1,False
2024-03-24_ST_1,2024-03-24,ST,2023-24,14,60.0,23.14399351082124,1,2,1,False
2024-03-24_ST_10,2024-03-24,ST,2023-24,14,60.0,214.19467196763475,3,3,1,False
2024-03-24_ST_2,2024-03-24,ST,2023-24,14,60.0,53.02666005142232,1,2,1,False
2024-03-24_ST_3,2024-03-24,ST,2023-24,14,60.0,31.663505435176504,1,2,1,False
2024-03-24_ST_4,2024-03-24,ST,2023-24,14,60.0,41.05852665490434,1,2,1,False
2024-03-24_ST_5,2024-03-24,ST,2023-24,11,60.0,113.5586478078001,3,3,1,False
2024-03-24_ST_6,2024-03-24,ST,2023-24,14,60.0,35.707224737307655,1,2,1,False
2024-03-24_ST_7,2024-03-24,ST,2023-24,14,60.0,62.214656614201616,1,2,1,False
2024-03-24_ST_8,2024-03-24,ST,2023-24,11,60.0,156.50085375441114,3,3,1,False
2024-03-24_ST_9,2024-03-24,ST,2023-24,13,60.0,64.48857647858785,1,2,1,False
2024-03-27_HV_1,2024-03-27,HV,2023-24,12,60.0,0.0,0,1,0,False
2024-03-27_HV_2,2024-03-27,HV,2023-24,12,60.0,0.0,0,1,0,False
2024-03-27_HV_3,2024-03-27,HV,2023-24,11,60.0,136.8934546854363,3,3,1,False
2024-03-27_HV_4,2024-03-27,HV,2023-24,12,60.0,0.0,0,1,0,False
2024-03-27_HV_5,2024-03-27,HV,2023-24,12,60.0,54.2613985644052,1,2,1,False
2024-03-27_HV_6,2024-03-27,HV,2023-24,12,60.0,46.97626231466934,1,2,1,False
2024-03-27_HV_7,2024-03-27,HV,2023-24,12,60.0,155.60174089027095,3,3,1,False
2024-03-27_HV_8,2024-03-27,HV,2023-24,11,60.0,136.6304521568104,3,3,1,False
2024-03-27_HV_9,2024-03-27,HV,2023-24,12,60.0,20.986933079305757,1,2,1,False
2024-03-31_ST_1,2024-03-31,ST,2023-24,14,60.0,0.0,0,1,0,False
2024-03-31_ST_10,2024-03-31,ST,2023-24,14,60.0,73.91670241761302,1,2,1,False
2024-03-31_ST_2,2024-03-31,ST,2023-24,14,60.0,0.0,0,1,0,False
2024-03-31_ST_3,2024-03-31,ST,2023-24,7,60.0,133.00621737521035,3,3,1,False
2024-03-31_ST_4,2024-03-31,ST,2023-24,14,60.0,0.0,0,1,0,False
2024-03-31_ST_5,2024-03-31,ST,2023-24,14,60.0,0.0,0,1,0,False
2024-03-31_ST_6,2024-03-31,ST,2023-24,14,60.0,0.0,0,1,0,False
2024-03-31_ST_7,2024-03-31,ST,2023-24,12,60.0,21.731375681952013,1,2,1,False
2024-03-31_ST_8,2024-03-31,ST,2023-24,14,60.0,0.0,0,1,0,False
2024-03-31_ST_9,2024-03-31,ST,2023-24,14,60.0,78.93613998941336,1,2,1,False
2024-04-03_ST_1,2024-04-03,ST,2023-24,14,60.0,136.95901761517766,1,2,1,False
2024-04-03_ST_2,2024-04-03,ST,2023-24,12,60.0,184.3061434886871,3,3,1,False
2024-04-03_ST_3,2024-04-03,ST,2023-24,11,60.0,0.0,0,1,0,False
2024-04-03_ST_4,2024-04-03,ST,2023-24,12,60.0,0.0,0,1,0,False
2024-04-03_ST_5,2024-04-03,ST,2023-24,8,60.0,133.74860479446812,3,3,1,False
2024-04-03_ST_6,2024-04-03,ST,2023-24,10,60.0,18.858898488509464,1,2,1,False
2024-04-03_ST_7,2024-04-03,ST,2023-24,14,60.0,0.0,0,1,0,False
2024-04-03_ST_8,2024-04-03,ST,2023-24,13,60.0,51.886495463901014,1,2,1,False
2024-04-07_ST_1,2024-04-07,ST,2023-24,14,60.0,216.13291687197525,3,3,1,False
2024-04-07_ST_10,2024-04-07,ST,2023-24,11,60.0,34.69635471181403,1,2,1,False
2024-04-07_ST_2,2024-04-07,ST,2023-24,13,60.0,0.0,0,0,0,False
2024-04-07_ST_3,2024-04-07,ST,2023-24,9,60.0,105.61578979203213,3,3,1,False
2024-04-07_ST_4,2024-04-07,ST,2023-24,13,60.0,69.21778261361489,1,2,1,False
2024-04-07_ST_5,2024-04-07,ST,2023-24,9,60.0,29.251788096072858,1,2,1,False
2024-04-07_ST_6,2024-04-07,ST,2023-24,14,60.0,90.4192306399529,3,3,1,False
2024-04-07_ST_7,2024-04-07,ST,2023-24,10,60.0,42.06190084663208,1,2,1,False
2024-04-07_ST_8,2024-04-07,ST,2023-24,13,60.0,22.059895990314946,1,2,1,False
2024-04-07_ST_9,2024-04-07,ST,2023-24,14,60.0,0.0,0,1,0,False
2024-04-10_HV_1,2024-04-10,HV,2023-24,11,60.0,79.83860032762821,1,2,1,False
2024-04-10_HV_2,2024-04-10,HV,2023-24,12,60.0,0.0,0,0,0,False
2024-04-10_HV_3,2024-04-10,HV,2023-24,8,60.0,109.65154516858458,3,3,1,False
2024-04-10_HV_4,2024-04-10,HV,2023-24,12,60.0,22.63676241385274,1,2,1,False
2024-04-10_HV_5,2024-04-10,HV,2023-24,12,60.0,0.0,0,1,0,False
2024-04-10_HV_6,2024-04-10,HV,2023-24,12,60.0,0.0,0,1,0,False
2024-04-10_HV_7,2024-04-10,HV,2023-24,12,60.0,41.72488422999665,1,2,1,False
2024-04-10_HV_8,2024-04-10,HV,2023-24,12,60.0,44.67185072165772,1,2,1,False
2024-04-10_HV_9,2024-04-10,HV,2023-24,12,60.0,116.13550107068208,3,3,1,False
2024-04-14_ST_1,2024-04-14,ST,2023-24,9,60.0,160.54635193446893,3,3,1,False
2024-04-14_ST_10,2024-04-14,ST,2023-24,14,60.0,0.0,0,0,0,False
2024-04-14_ST_11,2024-04-14,ST,2023-24,14,60.0,0.0,0,0,0,False
2024-04-14_ST_2,2024-04-14,ST,2023-24,12,60.0,0.0,0,0,0,False
2024-04-14_ST_3,2024-04-14,ST,2023-24,14,60.0,27.311293003845986,1,2,1,False
2024-04-14_ST_4,2024-04-14,ST,2023-24,10,60.0,89.11934187072302,3,3,1,False
2024-04-14_ST_5,2024-04-14,ST,2023-24,11,60.0,218.52290897360996,3,3,1,False
2024-04-14_ST_6,2024-04-14,ST,2023-24,14,60.0,0.0,0,0,0,False
2024-04-14_ST_7,2024-04-14,ST,2023-24,12,60.0,0.0,0,1,0,False
2024-04-14_ST_8,2024-04-14,ST,2023-24,7,60.0,19.608213526518156,1,2,1,False
2024-04-14_ST_9,2024-04-14,ST,2023-24,14,60.0,191.63706984509372,3,3,1,False
2024-04-17_HV_1,2024-04-17,HV,2023-24,12,60.0,0.0,0,1,0,False
2024-04-17_HV_2,2024-04-17,HV,2023-24,12,60.0,43.07157272839755,1,2,1,False
2024-04-17_HV_3,2024-04-17,HV,2023-24,12,60.0,73.42046861540027,1,2,1,False
2024-04-17_HV_4,2024-04-17,HV,2023-24,12,60.0,0.0,0,0,0,False
2024-04-17_HV_5,2024-04-17,HV,2023-24,10,60.0,30.24697656545883,1,2,1,False
2024-04-17_HV_6,2024-04-17,HV,2023-24,11,60.0,0.0,0,1,0,False
2024-04-17_HV_7,2024-04-17,HV,2023-24,10,60.0,184.89988220614543,3,3,1,False
2024-04-17_HV_8,2024-04-17,HV,2023-24,12,60.0,0.0,0,1,0,False
2024-04-17_HV_9,2024-04-17,HV,2023-24,11,60.0,214.47953136054895,3,3,1,False
2024-04-20_ST_1,2024-04-20,ST,2023-24,14,60.0,52.693338048722154,1,2,1,False
2024-04-20_ST_10,2024-04-20,ST,2023-24,14,60.0,46.159584149002896,1,2,1,False
2024-04-20_ST_2,2024-04-20,ST,2023-24,14,60.0,179.25281328029806,3,3,1,False
2024-04-20_ST_3,2024-04-20,ST,2023-24,9,60.0,40.487790821071606,1,2,1,False
2024-04-20_ST_4,2024-04-20,ST,2023-24,14,60.0,62.316815594881675,1,2,1,False
2024-04-20_ST_5,2024-04-20,ST,2023-24,14,60.0,0.0,0,1,0,False
2024-04-20_ST_6,2024-04-20,ST,2023-24,11,60.0,0.0,0,1,0,False
2024-04-20_ST_7,2024-04-20,ST,2023-24,13,60.0,0.0,0,1,0,False
2024-04-20_ST_8,2024-04-20,ST,2023-24,12,60.0,162.04231972138143,1,2,1,False
2024-04-20_ST_9,2024-04-20,ST,2023-24,13,60.0,0.0,0,1,0,False
2024-04-24_HV_1,2024-04-24,HV,2023-24,7,60.0,34.84138580058838,1,2,1,False
2024-04-24_HV_2,2024-04-24,HV,2023-24,12,60.0,105.95266996305818,1,2,1,False
2024-04-24_HV_3,2024-04-24,HV,2023-24,12,60.0,52.56527779041442,1,2,1,False
2024-04-24_HV_4,2024-04-24,HV,2023-24,12,60.0,67.93129220086196,1,2,1,False
2024-04-24_HV_5,2024-04-24,HV,2023-24,9,60.0,35.43233485593025,1,2,1,False
2024-04-24_HV_6,2024-04-24,HV,2023-24,12,60.0,45.342799750570414,1,2,1,False
2024-04-24_HV_7,2024-04-24,HV,2023-24,12,60.0,49.37277805574884,1,2,1,False
2024-04-24_HV_8,2024-04-24,HV,2023-24,11,60.0,29.556471562936284,1,2,1,False
2024-04-24_HV_9,2024-04-24,HV,2023-24,12,60.0,30.123136420891832,1,2,1,False
2024-04-28_ST_1,2024-04-28,ST,2023-24,14,60.0,0.0,0,1,0,False
2024-04-28_ST_10,2024-04-28,ST,2023-24,14,60.0,0.0,0,1,0,False
2024-04-28_ST_2,2024-04-28,ST,2023-24,11,60.0,0.0,0,1,0,False
2024-04-28_ST_3,2024-04-28,ST,2023-24,14,60.0,30.747829771336004,1,2,1,False
2024-04-28_ST_4,2024-04-28,ST,2023-24,14,60.0,128.47829315544405,3,3,1,False
2024-04-28_ST_5,2024-04-28,ST,2023-24,11,60.0,34.5311160014478,1,2,1,False
2024-04-28_ST_6,2024-04-28,ST,2023-24,14,60.0,61.52616114114973,1,2,1,False
2024-04-28_ST_7,2024-04-28,ST,2023-24,11,60.0,105.07186064593577,1,2,1,False
2024-04-28_ST_8,2024-04-28,ST,2023-24,11,60.0,23.3692112199826,1,2,1,False
2024-04-28_ST_9,2024-04-28,ST,2023-24,13,60.0,0.0,0,1,0,False
2024-05-01_HV_1,2024-05-01,HV,2023-24,12,60.0,57.27476436517646,1,2,1,False
2024-05-01_HV_2,2024-05-01,HV,2023-24,12,60.0,52.107708606543866,1,2,1,False
2024-05-01_HV_3,2024-05-01,HV,2023-24,12,60.0,39.017389700611304,1,2,1,False
2024-05-01_HV_4,2024-05-01,HV,2023-24,12,60.0,0.0,0,1,0,False
2024-05-01_HV_5,2024-05-01,HV,2023-24,12,60.0,42.90571944928257,1,2,1,False
2024-05-01_HV_6,2024-05-01,HV,2023-24,12,60.0,0.0,0,1,0,False
2024-05-01_HV_7,2024-05-01,HV,2023-24,11,60.0,23.160572400409,1,2,1,False
2024-05-01_HV_8,2024-05-01,HV,2023-24,12,60.0,57.96280542479657,1,2,1,False
2024-05-01_HV_9,2024-05-01,HV,2023-24,11,60.0,41.9664047653835,1,2,1,False
2024-05-05_ST_1,2024-05-05,ST,2023-24,10,60.0,20.073891388325542,1,2,1,False
2024-05-05_ST_10,2024-05-05,ST,2023-24,11,60.0,124.45312129191524,3,3,1,False
2024-05-05_ST_11,2024-05-05,ST,2023-24,13,60.0,0.0,0,1,0,False
2024-05-05_ST_2,2024-05-05,ST,2023-24,10,60.0,46.0206159212854,1,2,1,False
2024-05-05_ST_3,2024-05-05,ST,2023-24,12,60.0,0.0,0,1,0,False
2024-05-05_ST_4,2024-05-05,ST,2023-24,10,60.0,0.0,0,1,0,False
2024-05-05_ST_5,2024-05-05,ST,2023-24,14,60.0,32.093880385159146,1,2,1,False
2024-05-05_ST_6,2024-05-05,ST,2023-24,14,60.0,0.0,0,1,0,False
2024-05-05_ST_7,2024-05-05,ST,2023-24,14,60.0,37.70067745834737,1,2,1,False
2024-05-05_ST_8,2024-05-05,ST,2023-24,11,60.0,41.9664047653835,1,2,1,False
2024-05-05_ST_9,2024-05-05,ST,2023-24,12,60.0,34.11719380779476,1,2,1,False
2024-05-08_HV_1,2024-05-08,HV,2023-24,11,60.0,40.20942399399936,1,2,1,False
2024-05-08_HV_2,2024-05-08,HV,2023-24,12,60.0,42.419594287140235,1,2,1,False
2024-05-08_HV_3,2024-05-08,HV,2023-24,12,60.0,57.840638290489395,1,2,1,False
2024-05-08_HV_4,2024-05-08,HV,2023-24,12,60.0,0.0,0,1,0,False
2024-05-08_HV_5,2024-05-08,HV,2023-24,12,60.0,47.64041478420495,1,2,1,False
2024-05-08_HV_6,2024-05-08,HV,2023-24,12,60.0,0.0,0,1,0,False
2024-05-08_HV_7,2024-05-08,HV,2023-24,10,60.0,0.0,0,1,0,False
2024-05-08_HV_8,2024-05-08,HV,2023-24,12,60.0,181.42956734410927,3,3,1,False
2024-05-08_HV_9,2024-05-08,HV,2023-24,10,60.0,202.81929235863512,3,3,1,False
2024-05-11_ST_1,2024-05-11,ST,2023-24,14,60.0,160.47136078909165,3,3,1,False
2024-05-11_ST_10,2024-05-11,ST,2023-24,12,60.0,0.0,0,1,0,False
2024-05-11_ST_2,2024-05-11,ST,2023-24,9,60.0,0.0,0,0,0,False
2024-05-11_ST_3,2024-05-11,ST,2023-24,10,60.0,15.909361390346143,1,2,1,False
2024-05-11_ST_4,2024-05-11,ST,2023-24,12,60.0,0.0,0,1,0,False
2024-05-11_ST_5,2024-05-11,ST,2023-24,12,60.0,237.9115693927583,3,3,1,False
2024-05-11_ST_6,2024-05-11,ST,2023-24,12,60.0,46.138941657341704,1,2,1,False
2024-05-11_ST_7,2024-05-11,ST,2023-24,10,60.0,0.0,0,1,0,False
2024-05-11_ST_8,2024-05-11,ST,2023-24,14,60.0,38.73940775452738,1,2,1,False
2024-05-11_ST_9,2024-05-11,ST,2023-24,14,60.0,38.25483864255091,1,2,1,False
2024-05-15_HV_1,2024-05-15,HV,2023-24,12,60.0,0.0,0,1,0,False
2024-05-15_HV_2,2024-05-15,HV,2023-24,10,60.0,0.0,0,0,0,False
2024-05-15_HV_3,2024-05-15,HV,2023-24,9,60.0,44.991356031648586,1,2,1,False
2024-05-15_HV_4,2024-05-15,HV,2023-24,12,60.0,0.0,0,1,0,False
2024-05-15_HV_5,2024-05-15,HV,2023-24,11,60.0,76.32446046468534,1,2,1,False
2024-05-15_HV_6,2024-05-15,HV,2023-24,12,60.0,0.0,0,1,0,False
2024-05-15_HV_7,2024-05-15,HV,2023-24,11,60.0,60.9532815524129,1,2,1,False
2024-05-15_HV_8,2024-05-15,HV,2023-24,12,60.0,0.0,0,1,0,False
2024-05-15_HV_9,2024-05-15,HV,2023-24,12,60.0,27.882080266228655,1,2,1,False
2024-05-19_ST_1,2024-05-19,ST,2023-24,11,60.0,61.55294041894748,1,2,1,False
2024-05-19_ST_10,2024-05-19,ST,2023-24,14,60.0,45.7555685588727,1,2,1,False
2024-05-19_ST_2,2024-05-19,ST,2023-24,11,60.0,106.05258944711414,3,3,1,False
2024-05-19_ST_4,2024-05-19,ST,2023-24,12,60.0,25.910451551383936,1,2,1,False
2024-05-19_ST_5,2024-05-19,ST,2023-24,13,60.0,156.98843670620516,3,3,1,False
2024-05-19_ST_6,2024-05-19,ST,2023-24,14,60.0,134.1309163681725,3,3,1,False
2024-05-19_ST_7,2024-05-19,ST,2023-24,14,60.0,38.19007990338181,1,2,1,False
2024-05-19_ST_8,2024-05-19,ST,2023-24,14,60.0,0.0,0,0,0,False
2024-05-19_ST_9,2024-05-19,ST,2023-24,12,60.0,123.73003982348148,3,3,1,False
2024-05-22_HV_1,2024-05-22,HV,2023-24,12,60.0,53.68388216069078,1,2,1,False
2024-05-22_HV_2,2024-05-22,HV,2023-24,12,60.0,0.0,0,1,0,False
2024-05-22_HV_3,2024-05-22,HV,2023-24,12,60.0,37.54919919666731,1,2,1,False
2024-05-22_HV_4,2024-05-22,HV,2023-24,12,60.0,0.0,0,1,0,False
2024-05-22_HV_5,2024-05-22,HV,2023-24,12,60.0,0.0,0,1,0,False
2024-05-22_HV_6,2024-05-22,HV,2023-24,12,60.0,40.32757171953574,1,2,1,False
2024-05-22_HV_7,2024-05-22,HV,2023-24,12,60.0,30.560877926232617,1,2,1,False
2024-05-22_HV_8,2024-05-22,HV,2023-24,12,60.0,57.0884435709045,1,2,1,False
2024-05-22_HV_9,2024-05-22,HV,2023-24,12,60.0,45.395501517006316,1,2,1,False
2024-05-26_ST_1,2024-05-26,ST,2023-24,14,60.0,221.83954368065338,3,3,1,False
2024-05-26_ST_10,2024-05-26,ST,2023-24,13,60.0,0.0,0,1,0,False
2024-05-26_ST_2,2024-05-26,ST,2023-24,14,60.0,133.89101782534976,3,3,1,False
2024-05-26_ST_3,2024-05-26,ST,2023-24,11,60.0,0.0,0,1,0,False
2024-05-26_ST_4,2024-05-26,ST,2023-24,14,60.0,0.0,0,1,0,False
2024-05-26_ST_5,2024-05-26,ST,2023-24,14,60.0,23.20818568117263,1,2,1,False
2024-05-26_ST_6,2024-05-26,ST,2023-24,12,60.0,109.20086083278211,1,2,1,False
2024-05-26_ST_7,2024-05-26,ST,2023-24,8,60.0,18.246207758753012,1,2,1,False
2024-05-26_ST_8,2024-05-26,ST,2023-24,14,60.0,0.0,0,1,0,False
2024-05-26_ST_9,2024-05-26,ST,2023-24,14,60.0,211.85883428692668,3,3,1,False
2024-05-29_ST_2,2024-05-29,ST,2023-24,12,60.0,0.0,0,1,0,False
2024-05-29_ST_3,2024-05-29,ST,2023-24,12,60.0,188.88958716686975,3,3,1,False
2024-05-29_ST_4,2024-05-29,ST,2023-24,14,60.0,125.696414374953,1,2,1,False
2024-05-29_ST_5,2024-05-29,ST,2023-24,11,60.0,0.0,0,1,0,False
2024-05-29_ST_6,2024-05-29,ST,2023-24,14,60.0,77.83133392600533,1,2,1,False
2024-05-29_ST_7,2024-05-29,ST,2023-24,12,60.0,65.7439597485605,1,2,1,False
2024-05-29_ST_8,2024-05-29,ST,2023-24,14,60.0,59.24775658255542,1,2,1,False
2024-06-02_ST_1,2024-06-02,ST,2023-24,12,60.0,123.46528681967003,3,3,1,False
2024-06-02_ST_10,2024-06-02,ST,2023-24,14,60.0,0.0,0,0,0,False
2024-06-02_ST_11,2024-06-02,ST,2023-24,14,60.0,0.0,0,1,0,False
2024-06-02_ST_3,2024-06-02,ST,2023-24,14,60.0,0.0,0,1,0,False
2024-06-02_ST_4,2024-06-02,ST,2023-24,14,60.0,33.1126063940659,1,2,1,False
2024-06-02_ST_5,2024-06-02,ST,2023-24,14,60.0,24.75673688896819,1,2,1,False
2024-06-02_ST_6,2024-06-02,ST,2023-24,11,60.0,46.84649195723605,1,2,1,False
2024-06-02_ST_7,2024-06-02,ST,2023-24,14,60.0,20.500990468930215,1,2,1,False
2024-06-02_ST_8,2024-06-02,ST,2023-24,7,60.0,15.684083026131772,1,2,1,False
2024-06-02_ST_9,2024-06-02,ST,2023-24,8,60.0,27.652365684139436,1,2,1,False
2024-06-05_HV_1,2024-06-05,HV,2023-24,12,60.0,42.419594287140235,1,2,1,False
2024-06-05_HV_2,2024-06-05,HV,2023-24,12,60.0,53.69698284614324,1,2,1,False
2024-06-05_HV_3,2024-06-05,HV,2023-24,12,60.0,0.0,0,1,0,False
2024-06-05_HV_4,2024-06-05,HV,2023-24,12,60.0,0.0,0,1,0,False
2024-06-05_HV_5,2024-06-05,HV,2023-24,12,60.0,125.46876551175765,3,3,1,False
2024-06-05_HV_6,2024-06-05,HV,2023-24,12,60.0,125.71788779200708,3,3,1,False
2024-06-05_HV_7,2024-06-05,HV,2023-24,11,60.0,141.9161680201968,3,3,1,False
2024-06-05_HV_8,2024-06-05,HV,2023-24,12,60.0,62.607219707857574,1,2,1,False
2024-06-05_HV_9,2024-06-05,HV,2023-24,12,60.0,49.48933550706681,1,2,1,False
2024-06-08_ST_1,2024-06-08,ST,2023-24,13,60.0,48.752021766239565,1,2,1,False
2024-06-08_ST_10,2024-06-08,ST,2023-24,12,60.0,0.0,0,1,0,False
2024-06-08_ST_2,2024-06-08,ST,2023-24,14,60.0,58.329052162208264,1,2,1,False
2024-06-08_ST_3,2024-06-08,ST,2023-24,10,60.0,15.692746900148094,1,2,1,False
2024-06-08_ST_4,2024-06-08,ST,2023-24,12,60.0,33.81288456614442,1,2,1,False
2024-06-08_ST_5,2024-06-08,ST,2023-24,14,60.0,36.793729020844744,1,2,1,False
2024-06-08_ST_6,2024-06-08,ST,2023-24,12,60.0,122.12469031826575,3,3,1,False
2024-06-08_ST_7,2024-06-08,ST,2023-24,9,60.0,17.573179407238175,1,2,1,False
2024-06-08_ST_8,2024-06-08,ST,2023-24,13,60.0,61.63573906247304,1,2,1,False
2024-06-08_ST_9,2024-06-08,ST,2023-24,14,60.0,77.46781944435168,1,2,1,False
2024-06-12_HV_1,2024-06-12,HV,2023-24,12,60.0,0.0,0,1,0,False
2024-06-12_HV_2,2024-06-12,HV,2023-24,11,60.0,53.501305905370124,1,2,1,False
2024-06-12_HV_3,2024-06-12,HV,2023-24,12,60.0,0.0,0,1,0,False
2024-06-12_HV_4,2024-06-12,HV,2023-24,12,60.0,0.0,0,1,0,False
2024-06-12_HV_5,2024-06-12,HV,2023-24,10,60.0,149.1253884126658,3,3,1,False
2024-06-12_HV_6,2024-06-12,HV,2023-24,12,60.0,35.662813071319455,1,2,1,False
2024-06-12_HV_7,2024-06-12,HV,2023-24,12,60.0,26.80332815399876,1,2,1,False
2024-06-12_HV_8,2024-06-12,HV,2023-24,11,60.0,0.0,0,1,0,False
2024-06-12_HV_9,2024-06-12,HV,2023-24,12,60.0,55.73494147740236,1,2,1,False
2024-06-15_ST_1,2024-06-15,ST,2023-24,14,60.0,45.040961233544785,1,2,1,False
2024-06-15_ST_10,2024-06-15,ST,2023-24,14,60.0,27.90321547952305,1,2,1,False
2024-06-15_ST_11,2024-06-15,ST,2023-24,13,60.0,0.0,0,1,0,False
2024-06-15_ST_2,2024-06-15,ST,2023-24,12,60.0,0.0,0,1,0,False
2024-06-15_ST_3,2024-06-15,ST,2023-24,14,60.0,55.17178658881675,1,2,1,False
2024-06-15_ST_4,2024-06-15,ST,2023-24,12,60.0,132.64016034408652,3,3,1,False
2024-06-15_ST_5,2024-06-15,ST,2023-24,12,60.0,74.54068336631816,1,2,1,False
2024-06-15_ST_6,2024-06-15,ST,2023-24,10,60.0,18.371435495818904,1,2,1,False
2024-06-15_ST_7,2024-06-15,ST,2023-24,12,60.0,0.0,0,1,0,False
2024-06-15_ST_8,2024-06-15,ST,2023-24,10,60.0,141.33462162274407,3,3,1,False
2024-06-15_ST_9,2024-06-15,ST,2023-24,10,60.0,110.93097889287947,3,3,1,False
2024-06-23_ST_1,2024-06-23,ST,2023-24,14,60.0,114.89440527700847,3,3,1,False
2024-06-23_ST_10,2024-06-23,ST,2023-24,13,60.0,293.52828135656415,3,3,1,False
2024-06-23_ST_11,2024-06-23,ST,2023-24,14,60.0,51.99529549811101,1,2,1,False
2024-06-23_ST_2,2024-06-23,ST,2023-24,9,60.0,114.66460163723656,3,3,1,False
2024-06-23_ST_3,2024-06-23,ST,2023-24,14,60.0,137.52514725306673,1,2,1,False
2024-06-23_ST_4,2024-06-23,ST,2023-24,14,60.0,50.187721724145604,1,2,1,False
2024-06-23_ST_5,2024-06-23,ST,2023-24,14,60.0,23.632553982570595,1,2,1,False
2024-06-23_ST_6,2024-06-23,ST,2023-24,14,60.0,0.0,0,1,0,False
2024-06-23_ST_7,2024-06-23,ST,2023-24,14,60.0,54.740819306428506,1,2,1,False
2024-06-23_ST_8,2024-06-23,ST,2023-24,7,60.0,68.54738034710243,3,3,1,False
2024-06-23_ST_9,2024-06-23,ST,2023-24,11,60.0,47.66590206972909,1,2,1,False
2024-06-26_HV_1,2024-06-26,HV,2023-24,10,60.0,30.495967681477524,1,2,1,False
2024-06-26_HV_2,2024-06-26,HV,2023-24,12,60.0,120.56750564373635,3,3,1,False
2024-06-26_HV_3,2024-06-26,HV,2023-24,12,60.0,66.26872127430529,1,2,1,False
2024-06-26_HV_4,2024-06-26,HV,2023-24,12,60.0,28.208799716738362,1,2,1,False
2024-06-26_HV_5,2024-06-26,HV,2023-24,12,60.0,161.7488555164984,3,3,1,False
2024-06-26_HV_6,2024-06-26,HV,2023-24,12,60.0,106.26529941885508,3,3,1,False
2024-06-26_HV_7,2024-06-26,HV,2023-24,9,60.0,16.80877029774568,1,2,1,False
2024-06-26_HV_8,2024-06-26,HV,2023-24,11,60.0,59.533188417283235,1,2,1,False
2024-06-26_HV_9,2024-06-26,HV,2023-24,11,60.0,38.50443020336839,1,2,1,False
2024-07-01_ST_1,2024-07-01,ST,2023-24,14,60.0,0.0,0,1,0,False
2024-07-01_ST_10,2024-07-01,ST,2023-24,14,60.0,115.22638278551021,3,3,1,False
2024-07-01_ST_11,2024-07-01,ST,2023-24,14,60.0,0.0,0,1,0,False
2024-07-01_ST_2,2024-07-01,ST,2023-24,14,60.0,39.16678670423942,1,2,1,False
2024-07-01_ST_3,2024-07-01,ST,2023-24,14,60.0,75.01897338997978,1,2,1,False
2024-07-01_ST_4,2024-07-01,ST,2023-24,12,60.0,0.0,0,1,0,False
2024-07-01_ST_5,2024-07-01,ST,2023-24,14,60.0,76.45467234679785,1,2,1,False
2024-07-01_ST_6,2024-07-01,ST,2023-24,9,60.0,37.84275714967783,1,2,1,False
2024-07-01_ST_7,2024-07-01,ST,2023-24,14,60.0,0.0,0,1,0,False
2024-07-01_ST_8,2024-07-01,ST,2023-24,14,60.0,39.16678670423942,1,2,1,False
2024-07-01_ST_9,2024-07-01,ST,2023-24,14,60.0,0.0,0,1,0,False
2024-07-04_HV_1,2024-07-04,HV,2023-24,12,60.0,253.30950215134123,3,3,1,False
2024-07-04_HV_2,2024-07-04,HV,2023-24,7,60.0,22.748314264839415,1,2,1,False
2024-07-04_HV_3,2024-07-04,HV,2023-24,12,60.0,131.47573975208797,3,3,1,False
2024-07-04_HV_4,2024-07-04,HV,2023-24,12,60.0,52.92864204437241,1,2,1,False
2024-07-04_HV_5,2024-07-04,HV,2023-24,12,60.0,32.218561670495546,1,2,1,False
2024-07-04_HV_6,2024-07-04,HV,2023-24,12,60.0,0.0,0,1,0,False
2024-07-04_HV_7,2024-07-04,HV,2023-24,12,60.0,54.07523470167682,1,2,1,False
2024-07-04_HV_8,2024-07-04,HV,2023-24,12,60.0,130.12519151275006,3,3,1,False
2024-07-04_HV_9,2024-07-04,HV,2023-24,12,60.0,0.0,0,0,0,False
2024-07-06_ST_1,2024-07-06,ST,2023-24,12,60.0,23.41233639216956,1,2,1,False
2024-07-06_ST_10,2024-07-06,ST,2023-24,12,60.0,0.0,0,1,0,False
2024-07-06_ST_2,2024-07-06,ST,2023-24,12,60.0,0.0,0,1,0,False
2024-07-06_ST_3,2024-07-06,ST,2023-24,14,60.0,32.384651574383696,1,2,1,False
2024-07-06_ST_4,2024-07-06,ST,2023-24,12,60.0,94.58327058143831,1,2,1,False
2024-07-06_ST_5,2024-07-06,ST,2023-24,11,60.0,52.00198560948929,1,2,1,False
2024-07-06_ST_6,2024-07-06,ST,2023-24,14,60.0,0.0,0,1,0,False
2024-07-06_ST_7,2024-07-06,ST,2023-24,13,60.0,0.0,0,1,0,False
2024-07-06_ST_8,2024-07-06,ST,2023-24,14,60.0,86.15186463213742,1,2,1,False
2024-07-06_ST_9,2024-07-06,ST,2023-24,13,60.0,173.6975559899682,3,3,1,False
2024-07-10_HV_1,2024-07-10,HV,2023-24,12,60.0,0.0,0,1,0,False
2024-07-10_HV_2,2024-07-10,HV,2023-24,12,60.0,155.90517811865527,3,3,1,False
2024-07-10_HV_3,2024-07-10,HV,2023-24,12,60.0,31.49971099578714,1,2,1,False
2024-07-10_HV_4,2024-07-10,HV,2023-24,12,60.0,20.037120800015213,1,2,1,False
2024-07-10_HV_5,2024-07-10,HV,2023-24,12,60.0,103.03770193380458,3,3,1,False
2024-07-10_HV_6,2024-07-10,HV,2023-24,10,60.0,0.0,0,1,0,False
2024-07-10_HV_7,2024-07-10,HV,2023-24,12,60.0,0.0,0,1,0,False
2024-07-10_HV_8,2024-07-10,HV,2023-24,9,60.0,27.452218724018298,1,2,1,False
2024-07-10_HV_9,2024-07-10,HV,2023-24,12,60.0,86.35657387397966,1,2,1,False
2024-07-14_ST_1,2024-07-14,ST,2023-24,13,60.0,66.64719256317143,1,2,1,False
2024-07-14_ST_10,2024-07-14,ST,2023-24,13,60.0,0.0,0,1,0,False
2024-07-14_ST_11,2024-07-14,ST,2023-24,14,60.0,29.830251042159908,1,2,1,False
2024-07-14_ST_2,2024-07-14,ST,2023-24,7,60.0,113.87348725625142,3,3,1,False
2024-07-14_ST_3,2024-07-14,ST,2023-24,14,60.0,74.69328626499987,1,2,1,False
2024-07-14_ST_4,2024-07-14,ST,2023-24,14,60.0,87.70133860828324,1,2,1,False
2024-07-14_ST_5,2024-07-14,ST,2023-24,14,60.0,50.27369094469753,1,2,1,False
2024-07-14_ST_6,2024-07-14,ST,2023-24,14,60.0,50.21738972211927,1,2,1,False
2024-07-14_ST_7,2024-07-14,ST,2023-24,14,60.0,36.700135178610154,1,2,1,False
2024-07-14_ST_8,2024-07-14,ST,2023-24,10,60.0,30.235494800929718,1,2,1,False
2024-07-14_ST_9,2024-07-14,ST,2023-24,14,60.0,45.74434180253382,1,2,1,False
2024-09-08_ST_1,2024-09-08,ST,2024-25,13,60.0,26.0,1,2,1,True
2024-09-08_ST_10,2024-09-08,ST,2024-25,14,60.0,156.0,3,3,1,True
2024-09-08_ST_2,2024-09-08,ST,2024-25,13,60.0,81.0,1,2,1,True
2024-09-08_ST_3,2024-09-08,ST,2024-25,10,60.0,101.5,3,3,1,True
2024-09-08_ST_4,2024-09-08,ST,2024-25,12,60.0,35.0,1,2,1,True
2024-09-08_ST_5,2024-09-08,ST,2024-25,11,60.0,30.5,1,2,1,True
2024-09-08_ST_6,2024-09-08,ST,2024-25,13,60.0,43.0,1,2,1,True
2024-09-08_ST_7,2024-09-08,ST,2024-25,8,60.0,51.5,1,2,1,True
2024-09-08_ST_8,2024-09-08,ST,2024-25,13,60.0,54.5,1,2,1,True
2024-09-08_ST_9,2024-09-08,ST,2024-25,12,60.0,0.0,0,1,0,True
2024-09-11_HV_1,2024-09-11,HV,2024-25,9,60.0,106.5,3,3,1,True
2024-09-11_HV_2,2024-09-11,HV,2024-25,8,60.0,33.5,1,2,1,True
2024-09-11_HV_3,2024-09-11,HV,2024-25,8,60.0,13.5,1,2,1,True
2024-09-11_HV_4,2024-09-11,HV,2024-25,10,60.0,40.5,1,2,1,True
2024-09-11_HV_5,2024-09-11,HV,2024-25,12,60.0,98.0,1,2,1,True
2024-09-11_HV_6,2024-09-11,HV,2024-25,12,60.0,73.5,1,2,1,True
2024-09-11_HV_7,2024-09-11,HV,2024-25,11,60.0,53.0,1,2,1,True
2024-09-11_HV_8,2024-09-11,HV,2024-25,12,60.0,0.0,0,1,0,True
2024-09-15_ST_1,2024-09-15,ST,2024-25,9,60.0,27.0,1,2,1,True
2024-09-15_ST_10,2024-09-15,ST,2024-25,14,60.0,0.0,0,1,0,True
2024-09-15_ST_2,2024-09-15,ST,2024-25,12,60.0,28.5,1,2,1,True
2024-09-15_ST_3,2024-09-15,ST,2024-25,11,60.0,24.0,1,2,1,True
2024-09-15_ST_4,2024-09-15,ST,2024-25,13,60.0,54.0,1,2,1,True
2024-09-15_ST_5,2024-09-15,ST,2024-25,12,60.0,0.0,0,1,0,True
2024-09-15_ST_6,2024-09-15,ST,2024-25,12,60.0,44.0,1,2,1,True
2024-09-15_ST_7,2024-09-15,ST,2024-25,10,60.0,0.0,0,1,0,True
2024-09-15_ST_8,2024-09-15,ST,2024-25,12,60.0,45.0,1,2,1,True
2024-09-15_ST_9,2024-09-15,ST,2024-25,14,60.0,0.0,0,1,0,True
2024-09-18_HV_1,2024-09-18,HV,2024-25,9,60.0,21.5,1,2,1,True
2024-09-18_HV_2,2024-09-18,HV,2024-25,10,60.0,46.0,1,2,1,True
2024-09-18_HV_3,2024-09-18,HV,2024-25,9,60.0,0.0,0,1,0,True
2024-09-18_HV_4,2024-09-18,HV,2024-25,12,60.0,0.0,0,1,0,True
2024-09-18_HV_5,2024-09-18,HV,2024-25,10,60.0,135.0,3,3,1,True
2024-09-18_HV_6,2024-09-18,HV,2024-25,12,60.0,89.5,1,2,1,True
2024-09-18_HV_7,2024-09-18,HV,2024-25,10,60.0,185.0,3,3,1,True
2024-09-18_HV_8,2024-09-18,HV,2024-25,12,60.0,0.0,0,1,0,True
2024-09-22_ST_1,2024-09-22,ST,2024-25,10,60.0,0.0,0,1,0,True
2024-09-22_ST_10,2024-09-22,ST,2024-25,11,60.0,44.5,1,2,1,True
2024-09-22_ST_2,2024-09-22,ST,2024-25,10,60.0,43.5,1,2,1,True
2024-09-22_ST_3,2024-09-22,ST,2024-25,11,60.0,45.5,1,2,1,True
2024-09-22_ST_4,2024-09-22,ST,2024-25,13,60.0,0.0,0,1,0,True
2024-09-22_ST_5,2024-09-22,ST,2024-25,14,60.0,0.0,0,1,0,True
2024-09-22_ST_6,2024-09-22,ST,2024-25,11,60.0,162.0,3,3,1,True
2024-09-22_ST_7,2024-09-22,ST,2024-25,7,60.0,47.0,1,2,1,True
2024-09-22_ST_8,2024-09-22,ST,2024-25,14,60.0,211.0,3,3,1,True
2024-09-22_ST_9,2024-09-22,ST,2024-25,10,60.0,90.5,3,3,1,True
2024-09-25_HV_1,2024-09-25,HV,2024-25,10,60.0,66.5,1,2,1,True
2024-09-25_HV_2,2024-09-25,HV,2024-25,12,60.0,44.5,1,2,1,True
2024-09-25_HV_3,2024-09-25,HV,2024-25,12,60.0,0.0,0,1,0,True
2024-09-25_HV_4,2024-09-25,HV,2024-25,10,60.0,36.0,1,2,1,True
2024-09-25_HV_5,2024-09-25,HV,2024-25,12,60.0,152.5,3,3,1,True
2024-09-25_HV_6,2024-09-25,HV,2024-25,11,60.0,0.0,0,1,0,True
2024-09-25_HV_7,2024-09-25,HV,2024-25,12,60.0,74.5,1,2,1,True
2024-09-25_HV_8,2024-09-25,HV,2024-25,11,60.0,47.0,1,2,1,True
2024-09-28_ST_1,2024-09-28,ST,2024-25,9,60.0,0.0,0,1,0,True
2024-09-28_ST_10,2024-09-28,ST,2024-25,12,60.0,0.0,0,1,0,True
2024-09-28_ST_2,2024-09-28,ST,2024-25,8,60.0,23.0,1,2,1,True
2024-09-28_ST_3,2024-09-28,ST,2024-25,10,60.0,27.5,1,2,1,True
2024-09-28_ST_4,2024-09-28,ST,2024-25,12,60.0,0.0,0,1,0,True
2024-09-28_ST_5,2024-09-28,ST,2024-25,12,60.0,138.0,3,3,1,True
2024-09-28_ST_6,2024-09-28,ST,2024-25,12,60.0,0.0,0,0,0,True
2024-09-28_ST_7,2024-09-28,ST,2024-25,9,60.0,17.0,1,2,1,True
2024-09-28_ST_8,2024-09-28,ST,2024-25,10,60.0,0.0,0,1,0,True
2024-09-28_ST_9,2024-09-28,ST,2024-25,13,60.0,33.0,1,2,1,True
2024-10-01_ST_1,2024-10-01,ST,2024-25,11,60.0,165.5,3,3,1,True
2024-10-01_ST_10,2024-10-01,ST,2024-25,14,60.0,244.5,3,3,1,True
2024-10-01_ST_2,2024-10-01,ST,2024-25,10,60.0,0.0,0,1,0,True
2024-10-01_ST_3,2024-10-01,ST,2024-25,10,60.0,140.5,3,3,1,True
2024-10-01_ST_4,2024-10-01,ST,2024-25,11,60.0,0.0,0,1,0,True
2024-10-01_ST_5,2024-10-01,ST,2024-25,13,60.0,0.0,0,1,0,True
2024-10-01_ST_6,2024-10-01,ST,2024-25,14,60.0,0.0,0,1,0,True
2024-10-01_ST_7,2024-10-01,ST,2024-25,8,60.0,20.5,1,2,1,True
2024-10-01_ST_8,2024-10-01,ST,2024-25,9,60.0,14.5,1,2,1,True
2024-10-01_ST_9,2024-10-01,ST,2024-25,10,60.0,26.0,1,2,1,True
2024-10-06_ST_1,2024-10-06,ST,2024-25,11,60.0,32.5,1,2,1,True
2024-10-06_ST_10,2024-10-06,ST,2024-25,13,60.0,0.0,0,1,0,True
2024-10-06_ST_2,2024-10-06,ST,2024-25,11,60.0,164.0,3,3,1,True
2024-10-06_ST_3,2024-10-06,ST,2024-25,10,60.0,47.5,1,2,1,True
2024-10-06_ST_4,2024-10-06,ST,2024-25,11,60.0,47.5,1,2,1,True
2024-10-06_ST_5,2024-10-06,ST,2024-25,11,60.0,25.0,1,2,1,True
2024-10-06_ST_6,2024-10-06,ST,2024-25,12,60.0,48.0,1,2,1,True
2024-10-06_ST_7,2024-10-06,ST,2024-25,14,60.0,28.0,1,2,1,True
2024-10-06_ST_8,2024-10-06,ST,2024-25,13,60.0,102.5,3,3,1,True
2024-10-06_ST_9,2024-10-06,ST,2024-25,13,60.0,111.5,3,3,1,True
2024-10-09_HV_1,2024-10-09,HV,2024-25,8,60.0,50.5,1,2,1,True
2024-10-09_HV_2,2024-10-09,HV,2024-25,10,60.0,61.5,1,2,1,True
2024-10-09_HV_3,2024-10-09,HV,2024-25,12,60.0,32.5,1,2,1,True
2024-10-09_HV_4,2024-10-09,HV,2024-25,12,60.0,29.5,1,2,1,True
2024-10-09_HV_5,2024-10-09,HV,2024-25,12,60.0,0.0,0,1,0,True
2024-10-09_HV_6,2024-10-09,HV,2024-25,12,60.0,42.0,1,2,1,True
2024-10-09_HV_7,2024-10-09,HV,2024-25,12,60.0,39.0,1,2,1,True
2024-10-09_HV_8,2024-10-09,HV,2024-25,12,60.0,36.5,1,2,1,True
2024-10-13_ST_1,2024-10-13,ST,2024-25,13,60.0,0.0,0,1,0,True
2024-10-13_ST_10,2024-10-13,ST,2024-25,14,60.0,119.5,3,3,1,True
2024-10-13_ST_2,2024-10-13,ST,2024-25,8,60.0,30.5,1,2,1,True
2024-10-13_ST_3,2024-10-13,ST,2024-25,9,60.0,48.5,1,2,1,True
2024-10-13_ST_4,2024-10-13,ST,2024-25,14,60.0,96.5,1,2,1,True
2024-10-13_ST_5,2024-10-13,ST,2024-25,14,60.0,144.5,3,3,1,True
2024-10-13_ST_6,2024-10-13,ST,2024-25,14,60.0,55.0,1,2,1,True
2024-10-13_ST_7,2024-10-13,ST,2024-25,9,60.0,136.0,3,3,1,True
2024-10-13_ST_8,2024-10-13,ST,2024-25,14,60.0,33.5,1,2,1,True
2024-10-13_ST_9,2024-10-13,ST,2024-25,13,60.0,33.5,1,2,1,True
2024-10-16_HV_1,2024-10-16,HV,2024-25,12,60.0,0.0,0,1,0,True
2024-10-16_HV_2,2024-10-16,HV,2024-25,11,60.0,0.0,0,1,0,True
2024-10-16_HV_3,2024-10-16,HV,2024-25,12,60.0,153.5,3,3,1,True
2024-10-16_HV_4,2024-10-16,HV,2024-25,12,60.0,61.0,1,2,1,True
2024-10-16_HV_5,2024-10-16,HV,2024-25,12,60.0,54.5,1,2,1,True
2024-10-16_HV_6,2024-10-16,HV,2024-25,12,60.0,39.5,1,2,1,True
2024-10-16_HV_7,2024-10-16,HV,2024-25,12,60.0,0.0,0,1,0,True
2024-10-16_HV_8,2024-10-16,HV,2024-25,12,60.0,0.0,0,1,0,True
2024-10-20_ST_1,2024-10-20,ST,2024-25,13,60.0,182.5,3,3,1,True
2024-10-20_ST_10,2024-10-20,ST,2024-25,13,60.0,132.5,3,3,1,True
2024-10-20_ST_2,2024-10-20,ST,2024-25,14,60.0,0.0,0,0,0,True
2024-10-20_ST_3,2024-10-20,ST,2024-25,13,60.0,24.5,1,2,1,True
2024-10-20_ST_4,2024-10-20,ST,2024-25,14,60.0,0.0,0,1,0,True
2024-10-20_ST_5,2024-10-20,ST,2024-25,12,60.0,24.0,1,2,1,True
2024-10-20_ST_6,2024-10-20,ST,2024-25,14,60.0,188.0,3,3,1,True
2024-10-20_ST_7,2024-10-20,ST,2024-25,13,60.0,211.5,3,3,1,True
2024-10-20_ST_8,2024-10-20,ST,2024-25,13,60.0,104.5,3,3,1,True
2024-10-20_ST_9,2024-10-20,ST,2024-25,14,60.0,0.0,0,0,0,True
2024-10-23_ST_1,2024-10-23,ST,2024-25,11,60.0,78.5,1,2,1,True
2024-10-23_ST_2,2024-10-23,ST,2024-25,12,60.0,0.0,0,0,0,True
2024-10-23_ST_3,2024-10-23,ST,2024-25,11,60.0,39.0,1,2,1,True
2024-10-23_ST_4,2024-10-23,ST,2024-25,11,60.0,124.0,3,3,1,True
2024-10-23_ST_5,2024-10-23,ST,2024-25,11,60.0,0.0,0,1,0,True
2024-10-23_ST_6,2024-10-23,ST,2024-25,12,60.0,0.0,0,1,0,True
2024-10-23_ST_7,2024-10-23,ST,2024-25,12,60.0,0.0,0,1,0,True
2024-10-23_ST_8,2024-10-23,ST,2024-25,12,60.0,0.0,0,1,0,True
2024-10-27_HV_1,2024-10-27,HV,2024-25,12,60.0,0.0,0,1,0,True
2024-10-27_HV_10,2024-10-27,HV,2024-25,12,60.0,239.0,3,3,1,True
2024-10-27_HV_2,2024-10-27,HV,2024-25,9,60.0,140.0,3,3,1,True
2024-10-27_HV_3,2024-10-27,HV,2024-25,12,60.0,0.0,0,1,0,True
2024-10-27_HV_4,2024-10-27,HV,2024-25,12,60.0,43.5,1,2,1,True
2024-10-27_HV_5,2024-10-27,HV,2024-25,11,60.0,224.0,3,3,1,True
2024-10-27_HV_6,2024-10-27,HV,2024-25,11,60.0,51.5,1,2,1,True
2024-10-27_HV_7,2024-10-27,HV,2024-25,12,60.0,0.0,0,0,0,True
2024-10-27_HV_8,2024-10-27,HV,2024-25,12,60.0,37.5,1,2,1,True
2024-10-27_HV_9,2024-10-27,HV,2024-25,12,60.0,0.0,0,1,0,True
2024-10-30_HV_1,2024-10-30,HV,2024-25,11,60.0,33.5,1,2,1,True
2024-10-30_HV_2,2024-10-30,HV,2024-25,12,60.0,0.0,0,1,0,True
2024-10-30_HV_3,2024-10-30,HV,2024-25,12,60.0,40.5,1,2,1,True
2024-10-30_HV_4,2024-10-30,HV,2024-25,12,60.0,73.0,1,2,1,True
2024-10-30_HV_5,2024-10-30,HV,2024-25,12,60.0,0.0,0,1,0,True
2024-10-30_HV_6,2024-10-30,HV,2024-25,12,60.0,42.0,1,2,1,True
2024-10-30_HV_7,2024-10-30,HV,2024-25,11,60.0,27.5,1,2,1,True
2024-10-30_HV_8,2024-10-30,HV,2024-25,12,60.0,107.0,3,3,1,True
2024-11-03_ST_1,2024-11-03,ST,2024-25,12,60.0,0.0,0,1,0,True
2024-11-03_ST_10,2024-11-03,ST,2024-25,14,60.0,68.5,1,2,1,True
2024-11-03_ST_2,2024-11-03,ST,2024-25,12,60.0,94.5,3,3,1,True
2024-11-03_ST_3,2024-11-03,ST,2024-25,14,60.0,70.0,1,2,1,True
2024-11-03_ST_4,2024-11-03,ST,2024-25,12,60.0,45.0,1,2,1,True
2024-11-03_ST_5,2024-11-03,ST,2024-25,14,60.0,149.0,3,3,1,True
2024-11-03_ST_6,2024-11-03,ST,2024-25,14,60.0,0.0,0,1,0,True
2024-11-03_ST_7,2024-11-03,ST,2024-25,14,60.0,91.0,1,2,1,True
2024-11-03_ST_8,2024-11-03,ST,2024-25,12,60.0,48.5,1,2,1,True
2024-11-03_ST_9,2024-11-03,ST,2024-25,14,60.0,125.0,3,3,1,True
2024-11-06_HV_1,2024-11-06,HV,2024-25,12,60.0,0.0,0,1,0,True
2024-11-06_HV_2,2024-11-06,HV,2024-25,12,60.0,132.5,1,2,1,True
2024-11-06_HV_3,2024-11-06,HV,2024-25,12,60.0,0.0,0,1,0,True
2024-11-06_HV_4,2024-11-06,HV,2024-25,12,60.0,0.0,0,1,0,True
2024-11-06_HV_5,2024-11-06,HV,2024-25,12,60.0,197.5,3,3,1,True
2024-11-06_HV_6,2024-11-06,HV,2024-25,12,60.0,67.0,1,2,1,True
2024-11-06_HV_7,2024-11-06,HV,2024-25,11,60.0,0.0,0,1,0,True
2024-11-06_HV_8,2024-11-06,HV,2024-25,12,60.0,88.0,1,2,1,True
2024-11-06_HV_9,2024-11-06,HV,2024-25,12,60.0,38.5,1,2,1,True
2024-11-09_ST_1,2024-11-09,ST,2024-25,13,60.0,99.5,1,2,1,True
2024-11-09_ST_10,2024-11-09,ST,2024-25,14,60.0,167.0,3,3,1,True
2024-11-09_ST_2,2024-11-09,ST,2024-25,14,60.0,219.0,3,3,1,True
2024-11-09_ST_3,2024-11-09,ST,2024-25,14,60.0,38.0,1,2,1,True
2024-11-09_ST_4,2024-11-09,ST,2024-25,14,60.0,117.5,3,3,1,True
2024-11-09_ST_5,2024-11-09,ST,2024-25,14,60.0,241.5,3,3,1,True
2024-11-09_ST_6,2024-11-09,ST,2024-25,9,60.0,13.0,1,2,1,True
2024-11-09_ST_7,2024-11-09,ST,2024-25,14,60.0,63.0,1,2,1,True
2024-11-09_ST_8,2024-11-09,ST,2024-25,14,60.0,61.5,1,2,1,True
2024-11-09_ST_9,2024-11-09,ST,2024-25,14,60.0,153.0,3,3,1,True
2024-11-13_HV_1,2024-11-13,HV,2024-25,9,60.0,56.0,1,2,1,True
2024-11-13_HV_2,2024-11-13,HV,2024-25,12,60.0,41.0,1,2,1,True
2024-11-13_HV_3,2024-11-13,HV,2024-25,12,60.0,49.0,1,2,1,True
2024-11-13_HV_4,2024-11-13,HV,2024-25,12,60.0,128.5,3,3,1,True
2024-11-13_HV_5,2024-11-13,HV,2024-25,12,60.0,0.0,0,1,0,True
2024-11-13_HV_6,2024-11-13,HV,2024-25,12,60.0,0.0,0,1,0,True
2024-11-17_ST_1,2024-11-17,ST,2024-25,14,60.0,44.0,1,2,1,True
2024-11-17_ST_10,2024-11-17,ST,2024-25,14,60.0,0.0,0,1,0,True
2024-11-17_ST_11,2024-11-17,ST,2024-25,14,60.0,0.0,0,1,0,True
2024-11-17_ST_2,2024-11-17,ST,2024-25,14,60.0,27.5,1,2,1,True
2024-11-17_ST_3,2024-11-17,ST,2024-25,14,60.0,65.0,1,2,1,True
2024-11-17_ST_4,2024-11-17,ST,2024-25,14,60.0,32.5,1,2,1,True
2024-11-17_ST_5,2024-11-17,ST,2024-25,14,60.0,0.0,0,1,0,True
2024-11-17_ST_6,2024-11-17,ST,2024-25,13,60.0,37.0,1,2,1,True
2024-11-17_ST_7,2024-11-17,ST,2024-25,12,60.0,19.5,1,2,1,True
2024-11-17_ST_8,2024-11-17,ST,2024-25,9,60.0,103.0,3,3,1,True
2024-11-17_ST_9,2024-11-17,ST,2024-25,11,60.0,45.5,1,2,1,True
2024-11-20_HV_1,2024-11-20,HV,2024-25,12,60.0,0.0,0,0,0,True
2024-11-20_HV_2,2024-11-20,HV,2024-25,12,60.0,40.0,1,2,1,True
2024-11-20_HV_3,2024-11-20,HV,2024-25,12,60.0,0.0,0,1,0,True
2024-11-20_HV_4,2024-11-20,HV,2024-25,12,60.0,0.0,0,1,0,True
2024-11-20_HV_5,2024-11-20,HV,2024-25,12,60.0,99.5,3,3,1,True
2024-11-20_HV_6,2024-11-20,HV,2024-25,12,60.0,46.0,1,2,1,True
2024-11-20_HV_7,2024-11-20,HV,2024-25,12,60.0,0.0,0,1,0,True
2024-11-20_HV_8,2024-11-20,HV,2024-25,12,60.0,0.0,0,1,0,True
2024-11-20_HV_9,2024-11-20,HV,2024-25,12,60.0,79.5,1,2,1,True
2024-11-24_ST_1,2024-11-24,ST,2024-25,14,60.0,61.0,1,2,1,True
2024-11-24_ST_10,2024-11-24,ST,2024-25,14,60.0,0.0,0,1,0,True
2024-11-24_ST_2,2024-11-24,ST,2024-25,14,60.0,0.0,0,1,0,True
2024-11-24_ST_3,2024-11-24,ST,2024-25,12,60.0,0.0,0,1,0,True
2024-11-24_ST_4,2024-11-24,ST,2024-25,12,60.0,51.5,1,2,1,True
2024-11-24_ST_5,2024-11-24,ST,2024-25,12,60.0,147.0,3,3,1,True
2024-11-24_ST_6,2024-11-24,ST,2024-25,14,60.0,104.5,1,2,1,True
2024-11-24_ST_7,2024-11-24,ST,2024-25,14,60.0,43.0,1,2,1,True
2024-11-24_ST_8,2024-11-24,ST,2024-25,13,60.0,0.0,0,1,0,True
2024-11-24_ST_9,2024-11-24,ST,2024-25,12,60.0,132.0,3,3,1,True
2024-11-27_HV_1,2024-11-27,HV,2024-25,11,60.0,0.0,0,1,0,True
2024-11-27_HV_2,2024-11-27,HV,2024-25,12,60.0,0.0,0,1,0,True
2024-11-27_HV_3,2024-11-27,HV,2024-25,12,60.0,74.0,1,2,1,True
2024-11-27_HV_4,2024-11-27,HV,2024-25,12,60.0,150.0,3,3,1,True
2024-11-27_HV_5,2024-11-27,HV,2024-25,12,60.0,35.0,1,2,1,True
2024-11-27_HV_6,2024-11-27,HV,2024-25,12,60.0,62.0,1,2,1,True
2024-11-27_HV_7,2024-11-27,HV,2024-25,12,60.0,0.0,0,1,0,True
2024-11-27_HV_8,2024-11-27,HV,2024-25,11,60.0,48.0,1,2,1,True
2024-11-27_HV_9,2024-11-27,HV,2024-25,12,60.0,0.0,0,1,0,True
2024-12-01_ST_1,2024-12-01,ST,2024-25,10,60.0,48.0,1,2,1,True
2024-12-01_ST_10,2024-12-01,ST,2024-25,14,60.0,29.5,1,2,1,True
2024-12-01_ST_2,2024-12-01,ST,2024-25,12,60.0,0.0,0,1,0,True
2024-12-01_ST_3,2024-12-01,ST,2024-25,12,60.0,44.0,1,2,1,True
2024-12-01_ST_4,2024-12-01,ST,2024-25,12,60.0,0.0,0,1,0,True
2024-12-01_ST_5,2024-12-01,ST,2024-25,14,60.0,170.5,3,3,1,True
2024-12-01_ST_6,2024-12-01,ST,2024-25,14,60.0,46.0,1,2,1,True
2024-12-01_ST_7,2024-12-01,ST,2024-25,12,60.0,40.0,1,2,1,True
2024-12-01_ST_8,2024-12-01,ST,2024-25,13,60.0,173.0,3,3,1,True
2024-12-01_ST_9,2024-12-01,ST,2024-25,14,60.0,186.0,3,3,1,True
2024-12-04_HV_1,2024-12-04,HV,2024-25,11,60.0,41.5,1,2,1,True
2024-12-04_HV_2,2024-12-04,HV,2024-25,12,60.0,46.5,1,2,1,True
2024-12-04_HV_3,2024-12-04,HV,2024-25,12,60.0,47.5,1,2,1,True
2024-12-04_HV_4,2024-12-04,HV,2024-25,12,60.0,56.0,1,2,1,True
2024-12-04_HV_5,2024-12-04,HV,2024-25,12,60.0,0.0,0,0,0,True
2024-12-04_HV_6,2024-12-04,HV,2024-25,12,60.0,31.5,1,2,1,True
2024-12-04_HV_7,2024-12-04,HV,2024-25,12,60.0,86.5,1,2,1,True
2024-12-04_HV_8,2024-12-04,HV,2024-25,12,60.0,0.0,0,1,0,True
2024-12-04_HV_9,2024-12-04,HV,2024-25,12,60.0,50.5,1,2,1,True
2024-12-08_ST_1,2024-12-08,ST,2024-25,14,60.0,0.0,0,1,0,True
2024-12-08_ST_10,2024-12-08,ST,2024-25,14,60.0,33.5,1,2,1,True
2024-12-08_ST_2,2024-12-08,ST,2024-25,14,60.0,0.0,0,1,0,True
2024-12-08_ST_3,2024-12-08,ST,2024-25,14,60.0,0.0,0,1,0,True
2024-12-08_ST_4,2024-12-08,ST,2024-25,13,60.0,0.0,0,1,0,True
2024-12-08_ST_5,2024-12-08,ST,2024-25,14,60.0,117.0,3,3,1,True
2024-12-08_ST_6,2024-12-08,ST,2024-25,14,60.0,66.5,1,2,1,True
2024-12-08_ST_7,2024-12-08,ST,2024-25,14,60.0,26.5,1,2,1,True
2024-12-08_ST_8,2024-12-08,ST,2024-25,11,60.0,85.0,3,3,1,True
2024-12-08_ST_9,2024-12-08,ST,2024-25,14,60.0,30.5,1,2,1,True
2024-12-11_HV_1,2024-12-11,HV,2024-25,8,60.0,31.0,1,2,1,True
2024-12-11_HV_2,2024-12-11,HV,2024-25,10,60.0,0.0,0,1,0,True
2024-12-11_HV_3,2024-12-11,HV,2024-25,12,60.0,44.5,1,2,1,True
2024-12-11_HV_4,2024-12-11,HV,2024-25,12,60.0,24.0,1,2,1,True
2024-12-11_HV_5,2024-12-11,HV,2024-25,12,60.0,0.0,0,1,0,True
2024-12-11_HV_6,2024-12-11,HV,2024-25,12,60.0,0.0,0,0,0,True
2024-12-11_HV_7,2024-12-11,HV,2024-25,12,60.0,131.5,3,3,1,True
2024-12-11_HV_8,2024-12-11,HV,2024-25,12,60.0,42.0,1,2,1,True
2024-12-11_HV_9,2024-12-11,HV,2024-25,12,60.0,0.0,0,1,0,True
2024-12-15_ST_1,2024-12-15,ST,2024-25,14,60.0,46.0,1,2,1,True
2024-12-15_ST_10,2024-12-15,ST,2024-25,14,60.0,69.0,1,2,1,True
2024-12-15_ST_2,2024-12-15,ST,2024-25,14,60.0,0.0,0,0,0,True
2024-12-15_ST_3,2024-12-15,ST,2024-25,12,60.0,0.0,0,1,0,True
2024-12-15_ST_4,2024-12-15,ST,2024-25,14,60.0,44.5,1,2,1,True
2024-12-15_ST_5,2024-12-15,ST,2024-25,14,60.0,131.5,3,3,1,True
2024-12-15_ST_6,2024-12-15,ST,2024-25,14,60.0,34.5,1,2,1,True
2024-12-15_ST_7,2024-12-15,ST,2024-25,10,60.0,66.5,1,2,1,True
2024-12-15_ST_8,2024-12-15,ST,2024-25,14,60.0,0.0,0,1,0,True
2024-12-15_ST_9,2024-12-15,ST,2024-25,11,60.0,89.5,3,3,1,True
2024-12-18_ST_1,2024-12-18,ST,2024-25,12,60.0,23.5,1,2,1,True
2024-12-18_ST_2,2024-12-18,ST,2024-25,11,60.0,64.0,1,2,1,True
2024-12-18_ST_3,2024-12-18,ST,2024-25,12,60.0,39.5,1,2,1,True
2024-12-18_ST_4,2024-12-18,ST,2024-25,12,60.0,40.0,1,2,1,True
2024-12-18_ST_5,2024-12-18,ST,2024-25,13,60.0,80.5,1,2,1,True
2024-12-18_ST_6,2024-12-18,ST,2024-25,13,60.0,0.0,0,1,0,True
2024-12-18_ST_7,2024-12-18,ST,2024-25,11,60.0,160.5,3,3,1,True
2024-12-18_ST_8,2024-12-18,ST,2024-25,14,60.0,25.5,1,2,1,True
2024-12-22_ST_1,2024-12-22,ST,2024-25,14,60.0,0.0,0,0,0,True
2024-12-22_ST_10,2024-12-22,ST,2024-25,13,60.0,44.0,1,2,1,True
2024-12-22_ST_2,2024-12-22,ST,2024-25,14,60.0,34.0,1,2,1,True
2024-12-22_ST_3,2024-12-22,ST,2024-25,14,60.0,31.5,1,2,1,True
2024-12-22_ST_4,2024-12-22,ST,2024-25,14,60.0,0.0,0,1,0,True
2024-12-22_ST_5,2024-12-22,ST,2024-25,14,60.0,39.5,1,2,1,True
2024-12-22_ST_6,2024-12-22,ST,2024-25,13,60.0,73.5,1,2,1,True
2024-12-22_ST_7,2024-12-22,ST,2024-25,14,60.0,0.0,0,0,0,True
2024-12-22_ST_8,2024-12-22,ST,2024-25,14,60.0,21.0,1,2,1,True
2024-12-22_ST_9,2024-12-22,ST,2024-25,14,60.0,132.5,3,3,1,True
2024-12-26_HV_1,2024-12-26,HV,2024-25,11,60.0,56.0,1,2,1,True
2024-12-26_HV_10,2024-12-26,HV,2024-25,12,60.0,0.0,0,1,0,True
2024-12-26_HV_2,2024-12-26,HV,2024-25,12,60.0,0.0,0,1,0,True
2024-12-26_HV_3,2024-12-26,HV,2024-25,9,60.0,41.5,1,2,1,True
2024-12-26_HV_4,2024-12-26,HV,2024-25,12,60.0,40.5,1,2,1,True
2024-12-26_HV_5,2024-12-26,HV,2024-25,12,60.0,50.0,1,2,1,True
2024-12-26_HV_6,2024-12-26,HV,2024-25,12,60.0,0.0,0,1,0,True
2024-12-26_HV_7,2024-12-26,HV,2024-25,12,60.0,40.0,1,2,1,True
2024-12-26_HV_8,2024-12-26,HV,2024-25,12,60.0,58.5,1,2,1,True
2024-12-26_HV_9,2024-12-26,HV,2024-25,12,60.0,26.5,1,2,1,True
2024-12-29_ST_1,2024-12-29,ST,2024-25,14,60.0,0.0,0,1,0,True
2024-12-29_ST_10,2024-12-29,ST,2024-25,14,60.0,78.0,1,2,1,True
2024-12-29_ST_2,2024-12-29,ST,2024-25,14,60.0,34.0,1,2,1,True
2024-12-29_ST_3,2024-12-29,ST,2024-25,10,60.0,0.0,0,1,0,True
2024-12-29_ST_4,2024-12-29,ST,2024-25,14,60.0,0.0,0,1,0,True
2024-12-29_ST_5,2024-12-29,ST,2024-25,14,60.0,0.0,0,1,0,True
2024-12-29_ST_6,2024-12-29,ST,2024-25,12,60.0,37.5,1,2,1,True
2024-12-29_ST_7,2024-12-29,ST,2024-25,14,60.0,47.0,1,2,1,True
2024-12-29_ST_8,2024-12-29,ST,2024-25,14,60.0,0.0,0,1,0,True
2024-12-29_ST_9,2024-12-29,ST,2024-25,12,60.0,94.5,3,3,1,True
2025-01-01_ST_1,2025-01-01,ST,2024-25,11,60.0,0.0,0,1,0,True
2025-01-01_ST_10,2025-01-01,ST,2024-25,12,60.0,265.5,3,3,1,True
2025-01-01_ST_11,2025-01-01,ST,2024-25,14,60.0,44.5,1,2,1,True
2025-01-01_ST_2,2025-01-01,ST,2024-25,13,60.0,0.0,0,0,0,True
2025-01-01_ST_3,2025-01-01,ST,2024-25,12,60.0,34.0,1,2,1,True
2025-01-01_ST_5,2025-01-01,ST,2024-25,14,60.0,58.0,1,2,1,True
2025-01-01_ST_6,2025-01-01,ST,2024-25,14,60.0,0.0,0,1,0,True
2025-01-01_ST_7,2025-01-01,ST,2024-25,14,60.0,147.0,3,3,1,True
2025-01-01_ST_8,2025-01-01,ST,2024-25,11,60.0,158.0,3,3,1,True
2025-01-01_ST_9,2025-01-01,ST,2024-25,12,60.0,25.0,1,2,1,True
2025-01-05_ST_1,2025-01-05,ST,2024-25,12,60.0,28.0,1,2,1,True
2025-01-05_ST_10,2025-01-05,ST,2024-25,14,60.0,32.5,1,2,1,True
2025-01-05_ST_2,2025-01-05,ST,2024-25,14,60.0,104.5,3,3,1,True
2025-01-05_ST_3,2025-01-05,ST,2024-25,8,60.0,45.5,1,2,1,True
2025-01-05_ST_4,2025-01-05,ST,2024-25,12,60.0,0.0,0,1,0,True
2025-01-05_ST_5,2025-01-05,ST,2024-25,14,60.0,68.5,1,2,1,True
2025-01-05_ST_6,2025-01-05,ST,2024-25,14,60.0,0.0,0,1,0,True
2025-01-05_ST_7,2025-01-05,ST,2024-25,9,60.0,44.5,1,2,1,True
2025-01-05_ST_8,2025-01-05,ST,2024-25,12,60.0,24.5,1,2,1,True
2025-01-05_ST_9,2025-01-05,ST,2024-25,14,60.0,0.0,0,1,0,True
2025-01-08_HV_1,2025-01-08,HV,2024-25,11,60.0,0.0,0,1,0,True
2025-01-08_HV_2,2025-01-08,HV,2024-25,12,60.0,24.5,1,2,1,True
2025-01-08_HV_3,2025-01-08,HV,2024-25,12,60.0,68.5,1,2,1,True
2025-01-08_HV_4,2025-01-08,HV,2024-25,12,60.0,52.0,1,2,1,True
2025-01-08_HV_5,2025-01-08,HV,2024-25,12,60.0,86.0,1,2,1,True
2025-01-08_HV_6,2025-01-08,HV,2024-25,12,60.0,84.5,1,2,1,True
2025-01-08_HV_7,2025-01-08,HV,2024-25,12,60.0,93.5,1,2,1,True
2025-01-08_HV_8,2025-01-08,HV,2024-25,12,60.0,40.0,1,2,1,True
2025-01-08_HV_9,2025-01-08,HV,2024-25,12,60.0,0.0,0,1,0,True
2025-01-12_ST_1,2025-01-12,ST,2024-25,12,60.0,57.0,1,2,1,True
2025-01-12_ST_10,2025-01-12,ST,2024-25,14,60.0,55.0,1,2,1,True
2025-01-12_ST_2,2025-01-12,ST,2024-25,12,60.0,0.0,0,1,0,True
2025-01-12_ST_3,2025-01-12,ST,2024-25,12,60.0,33.0,1,2,1,True
2025-01-12_ST_4,2025-01-12,ST,2024-25,12,60.0,23.5,1,2,1,True
2025-01-12_ST_5,2025-01-12,ST,2024-25,14,60.0,114.5,3,3,1,True
2025-01-12_ST_6,2025-01-12,ST,2024-25,12,60.0,38.0,1,2,1,True
2025-01-12_ST_7,2025-01-12,ST,2024-25,12,60.0,29.0,1,2,1,True
2025-01-12_ST_8,2025-01-12,ST,2024-25,12,60.0,140.5,3,3,1,True
2025-01-12_ST_9,2025-01-12,ST,2024-25,14,60.0,39.5,1,2,1,True
2025-01-15_HV_1,2025-01-15,HV,2024-25,12,60.0,64.0,1,2,1,True
2025-01-15_HV_2,2025-01-15,HV,2024-25,12,60.0,26.0,1,2,1,True
2025-01-15_HV_3,2025-01-15,HV,2024-25,11,60.0,30.0,1,2,1,True
2025-01-15_HV_4,2025-01-15,HV,2024-25,9,60.0,116.0,3,3,1,True
2025-01-15_HV_5,2025-01-15,HV,2024-25,12,60.0,238.5,3,3,1,True
2025-01-15_HV_6,2025-01-15,HV,2024-25,12,60.0,0.0,0,1,0,True
2025-01-15_HV_7,2025-01-15,HV,2024-25,12,60.0,0.0,0,1,0,True
2025-01-15_HV_8,2025-01-15,HV,2024-25,12,60.0,0.0,0,1,0,True
2025-01-15_HV_9,2025-01-15,HV,2024-25,12,60.0,0.0,0,1,0,True
2025-01-19_ST_1,2025-01-19,ST,2024-25,13,60.0,0.0,0,1,0,True
2025-01-19_ST_10,2025-01-19,ST,2024-25,14,60.0,62.0,1,2,1,True
2025-01-19_ST_11,2025-01-19,ST,2024-25,13,60.0,261.0,3,3,1,True
2025-01-19_ST_2,2025-01-19,ST,2024-25,14,60.0,29.5,1,2,1,True
2025-01-19_ST_3,2025-01-19,ST,2024-25,14,60.0,0.0,0,1,0,True
2025-01-19_ST_4,2025-01-19,ST,2024-25,14,60.0,160.0,3,3,1,True
2025-01-19_ST_5,2025-01-19,ST,2024-25,14,60.0,0.0,0,1,0,True
2025-01-19_ST_6,2025-01-19,ST,2024-25,8,60.0,65.0,3,3,1,True
2025-01-19_ST_7,2025-01-19,ST,2024-25,14,60.0,0.0,0,1,0,True
2025-01-19_ST_8,2025-01-19,ST,2024-25,8,60.0,15.0,1,2,1,True
2025-01-19_ST_9,2025-01-19,ST,2024-25,14,60.0,32.5,1,2,1,True
2025-01-22_HV_1,2025-01-22,HV,2024-25,12,60.0,58.0,1,2,1,True
2025-01-22_HV_2,2025-01-22,HV,2024-25,12,60.0,61.5,1,2,1,True
2025-01-22_HV_3,2025-01-22,HV,2024-25,12,60.0,21.0,1,2,1,True
2025-01-22_HV_4,2025-01-22,HV,2024-25,12,60.0,77.5,1,2,1,True
2025-01-22_HV_5,2025-01-22,HV,2024-25,12,60.0,26.0,1,2,1,True
2025-01-22_HV_6,2025-01-22,HV,2024-25,12,60.0,42.5,1,2,1,True
2025-01-22_HV_7,2025-01-22,HV,2024-25,12,60.0,43.0,1,2,1,True
2025-01-22_HV_8,2025-01-22,HV,2024-25,12,60.0,91.0,1,2,1,True
2025-01-22_HV_9,2025-01-22,HV,2024-25,12,60.0,69.0,1,2,1,True
2025-01-26_ST_1,2025-01-26,ST,2024-25,14,60.0,52.0,1,2,1,True
2025-01-26_ST_10,2025-01-26,ST,2024-25,14,60.0,43.0,1,2,1,True
2025-01-26_ST_11,2025-01-26,ST,2024-25,14,60.0,77.0,1,2,1,True
2025-01-26_ST_2,2025-01-26,ST,2024-25,14,60.0,0.0,0,1,0,True
2025-01-26_ST_3,2025-01-26,ST,2024-25,8,60.0,18.0,1,2,1,True
2025-01-26_ST_4,2025-01-26,ST,2024-25,14,60.0,115.5,3,3,1,True
2025-01-26_ST_5,2025-01-26,ST,2024-25,14,60.0,0.0,0,1,0,True
2025-01-26_ST_6,2025-01-26,ST,2024-25,14,60.0,35.0,1,2,1,True
2025-01-26_ST_7,2025-01-26,ST,2024-25,14,60.0,78.5,1,2,1,True
2025-01-26_ST_8,2025-01-26,ST,2024-25,9,60.0,19.0,1,2,1,True
2025-01-26_ST_9,2025-01-26,ST,2024-25,12,60.0,0.0,0,1,0,True
2025-01-31_ST_1,2025-01-31,ST,2024-25,14,60.0,0.0,0,1,0,True
2025-01-31_ST_10,2025-01-31,ST,2024-25,14,60.0,44.0,1,2,1,True
2025-01-31_ST_11,2025-01-31,ST,2024-25,14,60.0,33.5,1,2,1,True
2025-01-31_ST_2,2025-01-31,ST,2024-25,14,60.0,41.5,1,2,1,True
2025-01-31_ST_3,2025-01-31,ST,2024-25,14,60.0,72.0,1,2,1,True
2025-01-31_ST_4,2025-01-31,ST,2024-25,11,60.0,43.5,1,2,1,True
2025-01-31_ST_5,2025-01-31,ST,2024-25,14,60.0,176.5,3,3,1,True
2025-01-31_ST_6,2025-01-31,ST,2024-25,11,60.0,0.0,0,1,0,True
2025-01-31_ST_7,2025-01-31,ST,2024-25,14,60.0,36.5,1,2,1,True
2025-01-31_ST_8,2025-01-31,ST,2024-25,14,60.0,51.0,1,2,1,True
2025-01-31_ST_9,2025-01-31,ST,2024-25,14,60.0,56.0,1,2,1,True
2025-02-05_HV_1,2025-02-05,HV,2024-25,12,60.0,0.0,0,1,0,True
2025-02-05_HV_2,2025-02-05,HV,2024-25,12,60.0,42.0,1,2,1,True
2025-02-05_HV_3,2025-02-05,HV,2024-25,12,60.0,99.0,1,2,1,True
2025-02-05_HV_4,2025-02-05,HV,2024-25,8,60.0,0.0,0,1,0,True
2025-02-05_HV_5,2025-02-05,HV,2024-25,12,60.0,25.0,1,2,1,True
2025-02-05_HV_6,2025-02-05,HV,2024-25,12,60.0,0.0,0,1,0,True
2025-02-05_HV_7,2025-02-05,HV,2024-25,12,60.0,161.5,3,3,1,True
2025-02-05_HV_8,2025-02-05,HV,2024-25,12,60.0,40.0,1,2,1,True
2025-02-05_HV_9,2025-02-05,HV,2024-25,12,60.0,0.0,0,0,0,True
2025-02-09_ST_1,2025-02-09,ST,2024-25,14,60.0,41.5,1,2,1,True
2025-02-09_ST_10,2025-02-09,ST,2024-25,12,60.0,41.0,1,2,1,True
2025-02-09_ST_11,2025-02-09,ST,2024-25,14,60.0,42.5,1,2,1,True
2025-02-09_ST_2,2025-02-09,ST,2024-25,14,60.0,49.0,1,2,1,True
2025-02-09_ST_3,2025-02-09,ST,2024-25,13,60.0,45.0,1,2,1,True
2025-02-09_ST_4,2025-02-09,ST,2024-25,14,60.0,0.0,0,1,0,True
2025-02-09_ST_5,2025-02-09,ST,2024-25,12,60.0,0.0,0,1,0,True
2025-02-09_ST_6,2025-02-09,ST,2024-25,11,60.0,0.0,0,1,0,True
2025-02-09_ST_7,2025-02-09,ST,2024-25,14,60.0,21.0,1,2,1,True
2025-02-09_ST_8,2025-02-09,ST,2024-25,8,60.0,45.0,1,2,1,True
2025-02-09_ST_9,2025-02-09,ST,2024-25,10,60.0,675.0,3,3,1,True
2025-02-12_ST_1,2025-02-12,ST,2024-25,12,60.0,35.5,1,2,1,True
2025-02-12_ST_2,2025-02-12,ST,2024-25,12,60.0,56.0,1,2,1,True
2025-02-12_ST_3,2025-02-12,ST,2024-25,12,60.0,57.5,1,2,1,True
2025-02-12_ST_4,2025-02-12,ST,2024-25,12,60.0,62.0,1,2,1,True
2025-02-12_ST_5,2025-02-12,ST,2024-25,12,60.0,201.0,3,3,1,True
2025-02-12_ST_6,2025-02-12,ST,2024-25,14,60.0,173.5,3,3,1,True
2025-02-12_ST_7,2025-02-12,ST,2024-25,9,60.0,108.5,3,3,1,True
2025-02-12_ST_8,2025-02-12,ST,2024-25,10,60.0,38.0,1,2,1,True
2025-02-12_ST_9,2025-02-12,ST,2024-25,13,60.0,66.5,1,2,1,True
2025-02-16_ST_1,2025-02-16,ST,2024-25,14,60.0,0.0,0,1,0,True
2025-02-16_ST_10,2025-02-16,ST,2024-25,11,60.0,70.0,1,2,1,True
2025-02-16_ST_11,2025-02-16,ST,2024-25,14,60.0,80.0,1,2,1,True
2025-02-16_ST_2,2025-02-16,ST,2024-25,12,60.0,20.0,1,2,1,True
2025-02-16_ST_3,2025-02-16,ST,2024-25,12,60.0,36.5,1,2,1,True
2025-02-16_ST_4,2025-02-16,ST,2024-25,14,60.0,25.5,1,2,1,True
2025-02-16_ST_5,2025-02-16,ST,2024-25,14,60.0,41.0,1,2,1,True
2025-02-16_ST_6,2025-02-16,ST,2024-25,14,60.0,74.0,1,2,1,True
2025-02-16_ST_7,2025-02-16,ST,2024-25,14,60.0,52.5,1,2,1,True
2025-02-16_ST_8,2025-02-16,ST,2024-25,14,60.0,0.0,0,1,0,True
2025-02-16_ST_9,2025-02-16,ST,2024-25,14,60.0,0.0,0,1,0,True
2025-02-19_HV_1,2025-02-19,HV,2024-25,12,60.0,0.0,0,0,0,True
2025-02-19_HV_2,2025-02-19,HV,2024-25,11,60.0,0.0,0,1,0,True
2025-02-19_HV_3,2025-02-19,HV,2024-25,12,60.0,0.0,0,1,0,True
2025-02-19_HV_4,2025-02-19,HV,2024-25,12,60.0,0.0,0,1,0,True
2025-02-19_HV_5,2025-02-19,HV,2024-25,12,60.0,167.5,3,3,1,True
2025-02-19_HV_6,2025-02-19,HV,2024-25,12,60.0,121.0,3,3,1,True
2025-02-19_HV_7,2025-02-19,HV,2024-25,12,60.0,51.0,1,2,1,True
2025-02-19_HV_8,2025-02-19,HV,2024-25,12,60.0,0.0,0,1,0,True
2025-02-19_HV_9,2025-02-19,HV,2024-25,12,60.0,62.5,1,2,1,True
2025-02-23_ST_1,2025-02-23,ST,2024-25,14,60.0,0.0,0,0,0,True
2025-02-23_ST_10,2025-02-23,ST,2024-25,14,60.0,0.0,0,1,0,True
2025-02-23_ST_2,2025-02-23,ST,2024-25,8,60.0,40.5,1,2,1,True
2025-02-23_ST_3,2025-02-23,ST,2024-25,14,60.0,34.5,1,2,1,True
2025-02-23_ST_4,2025-02-23,ST,2024-25,14,60.0,0.0,0,1,0,True
2025-02-23_ST_5,2025-02-23,ST,2024-25,9,60.0,12.0,1,2,1,True
2025-02-23_ST_6,2025-02-23,ST,2024-25,14,60.0,56.0,1,2,1,True
2025-02-23_ST_7,2025-02-23,ST,2024-25,10,60.0,165.0,3,3,1,True
2025-02-23_ST_8,2025-02-23,ST,2024-25,14,60.0,39.0,1,2,1,True
2025-02-23_ST_9,2025-02-23,ST,2024-25,14,60.0,0.0,0,1,0,True
2025-02-26_HV_2,2025-02-26,HV,2024-25,12,60.0,144.0,3,3,1,True
2025-02-26_HV_3,2025-02-26,HV,2024-25,9,60.0,0.0,0,1,0,True
2025-02-26_HV_4,2025-02-26,HV,2024-25,12,60.0,0.0,0,1,0,True
2025-02-26_HV_5,2025-02-26,HV,2024-25,9,60.0,45.0,1,2,1,True
2025-02-26_HV_6,2025-02-26,HV,2024-25,12,60.0,97.5,1,2,1,True
2025-02-26_HV_7,2025-02-26,HV,2024-25,12,60.0,65.5,1,2,1,True
2025-02-26_HV_8,2025-02-26,HV,2024-25,11,60.0,49.5,1,2,1,True
2025-02-26_HV_9,2025-02-26,HV,2024-25,12,60.0,53.5,1,2,1,True
2025-03-02_ST_1,2025-03-02,ST,2024-25,14,60.0,61.5,1,2,1,True
2025-03-02_ST_10,2025-03-02,ST,2024-25,10,60.0,97.0,3,3,1,True
2025-03-02_ST_2,2025-03-02,ST,2024-25,14,60.0,0.0,0,1,0,True
2025-03-02_ST_3,2025-03-02,ST,2024-25,11,60.0,0.0,0,1,0,True
2025-03-02_ST_4,2025-03-02,ST,2024-25,14,60.0,42.0,1,2,1,True
2025-03-02_ST_5,2025-03-02,ST,2024-25,14,60.0,0.0,0,1,0,True
2025-03-02_ST_6,2025-03-02,ST,2024-25,14,60.0,0.0,0,1,0,True
2025-03-02_ST_7,2025-03-02,ST,2024-25,14,60.0,0.0,0,1,0,True
2025-03-02_ST_8,2025-03-02,ST,2024-25,11,60.0,33.0,1,2,1,True
2025-03-02_ST_9,2025-03-02,ST,2024-25,12,60.0,48.0,1,2,1,True
2025-03-05_HV_1,2025-03-05,HV,2024-25,10,60.0,0.0,0,1,0,True
2025-03-05_HV_2,2025-03-05,HV,2024-25,12,60.0,24.5,1,2,1,True
2025-03-05_HV_3,2025-03-05,HV,2024-25,9,60.0,60.5,1,2,1,True
2025-03-05_HV_4,2025-03-05,HV,2024-25,12,60.0,0.0,0,1,0,True
2025-03-05_HV_5,2025-03-05,HV,2024-25,12,60.0,0.0,0,1,0,True
2025-03-05_HV_6,2025-03-05,HV,2024-25,12,60.0,45.0,1,2,1,True
2025-03-05_HV_7,2025-03-05,HV,2024-25,10,60.0,41.5,1,2,1,True
2025-03-05_HV_8,2025-03-05,HV,2024-25,12,60.0,32.5,1,2,1,True
2025-03-05_HV_9,2025-03-05,HV,2024-25,10,60.0,35.0,1,2,1,True
2025-03-09_ST_1,2025-03-09,ST,2024-25,14,60.0,26.5,1,2,1,True
2025-03-09_ST_10,2025-03-09,ST,2024-25,12,60.0,54.5,1,2,1,True
2025-03-09_ST_11,2025-03-09,ST,2024-25,14,60.0,37.0,1,2,1,True
2025-03-09_ST_2,2025-03-09,ST,2024-25,11,60.0,37.5,1,2,1,True
2025-03-09_ST_3,2025-03-09,ST,2024-25,12,60.0,42.5,1,2,1,True
2025-03-09_ST_4,2025-03-09,ST,2024-25,13,60.0,0.0,0,1,0,True
2025-03-09_ST_5,2025-03-09,ST,2024-25,12,60.0,0.0,0,1,0,True
2025-03-09_ST_6,2025-03-09,ST,2024-25,14,60.0,76.5,1,2,1,True
2025-03-09_ST_7,2025-03-09,ST,2024-25,12,60.0,83.0,1,2,1,True
2025-03-09_ST_8,2025-03-09,ST,2024-25,8,60.0,54.0,1,2,1,True
2025-03-09_ST_9,2025-03-09,ST,2024-25,14,60.0,100.0,3,3,1,True
2025-03-12_HV_1,2025-03-12,HV,2024-25,12,60.0,0.0,0,1,0,True
2025-03-12_HV_2,2025-03-12,HV,2024-25,12,60.0,174.0,3,3,1,True
2025-03-12_HV_3,2025-03-12,HV,2024-25,12,60.0,63.5,1,2,1,True
2025-03-12_HV_4,2025-03-12,HV,2024-25,12,60.0,0.0,0,1,0,True
2025-03-12_HV_5,2025-03-12,HV,2024-25,11,60.0,46.0,1,2,1,True
2025-03-12_HV_6,2025-03-12,HV,2024-25,12,60.0,57.5,1,2,1,True
2025-03-12_HV_7,2025-03-12,HV,2024-25,11,60.0,29.5,1,2,1,True
2025-03-12_HV_8,2025-03-12,HV,2024-25,11,60.0,0.0,0,1,0,True
2025-03-12_HV_9,2025-03-12,HV,2024-25,12,60.0,39.5,1,2,1,True
2025-03-15_ST_1,2025-03-15,ST,2024-25,12,60.0,195.5,3,3,1,True
2025-03-15_ST_10,2025-03-15,ST,2024-25,12,60.0,83.5,3,3,1,True
2025-03-15_ST_2,2025-03-15,ST,2024-25,14,60.0,51.5,1,2,1,True
2025-03-15_ST_3,2025-03-15,ST,2024-25,14,60.0,0.0,0,1,0,True
2025-03-15_ST_4,2025-03-15,ST,2024-25,12,60.0,23.5,1,2,1,True
2025-03-15_ST_5,2025-03-15,ST,2024-25,14,60.0,0.0,0,1,0,True
2025-03-15_ST_6,2025-03-15,ST,2024-25,14,60.0,46.5,1,2,1,True
2025-03-15_ST_7,2025-03-15,ST,2024-25,9,60.0,155.5,3,3,1,True
2025-03-15_ST_8,2025-03-15,ST,2024-25,11,60.0,108.0,3,3,1,True
2025-03-15_ST_9,2025-03-15,ST,2024-25,12,60.0,0.0,0,1,0,True
2025-03-19_HV_1,2025-03-19,HV,2024-25,10,60.0,93.0,1,2,1,True
2025-03-19_HV_2,2025-03-19,HV,2024-25,9,60.0,116.5,3,3,1,True
2025-03-19_HV_3,2025-03-19,HV,2024-25,12,60.0,0.0,0,1,0,True
2025-03-19_HV_4,2025-03-19,HV,2024-25,12,60.0,152.5,3,3,1,True
2025-03-19_HV_5,2025-03-19,HV,2024-25,12,60.0,82.0,1,2,1,True
2025-03-19_HV_6,2025-03-19,HV,2024-25,12,60.0,50.0,1,2,1,True
2025-03-19_HV_7,2025-03-19,HV,2024-25,12,60.0,149.5,3,3,1,True
2025-03-19_HV_8,2025-03-19,HV,2024-25,12,60.0,150.5,3,3,1,True
2025-03-19_HV_9,2025-03-19,HV,2024-25,12,60.0,37.0,1,2,1,True
2025-03-23_ST_1,2025-03-23,ST,2024-25,14,60.0,0.0,0,1,0,True
2025-03-23_ST_10,2025-03-23,ST,2024-25,14,60.0,0.0,0,1,0,True
2025-03-23_ST_2,2025-03-23,ST,2024-25,8,60.0,87.5,3,3,1,True
2025-03-23_ST_3,2025-03-23,ST,2024-25,14,60.0,50.5,1,2,1,True
2025-03-23_ST_4,2025-03-23,ST,2024-25,14,60.0,56.5,1,2,1,True
2025-03-23_ST_5,2025-03-23,ST,2024-25,13,60.0,52.0,1,2,1,True
2025-03-23_ST_6,2025-03-23,ST,2024-25,14,60.0,127.0,1,2,1,True
2025-03-23_ST_7,2025-03-23,ST,2024-25,14,60.0,82.5,1,2,1,True
2025-03-23_ST_8,2025-03-23,ST,2024-25,12,60.0,29.0,1,2,1,True
2025-03-23_ST_9,2025-03-23,ST,2024-25,12,60.0,163.0,3,3,1,True
2025-03-26_ST_1,2025-03-26,ST,2024-25,14,60.0,42.5,1,2,1,True
2025-03-26_ST_2,2025-03-26,ST,2024-25,12,60.0,39.0,1,2,1,True
2025-03-26_ST_3,2025-03-26,ST,2024-25,14,60.0,63.0,1,2,1,True
2025-03-26_ST_4,2025-03-26,ST,2024-25,12,60.0,35.0,1,2,1,True
2025-03-26_ST_5,2025-03-26,ST,2024-25,12,60.0,41.0,1,2,1,True
2025-03-26_ST_6,2025-03-26,ST,2024-25,14,60.0,51.0,1,2,1,True
2025-03-26_ST_7,2025-03-26,ST,2024-25,12,60.0,53.0,1,2,1,True
2025-03-26_ST_8,2025-03-26,ST,2024-25,14,60.0,57.0,1,2,1,True
2025-03-26_ST_9,2025-03-26,ST,2024-25,12,60.0,162.0,3,3,1,True
2025-03-30_ST_1,2025-03-30,ST,2024-25,14,60.0,0.0,0,1,0,True
2025-03-30_ST_10,2025-03-30,ST,2024-25,12,60.0,18.5,1,2,1,True
2025-03-30_ST_2,2025-03-30,ST,2024-25,7,60.0,14.5,1,2,1,True
2025-03-30_ST_3,2025-03-30,ST,2024-25,14,60.0,44.0,1,2,1,True
2025-03-30_ST_4,2025-03-30,ST,2024-25,14,60.0,107.5,3,3,1,True
2025-03-30_ST_5,2025-03-30,ST,2024-25,12,60.0,0.0,0,1,0,True
2025-03-30_ST_6,2025-03-30,ST,2024-25,11,60.0,34.5,1,2,1,True
2025-03-30_ST_7,2025-03-30,ST,2024-25,7,60.0,59.0,3,3,1,True
2025-03-30_ST_8,2025-03-30,ST,2024-25,14,60.0,0.0,0,1,0,True
2025-03-30_ST_9,2025-03-30,ST,2024-25,11,60.0,0.0,0,1,0,True
2025-04-02_HV_1,2025-04-02,HV,2024-25,12,60.0,167.0,3,3,1,True
2025-04-02_HV_2,2025-04-02,HV,2024-25,12,60.0,85.5,1,2,1,True
2025-04-02_HV_3,2025-04-02,HV,2024-25,10,60.0,91.0,3,3,1,True
2025-04-02_HV_4,2025-04-02,HV,2024-25,11,60.0,58.5,1,2,1,True
2025-04-02_HV_5,2025-04-02,HV,2024-25,12,60.0,36.5,1,2,1,True
2025-04-02_HV_6,2025-04-02,HV,2024-25,12,60.0,0.0,0,1,0,True
2025-04-02_HV_7,2025-04-02,HV,2024-25,12,60.0,50.0,1,2,1,True
2025-04-02_HV_8,2025-04-02,HV,2024-25,11,60.0,35.0,1,2,1,True
2025-04-02_HV_9,2025-04-02,HV,2024-25,12,60.0,63.5,1,2,1,True
2025-04-06_ST_1,2025-04-06,ST,2024-25,14,60.0,69.5,1,2,1,True
2025-04-06_ST_10,2025-04-06,ST,2024-25,14,60.0,26.0,1,2,1,True
2025-04-06_ST_2,2025-04-06,ST,2024-25,14,60.0,34.0,1,2,1,True
2025-04-06_ST_3,2025-04-06,ST,2024-25,14,60.0,87.0,3,3,1,True
2025-04-06_ST_4,2025-04-06,ST,2024-25,14,60.0,68.0,1,2,1,True
2025-04-06_ST_5,2025-04-06,ST,2024-25,14,60.0,0.0,0,1,0,True
2025-04-06_ST_6,2025-04-06,ST,2024-25,13,60.0,78.5,3,3,1,True
2025-04-06_ST_7,2025-04-06,ST,2024-25,7,60.0,84.5,3,3,1,True
2025-04-06_ST_8,2025-04-06,ST,2024-25,14,60.0,224.0,3,3,1,True
2025-04-06_ST_9,2025-04-06,ST,2024-25,13,60.0,14.5,1,2,1,True
2025-04-09_HV_1,2025-04-09,HV,2024-25,12,60.0,48.0,1,2,1,True
2025-04-09_HV_2,2025-04-09,HV,2024-25,12,60.0,63.5,1,2,1,True
2025-04-09_HV_3,2025-04-09,HV,2024-25,12,60.0,46.0,1,2,1,True
2025-04-09_HV_4,2025-04-09,HV,2024-25,12,60.0,32.0,1,2,1,True
2025-04-09_HV_5,2025-04-09,HV,2024-25,10,60.0,24.0,1,2,1,True
2025-04-09_HV_6,2025-04-09,HV,2024-25,12,60.0,21.5,1,2,1,True
2025-04-09_HV_7,2025-04-09,HV,2024-25,12,60.0,65.0,1,2,1,True
2025-04-09_HV_8,2025-04-09,HV,2024-25,11,60.0,0.0,0,1,0,True
2025-04-09_HV_9,2025-04-09,HV,2024-25,12,60.0,47.5,1,2,1,True
2025-04-13_ST_10,2025-04-13,ST,2024-25,12,60.0,50.0,1,2,1,True
2025-04-13_ST_11,2025-04-13,ST,2024-25,14,60.0,21.0,1,2,1,True
2025-04-13_ST_2,2025-04-13,ST,2024-25,14,60.0,0.0,0,1,0,True
2025-04-13_ST_3,2025-04-13,ST,2024-25,12,60.0,286.5,3,3,1,True
2025-04-13_ST_4,2025-04-13,ST,2024-25,12,60.0,118.0,3,3,1,True
2025-04-13_ST_5,2025-04-13,ST,2024-25,10,60.0,0.0,0,1,0,True
2025-04-13_ST_6,2025-04-13,ST,2024-25,14,60.0,46.0,1,2,1,True
2025-04-13_ST_7,2025-04-13,ST,2024-25,14,60.0,32.0,1,2,1,True
2025-04-13_ST_8,2025-04-13,ST,2024-25,9,60.0,29.0,1,2,1,True
2025-04-13_ST_9,2025-04-13,ST,2024-25,14,60.0,0.0,0,0,0,True
2025-04-16_HV_1,2025-04-16,HV,2024-25,12,60.0,100.5,1,2,1,True
2025-04-16_HV_2,2025-04-16,HV,2024-25,11,60.0,13.0,1,2,1,True
2025-04-16_HV_3,2025-04-16,HV,2024-25,12,60.0,0.0,0,1,0,True
2025-04-16_HV_4,2025-04-16,HV,2024-25,9,60.0,19.5,1,2,1,True
2025-04-16_HV_5,2025-04-16,HV,2024-25,12,60.0,128.5,3,3,1,True
2025-04-16_HV_6,2025-04-16,HV,2024-25,9,60.0,0.0,0,1,0,True
2025-04-16_HV_7,2025-04-16,HV,2024-25,12,60.0,70.5,1,2,1,True
2025-04-16_HV_8,2025-04-16,HV,2024-25,12,60.0,0.0,0,1,0,True
2025-04-16_HV_9,2025-04-16,HV,2024-25,12,60.0,0.0,0,1,0,True
2025-04-20_ST_1,2025-04-20,ST,2024-25,14,60.0,0.0,0,1,0,True
2025-04-20_ST_10,2025-04-20,ST,2024-25,13,60.0,193.0,3,3,1,True
2025-04-20_ST_2,2025-04-20,ST,2024-25,14,60.0,116.5,3,3,1,True
2025-04-20_ST_3,2025-04-20,ST,2024-25,12,60.0,59.5,1,2,1,True
2025-04-20_ST_4,2025-04-20,ST,2024-25,14,60.0,83.5,1,2,1,True
2025-04-20_ST_5,2025-04-20,ST,2024-25,14,60.0,0.0,0,1,0,True
2025-04-20_ST_6,2025-04-20,ST,2024-25,11,60.0,55.5,1,2,1,True
2025-04-20_ST_7,2025-04-20,ST,2024-25,9,60.0,36.5,1,2,1,True
2025-04-20_ST_8,2025-04-20,ST,2024-25,12,60.0,154.5,3,3,1,True
2025-04-20_ST_9,2025-04-20,ST,2024-25,12,60.0,76.5,1,2,1,True
2025-04-23_HV_1,2025-04-23,HV,2024-25,12,60.0,43.5,1,2,1,True
2025-04-23_HV_2,2025-04-23,HV,2024-25,12,60.0,0.0,0,1,0,True
2025-04-23_HV_3,2025-04-23,HV,2024-25,12,60.0,37.5,1,2,1,True
2025-04-23_HV_4,2025-04-23,HV,2024-25,12,60.0,0.0,0,1,0,True
2025-04-23_HV_5,2025-04-23,HV,2024-25,12,60.0,0.0,0,1,0,True
2025-04-23_HV_6,2025-04-23,HV,2024-25,12,60.0,0.0,0,1,0,True
2025-04-23_HV_7,2025-04-23,HV,2024-25,10,60.0,27.0,1,2,1,True
2025-04-23_HV_8,2025-04-23,HV,2024-25,12,60.0,0.0,0,1,0,True
2025-04-23_HV_9,2025-04-23,HV,2024-25,12,60.0,53.5,1,2,1,True
2025-04-27_ST_1,2025-04-27,ST,2024-25,11,60.0,44.5,1,2,1,True
2025-04-27_ST_10,2025-04-27,ST,2024-25,14,60.0,212.5,3,3,1,True
2025-04-27_ST_2,2025-04-27,ST,2024-25,14,60.0,0.0,0,1,0,True
2025-04-27_ST_3,2025-04-27,ST,2024-25,14,60.0,120.0,3,3,1,True
2025-04-27_ST_4,2025-04-27,ST,2024-25,10,60.0,34.0,1,2,1,True
2025-04-27_ST_5,2025-04-27,ST,2024-25,13,60.0,94.0,3,3,1,True
2025-04-27_ST_6,2025-04-27,ST,2024-25,12,60.0,40.0,1,2,1,True
2025-04-27_ST_7,2025-04-27,ST,2024-25,13,60.0,0.0,0,1,0,True
2025-04-27_ST_8,2025-04-27,ST,2024-25,10,60.0,33.0,1,2,1,True
2025-04-27_ST_9,2025-04-27,ST,2024-25,14,60.0,40.0,1,2,1,True
2025-04-30_HV_1,2025-04-30,HV,2024-25,12,60.0,51.0,1,2,1,True
2025-04-30_HV_2,2025-04-30,HV,2024-25,12,60.0,97.5,3,3,1,True
2025-04-30_HV_3,2025-04-30,HV,2024-25,8,60.0,18.0,1,2,1,True
2025-04-30_HV_4,2025-04-30,HV,2024-25,11,60.0,26.0,1,2,1,True
2025-04-30_HV_5,2025-04-30,HV,2024-25,12,60.0,0.0,0,1,0,True
2025-04-30_HV_6,2025-04-30,HV,2024-25,12,60.0,0.0,0,1,0,True
2025-04-30_HV_7,2025-04-30,HV,2024-25,11,60.0,0.0,0,1,0,True
2025-04-30_HV_8,2025-04-30,HV,2024-25,12,60.0,0.0,0,1,0,True
2025-04-30_HV_9,2025-04-30,HV,2024-25,12,60.0,0.0,0,1,0,True
2025-05-04_ST_1,2025-05-04,ST,2024-25,7,60.0,14.5,1,2,1,True
2025-05-04_ST_10,2025-05-04,ST,2024-25,11,60.0,34.5,1,2,1,True
2025-05-04_ST_11,2025-05-04,ST,2024-25,13,60.0,0.0,0,1,0,True
2025-05-04_ST_2,2025-05-04,ST,2024-25,14,60.0,0.0,0,1,0,True
2025-05-04_ST_3,2025-05-04,ST,2024-25,14,60.0,0.0,0,1,0,True
2025-05-04_ST_4,2025-05-04,ST,2024-25,7,60.0,80.5,3,3,1,True
2025-05-04_ST_5,2025-05-04,ST,2024-25,10,60.0,102.0,3,3,1,True
2025-05-04_ST_6,2025-05-04,ST,2024-25,14,60.0,0.0,0,1,0,True
2025-05-04_ST_7,2025-05-04,ST,2024-25,14,60.0,44.5,1,2,1,True
2025-05-04_ST_9,2025-05-04,ST,2024-25,14,60.0,27.0,1,2,1,True
2025-05-07_HV_1,2025-05-07,HV,2024-25,11,60.0,0.0,0,0,0,True
2025-05-07_HV_2,2025-05-07,HV,2024-25,12,60.0,182.5,3,3,1,True
2025-05-07_HV_3,2025-05-07,HV,2024-25,11,60.0,185.0,3,3,1,True
2025-05-07_HV_4,2025-05-07,HV,2024-25,12,60.0,27.0,1,2,1,True
2025-05-07_HV_5,2025-05-07,HV,2024-25,12,60.0,57.0,1,2,1,True
2025-05-07_HV_6,2025-05-07,HV,2024-25,11,60.0,0.0,0,1,0,True
2025-05-07_HV_7,2025-05-07,HV,2024-25,12,60.0,0.0,0,1,0,True
2025-05-07_HV_8,2025-05-07,HV,2024-25,12,60.0,28.0,1,2,1,True
2025-05-07_HV_9,2025-05-07,HV,2024-25,12,60.0,138.5,3,3,1,True
2025-05-10_ST_1,2025-05-10,ST,2024-25,14,60.0,0.0,0,1,0,True
2025-05-10_ST_10,2025-05-10,ST,2024-25,12,60.0,0.0,0,1,0,True
2025-05-10_ST_2,2025-05-10,ST,2024-25,14,60.0,46.5,1,2,1,True
2025-05-10_ST_3,2025-05-10,ST,2024-25,14,60.0,22.5,1,2,1,True
2025-05-10_ST_4,2025-05-10,ST,2024-25,14,60.0,0.0,0,1,0,True
2025-05-10_ST_5,2025-05-10,ST,2024-25,14,60.0,23.0,1,2,1,True
2025-05-10_ST_6,2025-05-10,ST,2024-25,12,60.0,191.5,3,3,1,True
2025-05-10_ST_7,2025-05-10,ST,2024-25,11,60.0,95.0,3,3,1,True
2025-05-10_ST_8,2025-05-10,ST,2024-25,11,60.0,15.5,1,2,1,True
2025-05-10_ST_9,2025-05-10,ST,2024-25,12,60.0,46.0,1,2,1,True
2025-05-14_HV_1,2025-05-14,HV,2024-25,12,60.0,0.0,0,1,0,True
2025-05-14_HV_2,2025-05-14,HV,2024-25,7,60.0,26.5,1,2,1,True
2025-05-14_HV_3,2025-05-14,HV,2024-25,12,60.0,61.0,1,2,1,True
2025-05-14_HV_4,2025-05-14,HV,2024-25,7,60.0,17.0,1,2,1,True
2025-05-14_HV_5,2025-05-14,HV,2024-25,12,60.0,41.0,1,2,1,True
2025-05-14_HV_6,2025-05-14,HV,2024-25,12,60.0,0.0,0,1,0,True
2025-05-14_HV_7,2025-05-14,HV,2024-25,12,60.0,83.5,1,2,1,True
2025-05-14_HV_8,2025-05-14,HV,2024-25,11,60.0,0.0,0,1,0,True
2025-05-14_HV_9,2025-05-14,HV,2024-25,11,60.0,25.0,1,2,1,True
2025-05-18_ST_1,2025-05-18,ST,2024-25,14,60.0,76.5,1,2,1,True
2025-05-18_ST_10,2025-05-18,ST,2024-25,14,60.0,0.0,0,1,0,True
2025-05-18_ST_2,2025-05-18,ST,2024-25,12,60.0,42.5,1,2,1,True
2025-05-18_ST_3,2025-05-18,ST,2024-25,12,60.0,110.0,3,3,1,True
2025-05-18_ST_4,2025-05-18,ST,2024-25,14,60.0,0.0,0,1,0,True
2025-05-18_ST_5,2025-05-18,ST,2024-25,14,60.0,118.5,3,3,1,True
2025-05-18_ST_6,2025-05-18,ST,2024-25,12,60.0,0.0,0,1,0,True
2025-05-18_ST_7,2025-05-18,ST,2024-25,12,60.0,39.0,1,2,1,True
2025-05-18_ST_8,2025-05-18,ST,2024-25,14,60.0,86.5,1,2,1,True
2025-05-18_ST_9,2025-05-18,ST,2024-25,12,60.0,81.0,1,2,1,True
2025-05-21_HV_1,2025-05-21,HV,2024-25,12,60.0,79.0,3,3,1,True
2025-05-21_HV_2,2025-05-21,HV,2024-25,12,60.0,62.0,1,2,1,True
2025-05-21_HV_3,2025-05-21,HV,2024-25,12,60.0,49.0,1,2,1,True
2025-05-21_HV_4,2025-05-21,HV,2024-25,12,60.0,0.0,0,0,0,True
2025-05-21_HV_5,2025-05-21,HV,2024-25,12,60.0,65.0,1,2,1,True
2025-05-21_HV_6,2025-05-21,HV,2024-25,12,60.0,54.0,1,2,1,True
2025-05-21_HV_7,2025-05-21,HV,2024-25,12,60.0,19.5,1,2,1,True
2025-05-21_HV_8,2025-05-21,HV,2024-25,12,60.0,0.0,0,1,0,True
2025-05-21_HV_9,2025-05-21,HV,2024-25,12,60.0,0.0,0,1,0,True
2025-05-25_ST_1,2025-05-25,ST,2024-25,11,60.0,15.5,1,2,1,True
2025-05-25_ST_10,2025-05-25,ST,2024-25,14,60.0,54.0,1,2,1,True
2025-05-25_ST_11,2025-05-25,ST,2024-25,14,60.0,77.5,3,3,1,True
2025-05-25_ST_2,2025-05-25,ST,2024-25,14,60.0,15.5,1,2,1,True
2025-05-25_ST_3,2025-05-25,ST,2024-25,14,60.0,0.0,0,1,0,True
2025-05-25_ST_4,2025-05-25,ST,2024-25,8,60.0,106.0,3,3,1,True
2025-05-25_ST_5,2025-05-25,ST,2024-25,14,60.0,0.0,0,1,0,True
2025-05-25_ST_6,2025-05-25,ST,2024-25,13,60.0,221.5,3,3,1,True
2025-05-25_ST_7,2025-05-25,ST,2024-25,14,60.0,95.0,3,3,1,True
2025-05-25_ST_8,2025-05-25,ST,2024-25,10,60.0,44.5,1,2,1,True
2025-05-25_ST_9,2025-05-25,ST,2024-25,14,60.0,0.0,0,0,0,True
2025-05-28_HV_1,2025-05-28,HV,2024-25,12,60.0,0.0,0,1,0,True
2025-05-28_HV_2,2025-05-28,HV,2024-25,12,60.0,0.0,0,1,0,True
2025-05-28_HV_3,2025-05-28,HV,2024-25,12,60.0,58.5,1,2,1,True
2025-05-28_HV_4,2025-05-28,HV,2024-25,12,60.0,0.0,0,1,0,True
2025-05-28_HV_5,2025-05-28,HV,2024-25,12,60.0,36.5,1,2,1,True
2025-05-28_HV_6,2025-05-28,HV,2024-25,12,60.0,45.5,1,2,1,True
2025-05-28_HV_7,2025-05-28,HV,2024-25,10,60.0,0.0,0,1,0,True
2025-05-28_HV_8,2025-05-28,HV,2024-25,11,60.0,38.5,1,2,1,True
2025-05-28_HV_9,2025-05-28,HV,2024-25,12,60.0,64.0,1,2,1,True
2025-05-31_ST_1,2025-05-31,ST,2024-25,14,60.0,127.5,3,3,1,True
2025-05-31_ST_10,2025-05-31,ST,2024-25,13,60.0,51.0,1,2,1,True
2025-05-31_ST_11,2025-05-31,ST,2024-25,14,60.0,0.0,0,0,0,True
2025-05-31_ST_2,2025-05-31,ST,2024-25,14,60.0,0.0,0,1,0,True
2025-05-31_ST_3,2025-05-31,ST,2024-25,14,60.0,0.0,0,0,0,True
2025-05-31_ST_4,2025-05-31,ST,2024-25,14,60.0,81.5,1,2,1,True
2025-05-31_ST_5,2025-05-31,ST,2024-25,14,60.0,0.0,0,1,0,True
2025-05-31_ST_6,2025-05-31,ST,2024-25,11,60.0,0.0,0,0,0,True
2025-05-31_ST_7,2025-05-31,ST,2024-25,12,60.0,0.0,0,1,0,True
2025-05-31_ST_8,2025-05-31,ST,2024-25,11,60.0,21.0,1,2,1,True
2025-05-31_ST_9,2025-05-31,ST,2024-25,11,60.0,139.0,3,3,1,True
2025-06-04_HV_1,2025-06-04,HV,2024-25,12,60.0,0.0,0,1,0,True
2025-06-04_HV_2,2025-06-04,HV,2024-25,12,60.0,49.5,1,2,1,True
2025-06-04_HV_3,2025-06-04,HV,2024-25,12,60.0,0.0,0,1,0,True
2025-06-04_HV_4,2025-06-04,HV,2024-25,12,60.0,0.0,0,1,0,True
2025-06-04_HV_5,2025-06-04,HV,2024-25,11,60.0,82.5,1,2,1,True
2025-06-04_HV_6,2025-06-04,HV,2024-25,12,60.0,133.5,3,3,1,True
2025-06-04_HV_7,2025-06-04,HV,2024-25,12,60.0,71.5,1,2,1,True
2025-06-04_HV_8,2025-06-04,HV,2024-25,12,60.0,72.5,1,2,1,True
2025-06-04_HV_9,2025-06-04,HV,2024-25,12,60.0,42.5,1,2,1,True
2025-06-08_ST_1,2025-06-08,ST,2024-25,12,60.0,35.0,1,2,1,True
2025-06-08_ST_10,2025-06-08,ST,2024-25,12,60.0,0.0,0,0,0,True
2025-06-08_ST_2,2025-06-08,ST,2024-25,12,60.0,131.0,3,3,1,True
2025-06-08_ST_3,2025-06-08,ST,2024-25,14,60.0,0.0,0,1,0,True
2025-06-08_ST_4,2025-06-08,ST,2024-25,14,60.0,124.0,3,3,1,True
2025-06-08_ST_5,2025-06-08,ST,2024-25,14,60.0,56.0,1,2,1,True
2025-06-08_ST_6,2025-06-08,ST,2024-25,14,60.0,0.0,0,1,0,True
2025-06-08_ST_7,2025-06-08,ST,2024-25,8,60.0,19.0,1,2,1,True
2025-06-08_ST_8,2025-06-08,ST,2024-25,14,60.0,0.0,0,1,0,True
2025-06-08_ST_9,2025-06-08,ST,2024-25,14,60.0,0.0,0,1,0,True
2025-06-11_HV_1,2025-06-11,HV,2024-25,12,60.0,0.0,0,1,0,True
2025-06-11_HV_2,2025-06-11,HV,2024-25,12,60.0,33.5,1,2,1,True
2025-06-11_HV_3,2025-06-11,HV,2024-25,10,60.0,0.0,0,1,0,True
2025-06-11_HV_4,2025-06-11,HV,2024-25,12,60.0,0.0,0,1,0,True
2025-06-11_HV_5,2025-06-11,HV,2024-25,12,60.0,248.0,3,3,1,True
2025-06-11_HV_6,2025-06-11,HV,2024-25,9,60.0,91.0,3,3,1,True
2025-06-11_HV_7,2025-06-11,HV,2024-25,12,60.0,41.5,1,2,1,True
2025-06-11_HV_8,2025-06-11,HV,2024-25,12,60.0,0.0,0,1,0,True
2025-06-11_HV_9,2025-06-11,HV,2024-25,12,60.0,0.0,0,1,0,True
2025-06-14_ST_1,2025-06-14,ST,2024-25,13,60.0,0.0,0,1,0,True
2025-06-14_ST_10,2025-06-14,ST,2024-25,12,60.0,91.5,1,2,1,True
2025-06-14_ST_11,2025-06-14,ST,2024-25,13,60.0,206.5,3,3,1,True
2025-06-14_ST_2,2025-06-14,ST,2024-25,14,60.0,0.0,0,1,0,True
2025-06-14_ST_3,2025-06-14,ST,2024-25,12,60.0,0.0,0,1,0,True
2025-06-14_ST_4,2025-06-14,ST,2024-25,12,60.0,0.0,0,1,0,True
2025-06-14_ST_5,2025-06-14,ST,2024-25,14,60.0,0.0,0,0,0,True
2025-06-14_ST_6,2025-06-14,ST,2024-25,14,60.0,0.0,0,0,0,True
2025-06-14_ST_7,2025-06-14,ST,2024-25,14,60.0,0.0,0,1,0,True
2025-06-14_ST_8,2025-06-14,ST,2024-25,11,60.0,0.0,0,1,0,True
2025-06-14_ST_9,2025-06-14,ST,2024-25,13,60.0,80.0,1,2,1,True
2025-06-22_ST_1,2025-06-22,ST,2024-25,14,60.0,0.0,0,1,0,True
2025-06-22_ST_10,2025-06-22,ST,2024-25,14,60.0,36.0,1,2,1,True
2025-06-22_ST_11,2025-06-22,ST,2024-25,14,60.0,21.5,1,2,1,True
2025-06-22_ST_2,2025-06-22,ST,2024-25,14,60.0,64.5,1,2,1,True
2025-06-22_ST_3,2025-06-22,ST,2024-25,14,60.0,22.0,1,2,1,True
2025-06-22_ST_4,2025-06-22,ST,2024-25,14,60.0,142.5,3,3,1,True
2025-06-22_ST_5,2025-06-22,ST,2024-25,14,60.0,0.0,0,1,0,True
2025-06-22_ST_6,2025-06-22,ST,2024-25,9,60.0,45.0,1,2,1,True
2025-06-22_ST_7,2025-06-22,ST,2024-25,13,60.0,128.0,3,3,1,True
2025-06-22_ST_8,2025-06-22,ST,2024-25,14,60.0,74.0,1,2,1,True
2025-06-22_ST_9,2025-06-22,ST,2024-25,14,60.0,30.5,1,2,1,True
2025-06-25_HV_1,2025-06-25,HV,2024-25,12,60.0,127.5,1,2,1,True
2025-06-25_HV_2,2025-06-25,HV,2024-25,12,60.0,185.5,3,3,1,True
2025-06-25_HV_3,2025-06-25,HV,2024-25,12,60.0,0.0,0,1,0,True
2025-06-25_HV_4,2025-06-25,HV,2024-25,12,60.0,0.0,0,1,0,True
2025-06-25_HV_5,2025-06-25,HV,2024-25,9,60.0,122.5,1,2,1,True
2025-06-25_HV_6,2025-06-25,HV,2024-25,12,60.0,52.0,1,2,1,True
2025-06-25_HV_7,2025-06-25,HV,2024-25,12,60.0,180.5,3,3,1,True
2025-06-25_HV_8,2025-06-25,HV,2024-25,12,60.0,0.0,0,1,0,True
2025-06-25_HV_9,2025-06-25,HV,2024-25,12,60.0,50.0,1,2,1,True
2025-06-28_ST_1,2025-06-28,ST,2024-25,14,60.0,0.0,0,1,0,True
2025-06-28_ST_10,2025-06-28,ST,2024-25,14,60.0,103.5,1,2,1,True
2025-06-28_ST_11,2025-06-28,ST,2024-25,14,60.0,126.0,1,2,1,True
2025-06-28_ST_2,2025-06-28,ST,2024-25,14,60.0,158.5,3,3,1,True
2025-06-28_ST_3,2025-06-28,ST,2024-25,10,60.0,0.0,0,1,0,True
2025-06-28_ST_4,2025-06-28,ST,2024-25,14,60.0,26.5,1,2,1,True
2025-06-28_ST_5,2025-06-28,ST,2024-25,12,60.0,0.0,0,1,0,True
2025-06-28_ST_6,2025-06-28,ST,2024-25,14,60.0,109.5,3,3,1,True
2025-06-28_ST_7,2025-06-28,ST,2024-25,13,60.0,35.5,1,2,1,True
2025-06-28_ST_8,2025-06-28,ST,2024-25,8,60.0,124.5,3,3,1,True
2025-06-28_ST_9,2025-06-28,ST,2024-25,13,60.0,0.0,0,1,0,True
2025-07-01_ST_1,2025-07-01,ST,2024-25,14,60.0,0.0,0,1,0,True
2025-07-01_ST_10,2025-07-01,ST,2024-25,14,60.0,194.0,3,3,1,True
2025-07-01_ST_2,2025-07-01,ST,2024-25,14,60.0,53.0,1,2,1,True
2025-07-01_ST_3,2025-07-01,ST,2024-25,14,60.0,0.0,0,1,0,True
2025-07-01_ST_4,2025-07-01,ST,2024-25,12,60.0,45.0,1,2,1,True
2025-07-01_ST_5,2025-07-01,ST,2024-25,12,60.0,0.0,0,1,0,True
2025-07-01_ST_6,2025-07-01,ST,2024-25,14,60.0,0.0,0,1,0,True
2025-07-01_ST_7,2025-07-01,ST,2024-25,13,60.0,0.0,0,0,0,True
2025-07-01_ST_8,2025-07-01,ST,2024-25,14,60.0,273.5,3,3,1,True
2025-07-01_ST_9,2025-07-01,ST,2024-25,12,60.0,67.0,1,2,1,True
2025-07-05_ST_1,2025-07-05,ST,2024-25,12,60.0,81.0,1,2,1,True
2025-07-05_ST_10,2025-07-05,ST,2024-25,11,60.0,53.0,1,2,1,True
2025-07-05_ST_11,2025-07-05,ST,2024-25,14,60.0,0.0,0,1,0,True
2025-07-05_ST_2,2025-07-05,ST,2024-25,12,60.0,192.5,3,3,1,True
2025-07-05_ST_3,2025-07-05,ST,2024-25,12,60.0,0.0,0,1,0,True
2025-07-05_ST_4,2025-07-05,ST,2024-25,14,60.0,111.5,1,2,1,True
2025-07-05_ST_5,2025-07-05,ST,2024-25,10,60.0,105.5,3,3,1,True
2025-07-05_ST_6,2025-07-05,ST,2024-25,14,60.0,60.0,1,2,1,True
2025-07-05_ST_7,2025-07-05,ST,2024-25,12,60.0,53.5,1,2,1,True
2025-07-05_ST_8,2025-07-05,ST,2024-25,13,60.0,0.0,0,1,0,True
2025-07-05_ST_9,2025-07-05,ST,2024-25,12,60.0,25.0,1,2,1,True
2025-07-09_HV_1,2025-07-09,HV,2024-25,12,60.0,36.5,1,2,1,True
2025-07-09_HV_2,2025-07-09,HV,2024-25,12,60.0,63.5,1,2,1,True
2025-07-09_HV_3,2025-07-09,HV,2024-25,12,60.0,0.0,0,1,0,True
2025-07-09_HV_4,2025-07-09,HV,2024-25,12,60.0,32.5,1,2,1,True
2025-07-09_HV_5,2025-07-09,HV,2024-25,12,60.0,45.0,1,2,1,True
2025-07-09_HV_6,2025-07-09,HV,2024-25,11,60.0,48.0,1,2,1,True
2025-07-09_HV_7,2025-07-09,HV,2024-25,12,60.0,0.0,0,1,0,True
2025-07-09_HV_8,2025-07-09,HV,2024-25,12,60.0,0.0,0,1,0,True
2025-07-09_HV_9,2025-07-09,HV,2024-25,12,60.0,107.0,1,2,1,True
2025-07-13_ST_1,2025-07-13,ST,2024-25,14,60.0,50.0,1,2,1,True
2025-07-13_ST_10,2025-07-13,ST,2024-25,14,60.0,0.0,0,1,0,True
2025-07-13_ST_11,2025-07-13,ST,2024-25,14,60.0,0.0,0,1,0,True
2025-07-13_ST_2,2025-07-13,ST,2024-25,13,60.0,179.5,3,3,1,True
2025-07-13_ST_3,2025-07-13,ST,2024-25,14,60.0,0.0,0,1,0,True
2025-07-13_ST_4,2025-07-13,ST,2024-25,14,60.0,60.0,1,2,1,True
2025-07-13_ST_5,2025-07-13,ST,2024-25,14,60.0,66.5,1,2,1,True
2025-07-13_ST_6,2025-07-13,ST,2024-25,14,60.0,59.0,1,2,1,True
2025-07-13_ST_7,2025-07-13,ST,2024-25,14,60.0,37.5,1,2,1,True
2025-07-13_ST_8,2025-07-13,ST,2024-25,11,60.0,0.0,0,1,0,True
2025-07-13_ST_9,2025-07-13,ST,2024-25,14,60.0,29.5,1,2,1,True
2025-07-16_HV_1,2025-07-16,HV,2024-25,12,60.0,62.5,1,2,1,True
2025-07-16_HV_2,2025-07-16,HV,2024-25,11,60.0,119.0,3,3,1,True
2025-07-16_HV_3,2025-07-16,HV,2024-25,12,60.0,29.5,1,2,1,True
2025-07-16_HV_4,2025-07-16,HV,2024-25,12,60.0,0.0,0,1,0,True
2025-07-16_HV_5,2025-07-16,HV,2024-25,12,60.0,38.5,1,2,1,True
2025-07-16_HV_6,2025-07-16,HV,2024-25,12,60.0,45.0,1,2,1,True
2025-07-16_HV_7,2025-07-16,HV,2024-25,12,60.0,60.5,1,2,1,True
2025-07-16_HV_8,2025-07-16,HV,2024-25,12,60.0,0.0,0,1,0,True
2025-07-16_HV_9,2025-07-16,HV,2024-25,12,60.0,0.0,0,0,0,True
2025-09-07_ST_1,2025-09-07,ST,2025-26,14,60.0,59.0,1,2,1,True
2025-09-07_ST_10,2025-09-07,ST,2025-26,14,60.0,0.0,0,1,0,True
2025-09-07_ST_2,2025-09-07,ST,2025-26,14,60.0,77.0,1,2,1,True
2025-09-07_ST_3,2025-09-07,ST,2025-26,12,60.0,28.5,1,2,1,True
2025-09-07_ST_4,2025-09-07,ST,2025-26,14,60.0,103.5,3,3,1,True
2025-09-07_ST_5,2025-09-07,ST,2025-26,14,60.0,33.5,1,2,1,True
2025-09-07_ST_6,2025-09-07,ST,2025-26,14,60.0,33.5,1,2,1,True
2025-09-07_ST_7,2025-09-07,ST,2025-26,14,60.0,0.0,0,1,0,True
2025-09-07_ST_8,2025-09-07,ST,2025-26,10,60.0,44.0,1,2,1,True
2025-09-07_ST_9,2025-09-07,ST,2025-26,12,60.0,19.0,1,2,1,True
2025-09-10_HV_1,2025-09-10,HV,2025-26,12,60.0,0.0,0,1,0,True
2025-09-10_HV_2,2025-09-10,HV,2025-26,9,60.0,40.0,1,2,1,True
2025-09-10_HV_3,2025-09-10,HV,2025-26,12,60.0,0.0,0,1,0,True
2025-09-10_HV_4,2025-09-10,HV,2025-26,11,60.0,28.5,1,2,1,True
2025-09-10_HV_5,2025-09-10,HV,2025-26,11,60.0,37.5,1,2,1,True
2025-09-10_HV_6,2025-09-10,HV,2025-26,12,60.0,74.5,1,2,1,True
2025-09-10_HV_7,2025-09-10,HV,2025-26,11,60.0,113.0,3,3,1,True
2025-09-10_HV_8,2025-09-10,HV,2025-26,12,60.0,68.0,1,2,1,True
2025-09-14_ST_1,2025-09-14,ST,2025-26,14,60.0,230.5,3,3,1,True
2025-09-14_ST_10,2025-09-14,ST,2025-26,13,60.0,28.0,1,2,1,True
2025-09-14_ST_2,2025-09-14,ST,2025-26,14,60.0,205.5,3,3,1,True
2025-09-14_ST_3,2025-09-14,ST,2025-26,10,60.0,36.5,1,2,1,True
2025-09-14_ST_4,2025-09-14,ST,2025-26,11,60.0,0.0,0,1,0,True
2025-09-14_ST_5,2025-09-14,ST,2025-26,11,60.0,54.5,1,2,1,True
2025-09-14_ST_6,2025-09-14,ST,2025-26,14,60.0,0.0,0,1,0,True
2025-09-14_ST_7,2025-09-14,ST,2025-26,11,60.0,74.5,1,2,1,True
2025-09-14_ST_8,2025-09-14,ST,2025-26,14,60.0,0.0,0,1,0,True
2025-09-14_ST_9,2025-09-14,ST,2025-26,12,60.0,90.0,1,2,1,True
2025-09-17_HV_1,2025-09-17,HV,2025-26,10,60.0,61.5,1,2,1,True
2025-09-17_HV_2,2025-09-17,HV,2025-26,12,60.0,54.0,1,2,1,True
2025-09-17_HV_3,2025-09-17,HV,2025-26,12,60.0,0.0,0,1,0,True
2025-09-17_HV_4,2025-09-17,HV,2025-26,9,60.0,0.0,0,1,0,True
2025-09-17_HV_5,2025-09-17,HV,2025-26,12,60.0,35.5,1,2,1,True
2025-09-17_HV_6,2025-09-17,HV,2025-26,12,60.0,92.0,1,2,1,True
2025-09-17_HV_7,2025-09-17,HV,2025-26,11,60.0,64.5,1,2,1,True
2025-09-17_HV_8,2025-09-17,HV,2025-26,12,60.0,56.0,1,2,1,True
2025-09-21_ST_1,2025-09-21,ST,2025-26,10,60.0,0.0,0,1,0,True
2025-09-21_ST_2,2025-09-21,ST,2025-26,11,60.0,35.5,1,2,1,True
2025-09-21_ST_3,2025-09-21,ST,2025-26,12,60.0,0.0,0,1,0,True
2025-09-21_ST_4,2025-09-21,ST,2025-26,13,60.0,295.5,3,3,1,True
2025-09-21_ST_5,2025-09-21,ST,2025-26,14,60.0,84.0,1,2,1,True
2025-09-21_ST_6,2025-09-21,ST,2025-26,12,60.0,33.5,1,2,1,True
2025-09-21_ST_7,2025-09-21,ST,2025-26,14,60.0,51.0,1,2,1,True
2025-09-21_ST_8,2025-09-21,ST,2025-26,12,60.0,41.0,1,2,1,True
2025-09-28_ST_1,2025-09-28,ST,2025-26,12,60.0,0.0,0,1,0,True
2025-09-28_ST_10,2025-09-28,ST,2025-26,14,60.0,135.5,3,3,1,True
2025-09-28_ST_11,2025-09-28,ST,2025-26,14,60.0,0.0,0,1,0,True
2025-09-28_ST_2,2025-09-28,ST,2025-26,14,60.0,139.5,3,3,1,True
2025-09-28_ST_3,2025-09-28,ST,2025-26,14,60.0,0.0,0,1,0,True
2025-09-28_ST_4,2025-09-28,ST,2025-26,12,60.0,32.0,1,2,1,True
2025-09-28_ST_5,2025-09-28,ST,2025-26,12,60.0,13.5,1,2,1,True
2025-09-28_ST_6,2025-09-28,ST,2025-26,14,60.0,211.5,3,3,1,True
2025-09-28_ST_7,2025-09-28,ST,2025-26,12,60.0,27.0,1,2,1,True
2025-09-28_ST_8,2025-09-28,ST,2025-26,14,60.0,0.0,0,1,0,True
2025-09-28_ST_9,2025-09-28,ST,2025-26,11,60.0,46.0,1,2,1,True
2025-10-01_ST_1,2025-10-01,ST,2025-26,13,60.0,0.0,0,1,0,True
2025-10-01_ST_10,2025-10-01,ST,2025-26,14,60.0,168.0,3,3,1,True
2025-10-01_ST_2,2025-10-01,ST,2025-26,13,60.0,185.0,3,3,1,True
2025-10-01_ST_3,2025-10-01,ST,2025-26,14,60.0,66.0,1,2,1,True
2025-10-01_ST_4,2025-10-01,ST,2025-26,13,60.0,63.5,1,2,1,True
2025-10-01_ST_5,2025-10-01,ST,2025-26,14,60.0,36.0,1,2,1,True
2025-10-01_ST_6,2025-10-01,ST,2025-26,14,60.0,0.0,0,1,0,True
2025-10-01_ST_7,2025-10-01,ST,2025-26,8,60.0,0.0,0,1,0,True
2025-10-01_ST_8,2025-10-01,ST,2025-26,10,60.0,26.0,1,2,1,True
2025-10-01_ST_9,2025-10-01,ST,2025-26,14,60.0,68.0,1,2,1,True
2025-10-04_ST_1,2025-10-04,ST,2025-26,13,60.0,180.0,3,3,1,True
2025-10-04_ST_10,2025-10-04,ST,2025-26,14,60.0,0.0,0,1,0,True
2025-10-04_ST_2,2025-10-04,ST,2025-26,14,60.0,35.5,1,2,1,True
2025-10-04_ST_3,2025-10-04,ST,2025-26,14,60.0,0.0,0,1,0,True
2025-10-04_ST_4,2025-10-04,ST,2025-26,14,60.0,48.5,1,2,1,True
2025-10-04_ST_5,2025-10-04,ST,2025-26,14,60.0,59.5,1,2,1,True
2025-10-04_ST_6,2025-10-04,ST,2025-26,14,60.0,144.5,3,3,1,True
2025-10-04_ST_7,2025-10-04,ST,2025-26,14,60.0,0.0,0,1,0,True
2025-10-04_ST_8,2025-10-04,ST,2025-26,12,60.0,106.5,3,3,1,True
2025-10-04_ST_9,2025-10-04,ST,2025-26,12,60.0,136.5,3,3,1,True
2025-10-08_HV_1,2025-10-08,HV,2025-26,11,60.0,49.5,1,2,1,True
2025-10-08_HV_2,2025-10-08,HV,2025-26,12,60.0,152.5,3,3,1,True
2025-10-08_HV_3,2025-10-08,HV,2025-26,12,60.0,219.0,3,3,1,True
2025-10-08_HV_4,2025-10-08,HV,2025-26,12,60.0,162.5,3,3,1,True
2025-10-08_HV_5,2025-10-08,HV,2025-26,12,60.0,0.0,0,1,0,True
2025-10-08_HV_6,2025-10-08,HV,2025-26,11,60.0,0.0,0,1,0,True
2025-10-08_HV_7,2025-10-08,HV,2025-26,12,60.0,56.5,1,2,1,True
2025-10-08_HV_8,2025-10-08,HV,2025-26,12,60.0,0.0,0,1,0,True
2025-10-08_HV_9,2025-10-08,HV,2025-26,12,60.0,203.5,3,3,1,True
2025-10-12_ST_1,2025-10-12,ST,2025-26,12,60.0,121.5,3,3,1,True
2025-10-12_ST_10,2025-10-12,ST,2025-26,14,60.0,0.0,0,0,0,True
2025-10-12_ST_2,2025-10-12,ST,2025-26,11,60.0,86.5,3,3,1,True
2025-10-12_ST_3,2025-10-12,ST,2025-26,12,60.0,0.0,0,1,0,True
2025-10-12_ST_4,2025-10-12,ST,2025-26,14,60.0,0.0,0,1,0,True
2025-10-12_ST_5,2025-10-12,ST,2025-26,12,60.0,0.0,0,1,0,True
2025-10-12_ST_6,2025-10-12,ST,2025-26,14,60.0,62.0,1,2,1,True
2025-10-12_ST_7,2025-10-12,ST,2025-26,11,60.0,34.0,1,2,1,True
2025-10-12_ST_8,2025-10-12,ST,2025-26,12,60.0,29.0,1,2,1,True
2025-10-12_ST_9,2025-10-12,ST,2025-26,12,60.0,0.0,0,1,0,True
2025-10-15_HV_1,2025-10-15,HV,2025-26,12,60.0,125.5,3,3,1,True
2025-10-15_HV_2,2025-10-15,HV,2025-26,12,60.0,0.0,0,1,0,True
2025-10-15_HV_3,2025-10-15,HV,2025-26,12,60.0,184.5,3,3,1,True
2025-10-15_HV_4,2025-10-15,HV,2025-26,12,60.0,0.0,0,1,0,True
2025-10-15_HV_5,2025-10-15,HV,2025-26,12,60.0,0.0,0,1,0,True
2025-10-15_HV_6,2025-10-15,HV,2025-26,12,60.0,82.0,3,3,1,True
2025-10-15_HV_7,2025-10-15,HV,2025-26,10,60.0,203.0,3,3,1,True
2025-10-15_HV_8,2025-10-15,HV,2025-26,12,60.0,0.0,0,1,0,True
2025-10-15_HV_9,2025-10-15,HV,2025-26,12,60.0,55.5,1,2,1,True
2025-10-19_ST_1,2025-10-19,ST,2025-26,14,60.0,0.0,0,1,0,True
2025-10-19_ST_10,2025-10-19,ST,2025-26,14,60.0,0.0,0,1,0,True
2025-10-19_ST_2,2025-10-19,ST,2025-26,14,60.0,48.5,1,2,1,True
2025-10-19_ST_3,2025-10-19,ST,2025-26,14,60.0,0.0,0,1,0,True
2025-10-19_ST_4,2025-10-19,ST,2025-26,14,60.0,0.0,0,1,0,True
2025-10-19_ST_5,2025-10-19,ST,2025-26,14,60.0,44.0,1,2,1,True
2025-10-19_ST_6,2025-10-19,ST,2025-26,12,60.0,38.5,1,2,1,True
2025-10-19_ST_7,2025-10-19,ST,2025-26,14,60.0,0.0,0,1,0,True
2025-10-19_ST_8,2025-10-19,ST,2025-26,11,60.0,108.5,3,3,1,True
2025-10-19_ST_9,2025-10-19,ST,2025-26,14,60.0,46.0,1,2,1,True
2025-10-22_HV_1,2025-10-22,HV,2025-26,12,60.0,67.0,1,2,1,True
2025-10-22_HV_2,2025-10-22,HV,2025-26,12,60.0,15.5,1,2,1,True
2025-10-22_HV_3,2025-10-22,HV,2025-26,12,60.0,0.0,0,1,0,True
2025-10-22_HV_4,2025-10-22,HV,2025-26,12,60.0,66.5,1,2,1,True
2025-10-22_HV_5,2025-10-22,HV,2025-26,12,60.0,48.5,1,2,1,True
2025-10-22_HV_6,2025-10-22,HV,2025-26,9,60.0,118.5,3,3,1,True
2025-10-22_HV_7,2025-10-22,HV,2025-26,12,60.0,0.0,0,1,0,True
2025-10-22_HV_8,2025-10-22,HV,2025-26,11,60.0,0.0,0,1,0,True
2025-10-22_HV_9,2025-10-22,HV,2025-26,12,60.0,22.0,1,2,1,True
2025-10-26_ST_1,2025-10-26,ST,2025-26,13,60.0,0.0,0,0,0,True
2025-10-26_ST_10,2025-10-26,ST,2025-26,13,60.0,67.0,1,2,1,True
2025-10-26_ST_2,2025-10-26,ST,2025-26,14,60.0,41.5,1,2,1,True
2025-10-26_ST_3,2025-10-26,ST,2025-26,14,60.0,0.0,0,1,0,True
2025-10-26_ST_4,2025-10-26,ST,2025-26,13,60.0,0.0,0,1,0,True
2025-10-26_ST_5,2025-10-26,ST,2025-26,14,60.0,0.0,0,0,0,True
2025-10-26_ST_6,2025-10-26,ST,2025-26,13,60.0,0.0,0,1,0,True
2025-10-26_ST_7,2025-10-26,ST,2025-26,13,60.0,80.5,1,2,1,True
2025-10-26_ST_8,2025-10-26,ST,2025-26,14,60.0,27.5,1,2,1,True
2025-10-26_ST_9,2025-10-26,ST,2025-26,13,60.0,0.0,0,1,0,True
2025-10-30_ST_1,2025-10-30,ST,2025-26,12,60.0,30.5,1,2,1,True
2025-10-30_ST_2,2025-10-30,ST,2025-26,12,60.0,36.0,1,2,1,True
2025-10-30_ST_3,2025-10-30,ST,2025-26,12,60.0,52.0,1,2,1,True
2025-10-30_ST_4,2025-10-30,ST,2025-26,12,60.0,50.0,1,2,1,True
2025-10-30_ST_5,2025-10-30,ST,2025-26,12,60.0,68.5,1,2,1,True
2025-10-30_ST_6,2025-10-30,ST,2025-26,14,60.0,0.0,0,1,0,True
2025-10-30_ST_7,2025-10-30,ST,2025-26,12,60.0,69.5,1,2,1,True
2025-10-30_ST_8,2025-10-30,ST,2025-26,14,60.0,78.5,1,2,1,True
2025-11-02_HV_1,2025-11-02,HV,2025-26,11,60.0,129.0,3,3,1,True
2025-11-02_HV_10,2025-11-02,HV,2025-26,12,60.0,0.0,0,1,0,True
2025-11-02_HV_2,2025-11-02,HV,2025-26,11,60.0,65.5,1,2,1,True
2025-11-02_HV_3,2025-11-02,HV,2025-26,12,60.0,81.5,1,2,1,True
2025-11-02_HV_4,2025-11-02,HV,2025-26,12,60.0,112.0,3,3,1,True
2025-11-02_HV_5,2025-11-02,HV,2025-26,12,60.0,46.5,1,2,1,True
2025-11-02_HV_6,2025-11-02,HV,2025-26,12,60.0,185.5,3,3,1,True
2025-11-02_HV_7,2025-11-02,HV,2025-26,12,60.0,39.0,1,2,1,True
2025-11-02_HV_8,2025-11-02,HV,2025-26,12,60.0,174.5,3,3,1,True
2025-11-02_HV_9,2025-11-02,HV,2025-26,12,60.0,124.0,3,3,1,True
2025-11-05_HV_1,2025-11-05,HV,2025-26,7,60.0,25.0,1,2,1,True
2025-11-05_HV_2,2025-11-05,HV,2025-26,12,60.0,36.5,1,2,1,True
2025-11-05_HV_3,2025-11-05,HV,2025-26,12,60.0,31.0,1,2,1,True
2025-11-05_HV_4,2025-11-05,HV,2025-26,12,60.0,0.0,0,1,0,True
2025-11-05_HV_5,2025-11-05,HV,2025-26,12,60.0,21.5,1,2,1,True
2025-11-05_HV_6,2025-11-05,HV,2025-26,12,60.0,0.0,0,1,0,True
2025-11-05_HV_7,2025-11-05,HV,2025-26,11,60.0,92.0,3,3,1,True
2025-11-05_HV_8,2025-11-05,HV,2025-26,12,60.0,68.0,1,2,1,True
2025-11-05_HV_9,2025-11-05,HV,2025-26,12,60.0,85.0,1,2,1,True
2025-11-09_ST_1,2025-11-09,ST,2025-26,14,60.0,0.0,0,0,0,True
2025-11-09_ST_10,2025-11-09,ST,2025-26,14,60.0,0.0,0,1,0,True
2025-11-09_ST_2,2025-11-09,ST,2025-26,14,60.0,0.0,0,0,0,True
2025-11-09_ST_3,2025-11-09,ST,2025-26,13,60.0,0.0,0,0,0,True
2025-11-09_ST_4,2025-11-09,ST,2025-26,14,60.0,0.0,0,1,0,True
2025-11-09_ST_5,2025-11-09,ST,2025-26,12,60.0,36.0,1,2,1,True
2025-11-09_ST_6,2025-11-09,ST,2025-26,12,60.0,49.5,1,2,1,True
2025-11-09_ST_7,2025-11-09,ST,2025-26,12,60.0,0.0,0,1,0,True
2025-11-09_ST_8,2025-11-09,ST,2025-26,14,60.0,0.0,0,1,0,True
2025-11-09_ST_9,2025-11-09,ST,2025-26,14,60.0,0.0,0,1,0,True
2025-11-12_HV_1,2025-11-12,HV,2025-26,12,60.0,154.0,3,3,1,True
2025-11-12_HV_2,2025-11-12,HV,2025-26,12,60.0,59.5,1,2,1,True
2025-11-12_HV_3,2025-11-12,HV,2025-26,12,60.0,193.0,3,3,1,True
2025-11-12_HV_4,2025-11-12,HV,2025-26,12,60.0,0.0,0,1,0,True
2025-11-12_HV_5,2025-11-12,HV,2025-26,12,60.0,41.5,1,2,1,True
2025-11-12_HV_6,2025-11-12,HV,2025-26,12,60.0,51.5,1,2,1,True
2025-11-12_HV_7,2025-11-12,HV,2025-26,12,60.0,181.0,3,3,1,True
2025-11-12_HV_8,2025-11-12,HV,2025-26,11,60.0,34.0,1,2,1,True
2025-11-12_HV_9,2025-11-12,HV,2025-26,11,60.0,67.5,1,2,1,True
2025-11-15_ST_1,2025-11-15,ST,2025-26,14,60.0,51.5,1,2,1,True
2025-11-15_ST_2,2025-11-15,ST,2025-26,14,60.0,0.0,0,1,0,True
2025-11-15_ST_3,2025-11-15,ST,2025-26,14,60.0,77.5,1,2,1,True
2025-11-15_ST_4,2025-11-15,ST,2025-26,14,60.0,61.5,1,2,1,True
2025-11-15_ST_5,2025-11-15,ST,2025-26,13,60.0,0.0,0,1,0,True
2025-11-15_ST_6,2025-11-15,ST,2025-26,14,60.0,0.0,0,1,0,True
2025-11-15_ST_7,2025-11-15,ST,2025-26,14,60.0,30.5,1,2,1,True
2025-11-15_ST_9,2025-11-15,ST,2025-26,14,60.0,46.0,1,2,1,True
2025-11-19_HV_1,2025-11-19,HV,2025-26,12,60.0,0.0,0,0,0,True
2025-11-19_HV_2,2025-11-19,HV,2025-26,12,60.0,148.5,3,3,1,True
2025-11-19_HV_3,2025-11-19,HV,2025-26,12,60.0,0.0,0,1,0,True
2025-11-19_HV_4,2025-11-19,HV,2025-26,12,60.0,38.0,1,2,1,True
2025-11-19_HV_5,2025-11-19,HV,2025-26,12,60.0,38.0,1,2,1,True
2025-11-19_HV_6,2025-11-19,HV,2025-26,12,60.0,0.0,0,1,0,True
2025-11-19_HV_7,2025-11-19,HV,2025-26,11,60.0,0.0,0,1,0,True
2025-11-19_HV_8,2025-11-19,HV,2025-26,12,60.0,0.0,0,1,0,True
2025-11-19_HV_9,2025-11-19,HV,2025-26,12,60.0,0.0,0,1,0,True
2025-11-23_ST_1,2025-11-23,ST,2025-26,14,60.0,80.5,1,2,1,True
2025-11-23_ST_10,2025-11-23,ST,2025-26,13,60.0,0.0,0,1,0,True
2025-11-23_ST_2,2025-11-23,ST,2025-26,14,60.0,34.0,1,2,1,True
2025-11-23_ST_3,2025-11-23,ST,2025-26,14,60.0,0.0,0,1,0,True
2025-11-23_ST_4,2025-11-23,ST,2025-26,14,60.0,0.0,0,1,0,True
2025-11-23_ST_5,2025-11-23,ST,2025-26,13,60.0,37.5,1,2,1,True
2025-11-23_ST_6,2025-11-23,ST,2025-26,10,60.0,165.5,3,3,1,True
2025-11-23_ST_7,2025-11-23,ST,2025-26,13,60.0,61.0,1,2,1,True
2025-11-23_ST_8,2025-11-23,ST,2025-26,9,60.0,12.5,1,2,1,True
2025-11-23_ST_9,2025-11-23,ST,2025-26,14,60.0,71.5,1,2,1,True
2025-11-26_HV_1,2025-11-26,HV,2025-26,12,60.0,0.0,0,1,0,True
2025-11-26_HV_2,2025-11-26,HV,2025-26,12,60.0,0.0,0,1,0,True
2025-11-26_HV_3,2025-11-26,HV,2025-26,12,60.0,0.0,0,1,0,True
2025-11-26_HV_4,2025-11-26,HV,2025-26,12,60.0,49.5,1,2,1,True
2025-11-26_HV_5,2025-11-26,HV,2025-26,12,60.0,81.0,1,2,1,True
2025-11-26_HV_6,2025-11-26,HV,2025-26,12,60.0,128.5,3,3,1,True
2025-11-26_HV_7,2025-11-26,HV,2025-26,12,60.0,0.0,0,1,0,True
2025-11-26_HV_8,2025-11-26,HV,2025-26,12,60.0,48.5,1,2,1,True
2025-11-26_HV_9,2025-11-26,HV,2025-26,12,60.0,125.5,1,2,1,True
2025-11-30_ST_1,2025-11-30,ST,2025-26,14,60.0,50.0,1,2,1,True
2025-11-30_ST_10,2025-11-30,ST,2025-26,14,60.0,45.0,1,2,1,True
2025-11-30_ST_2,2025-11-30,ST,2025-26,14,60.0,0.0,0,1,0,True
2025-11-30_ST_3,2025-11-30,ST,2025-26,12,60.0,54.5,1,2,1,True
2025-11-30_ST_4,2025-11-30,ST,2025-26,12,60.0,22.5,1,2,1,True
2025-11-30_ST_5,2025-11-30,ST,2025-26,14,60.0,29.5,1,2,1,True
2025-11-30_ST_6,2025-11-30,ST,2025-26,12,60.0,0.0,0,1,0,True
2025-11-30_ST_7,2025-11-30,ST,2025-26,14,60.0,40.5,1,2,1,True
2025-11-30_ST_8,2025-11-30,ST,2025-26,14,60.0,221.5,3,3,1,True
2025-11-30_ST_9,2025-11-30,ST,2025-26,12,60.0,29.0,1,2,1,True
2025-12-03_HV_1,2025-12-03,HV,2025-26,12,60.0,39.0,1,2,1,True
2025-12-03_HV_2,2025-12-03,HV,2025-26,12,60.0,0.0,0,1,0,True
2025-12-03_HV_3,2025-12-03,HV,2025-26,12,60.0,35.5,1,2,1,True
2025-12-03_HV_4,2025-12-03,HV,2025-26,12,60.0,0.0,0,1,0,True
2025-12-03_HV_5,2025-12-03,HV,2025-26,12,60.0,53.0,1,2,1,True
2025-12-03_HV_6,2025-12-03,HV,2025-26,12,60.0,49.0,1,2,1,True
2025-12-03_HV_7,2025-12-03,HV,2025-26,12,60.0,79.5,1,2,1,True
2025-12-03_HV_8,2025-12-03,HV,2025-26,12,60.0,159.0,3,3,1,True
2025-12-07_ST_1,2025-12-07,ST,2025-26,14,60.0,0.0,0,1,0,True
2025-12-07_ST_10,2025-12-07,ST,2025-26,14,60.0,142.0,3,3,1,True
2025-12-07_ST_2,2025-12-07,ST,2025-26,12,60.0,0.0,0,1,0,True
2025-12-07_ST_3,2025-12-07,ST,2025-26,12,60.0,41.0,1,2,1,True
2025-12-07_ST_4,2025-12-07,ST,2025-26,14,60.0,0.0,0,1,0,True
2025-12-07_ST_5,2025-12-07,ST,2025-26,14,60.0,24.5,1,2,1,True
2025-12-07_ST_6,2025-12-07,ST,2025-26,14,60.0,0.0,0,1,0,True
2025-12-07_ST_7,2025-12-07,ST,2025-26,12,60.0,0.0,0,1,0,True
2025-12-07_ST_8,2025-12-07,ST,2025-26,12,60.0,49.0,1,2,1,True
2025-12-07_ST_9,2025-12-07,ST,2025-26,13,60.0,44.0,1,2,1,True
2025-12-10_HV_1,2025-12-10,HV,2025-26,12,60.0,49.0,1,2,1,True
2025-12-10_HV_2,2025-12-10,HV,2025-26,12,60.0,38.5,1,2,1,True
2025-12-10_HV_3,2025-12-10,HV,2025-26,12,60.0,0.0,0,0,0,True
2025-12-10_HV_4,2025-12-10,HV,2025-26,12,60.0,91.5,1,2,1,True
2025-12-10_HV_5,2025-12-10,HV,2025-26,12,60.0,32.5,1,2,1,True
2025-12-10_HV_6,2025-12-10,HV,2025-26,12,60.0,38.5,1,2,1,True
2025-12-10_HV_7,2025-12-10,HV,2025-26,12,60.0,148.5,3,3,1,True
2025-12-10_HV_8,2025-12-10,HV,2025-26,12,60.0,0.0,0,1,0,True
2025-12-10_HV_9,2025-12-10,HV,2025-26,12,60.0,0.0,0,1,0,True
2025-12-14_ST_1,2025-12-14,ST,2025-26,14,60.0,70.0,1,2,1,True
2025-12-14_ST_10,2025-12-14,ST,2025-26,14,60.0,161.5,3,3,1,True
2025-12-14_ST_2,2025-12-14,ST,2025-26,13,60.0,76.5,1,2,1,True
2025-12-14_ST_3,2025-12-14,ST,2025-26,14,60.0,0.0,0,1,0,True
2025-12-14_ST_4,2025-12-14,ST,2025-26,11,60.0,23.5,1,2,1,True
2025-12-14_ST_5,2025-12-14,ST,2025-26,13,60.0,24.0,1,2,1,True
2025-12-14_ST_6,2025-12-14,ST,2025-26,14,60.0,100.0,1,2,1,True
2025-12-14_ST_7,2025-12-14,ST,2025-26,14,60.0,0.0,0,1,0,True
2025-12-14_ST_8,2025-12-14,ST,2025-26,7,60.0,55.5,3,3,1,True
2025-12-14_ST_9,2025-12-14,ST,2025-26,14,60.0,0.0,0,1,0,True
2025-12-17_HV_1,2025-12-17,HV,2025-26,12,60.0,185.0,3,3,1,True
2025-12-17_HV_2,2025-12-17,HV,2025-26,12,60.0,0.0,0,1,0,True
2025-12-17_HV_3,2025-12-17,HV,2025-26,12,60.0,0.0,0,1,0,True
2025-12-17_HV_4,2025-12-17,HV,2025-26,12,60.0,48.0,1,2,1,True
2025-12-17_HV_5,2025-12-17,HV,2025-26,12,60.0,0.0,0,1,0,True
2025-12-17_HV_6,2025-12-17,HV,2025-26,12,60.0,0.0,0,1,0,True
2025-12-17_HV_7,2025-12-17,HV,2025-26,12,60.0,0.0,0,1,0,True
2025-12-17_HV_8,2025-12-17,HV,2025-26,12,60.0,58.5,1,2,1,True
2025-12-17_HV_9,2025-12-17,HV,2025-26,12,60.0,60.0,1,2,1,True
2025-12-20_ST_1,2025-12-20,ST,2025-26,14,60.0,35.0,1,2,1,True
2025-12-20_ST_10,2025-12-20,ST,2025-26,14,60.0,56.5,1,2,1,True
2025-12-20_ST_11,2025-12-20,ST,2025-26,14,60.0,38.5,1,2,1,True
2025-12-20_ST_2,2025-12-20,ST,2025-26,12,60.0,52.5,1,2,1,True
2025-12-20_ST_3,2025-12-20,ST,2025-26,14,60.0,0.0,0,1,0,True
2025-12-20_ST_4,2025-12-20,ST,2025-26,14,60.0,0.0,0,1,0,True
2025-12-20_ST_5,2025-12-20,ST,2025-26,12,60.0,129.5,3,3,1,True
2025-12-20_ST_6,2025-12-20,ST,2025-26,14,60.0,151.0,3,3,1,True
2025-12-20_ST_7,2025-12-20,ST,2025-26,14,60.0,29.0,1,2,1,True
2025-12-20_ST_8,2025-12-20,ST,2025-26,11,60.0,0.0,0,1,0,True
2025-12-20_ST_9,2025-12-20,ST,2025-26,11,60.0,0.0,0,1,0,True
2025-12-23_HV_1,2025-12-23,HV,2025-26,12,60.0,0.0,0,1,0,True
2025-12-23_HV_2,2025-12-23,HV,2025-26,12,60.0,124.0,1,2,1,True
2025-12-23_HV_3,2025-12-23,HV,2025-26,12,60.0,0.0,0,1,0,True
2025-12-23_HV_4,2025-12-23,HV,2025-26,12,60.0,25.0,1,2,1,True
2025-12-23_HV_5,2025-12-23,HV,2025-26,12,60.0,48.0,1,2,1,True
2025-12-23_HV_6,2025-12-23,HV,2025-26,12,60.0,66.5,1,2,1,True
2025-12-23_HV_7,2025-12-23,HV,2025-26,12,60.0,0.0,0,1,0,True
2025-12-23_HV_8,2025-12-23,HV,2025-26,12,60.0,0.0,0,1,0,True
2025-12-23_HV_9,2025-12-23,HV,2025-26,12,60.0,63.5,1,2,1,True
2025-12-27_ST_1,2025-12-27,ST,2025-26,14,60.0,0.0,0,1,0,True
2025-12-27_ST_10,2025-12-27,ST,2025-26,14,60.0,54.0,1,2,1,True
2025-12-27_ST_2,2025-12-27,ST,2025-26,14,60.0,37.0,1,2,1,True
2025-12-27_ST_3,2025-12-27,ST,2025-26,9,60.0,48.0,1,2,1,True
2025-12-27_ST_4,2025-12-27,ST,2025-26,14,60.0,0.0,0,1,0,True
2025-12-27_ST_5,2025-12-27,ST,2025-26,14,60.0,0.0,0,1,0,True
2025-12-27_ST_6,2025-12-27,ST,2025-26,14,60.0,0.0,0,1,0,True
2025-12-27_ST_7,2025-12-27,ST,2025-26,14,60.0,0.0,0,1,0,True
2025-12-27_ST_8,2025-12-27,ST,2025-26,14,60.0,81.0,1,2,1,True
2025-12-27_ST_9,2025-12-27,ST,2025-26,14,60.0,52.5,1,2,1,True
2026-01-01_ST_1,2026-01-01,ST,2025-26,14,60.0,47.0,1,2,1,True
2026-01-01_ST_10,2026-01-01,ST,2025-26,14,60.0,66.5,1,2,1,True
2026-01-01_ST_11,2026-01-01,ST,2025-26,14,60.0,0.0,0,1,0,True
2026-01-01_ST_2,2026-01-01,ST,2025-26,14,60.0,0.0,0,0,0,True
2026-01-01_ST_3,2026-01-01,ST,2025-26,14,60.0,53.0,1,2,1,True
2026-01-01_ST_4,2026-01-01,ST,2025-26,14,60.0,114.0,3,3,1,True
2026-01-01_ST_5,2026-01-01,ST,2025-26,14,60.0,0.0,0,0,0,True
2026-01-01_ST_6,2026-01-01,ST,2025-26,14,60.0,123.0,1,2,1,True
2026-01-01_ST_7,2026-01-01,ST,2025-26,14,60.0,48.5,1,2,1,True
2026-01-01_ST_8,2026-01-01,ST,2025-26,12,60.0,0.0,0,1,0,True
2026-01-01_ST_9,2026-01-01,ST,2025-26,14,60.0,23.0,1,2,1,True
2026-01-04_ST_1,2026-01-04,ST,2025-26,14,60.0,59.0,1,2,1,True
2026-01-04_ST_10,2026-01-04,ST,2025-26,12,60.0,0.0,0,1,0,True
2026-01-04_ST_11,2026-01-04,ST,2025-26,14,60.0,0.0,0,1,0,True
2026-01-04_ST_2,2026-01-04,ST,2025-26,13,60.0,41.5,1,2,1,True
2026-01-04_ST_3,2026-01-04,ST,2025-26,12,60.0,0.0,0,1,0,True
2026-01-04_ST_4,2026-01-04,ST,2025-26,12,60.0,0.0,0,1,0,True
2026-01-04_ST_5,2026-01-04,ST,2025-26,14,60.0,46.0,1,2,1,True
2026-01-04_ST_6,2026-01-04,ST,2025-26,14,60.0,93.0,3,3,1,True
2026-01-04_ST_7,2026-01-04,ST,2025-26,10,60.0,119.0,3,3,1,True
2026-01-04_ST_8,2026-01-04,ST,2025-26,11,60.0,56.5,1,2,1,True
2026-01-04_ST_9,2026-01-04,ST,2025-26,12,60.0,176.0,3,3,1,True
2026-01-07_HV_1,2026-01-07,HV,2025-26,12,60.0,35.0,1,2,1,True
2026-01-07_HV_2,2026-01-07,HV,2025-26,12,60.0,75.0,1,2,1,True
2026-01-07_HV_3,2026-01-07,HV,2025-26,12,60.0,35.0,1,2,1,True
2026-01-07_HV_4,2026-01-07,HV,2025-26,12,60.0,61.0,1,2,1,True
2026-01-07_HV_5,2026-01-07,HV,2025-26,12,60.0,116.5,1,2,1,True
2026-01-07_HV_6,2026-01-07,HV,2025-26,12,60.0,52.0,1,2,1,True
2026-01-07_HV_7,2026-01-07,HV,2025-26,12,60.0,119.5,3,3,1,True
2026-01-07_HV_8,2026-01-07,HV,2025-26,12,60.0,155.5,3,3,1,True
2026-01-07_HV_9,2026-01-07,HV,2025-26,12,60.0,47.5,1,2,1,True
2026-01-11_ST_1,2026-01-11,ST,2025-26,12,60.0,73.5,1,2,1,True
2026-01-11_ST_10,2026-01-11,ST,2025-26,14,60.0,29.5,1,2,1,True
2026-01-11_ST_11,2026-01-11,ST,2025-26,13,60.0,41.425874811798835,1,2,1,True
2026-01-11_ST_2,2026-01-11,ST,2025-26,12,60.0,171.5,3,3,1,True
2026-01-11_ST_3,2026-01-11,ST,2025-26,12,60.0,32.0,1,2,1,True
2026-01-11_ST_4,2026-01-11,ST,2025-26,14,60.0,64.0,1,2,1,True
2026-01-11_ST_5,2026-01-11,ST,2025-26,14,60.0,153.5,3,3,1,True
2026-01-11_ST_6,2026-01-11,ST,2025-26,14,60.0,165.5,3,3,1,True
2026-01-11_ST_7,2026-01-11,ST,2025-26,12,60.0,0.0,0,1,0,True
2026-01-11_ST_8,2026-01-11,ST,2025-26,14,60.0,49.5,1,2,1,True
2026-01-11_ST_9,2026-01-11,ST,2025-26,14,60.0,0.0,0,1,0,True
2026-01-14_HV_1,2026-01-14,HV,2025-26,12,60.0,0.0,0,1,0,True
2026-01-14_HV_2,2026-01-14,HV,2025-26,12,60.0,0.0,0,1,0,True
2026-01-14_HV_3,2026-01-14,HV,2025-26,12,60.0,0.0,0,1,0,True
2026-01-14_HV_4,2026-01-14,HV,2025-26,12,60.0,90.0,1,2,1,True
2026-01-14_HV_5,2026-01-14,HV,2025-26,12,60.0,21.0,1,2,1,True
2026-01-14_HV_6,2026-01-14,HV,2025-26,12,60.0,36.0,1,2,1,True
2026-01-14_HV_7,2026-01-14,HV,2025-26,12,60.0,189.5,3,3,1,True
2026-01-14_HV_8,2026-01-14,HV,2025-26,12,60.0,47.0,1,2,1,True
2026-01-14_HV_9,2026-01-14,HV,2025-26,12,60.0,58.0,1,2,1,True
2026-01-18_ST_1,2026-01-18,ST,2025-26,14,60.0,0.0,0,1,0,True
2026-01-18_ST_10,2026-01-18,ST,2025-26,14,60.0,34.5,1,2,1,True
2026-01-18_ST_11,2026-01-18,ST,2025-26,14,60.0,0.0,0,1,0,True
2026-01-18_ST_2,2026-01-18,ST,2025-26,14,60.0,25.0,1,2,1,True
2026-01-18_ST_3,2026-01-18,ST,2025-26,11,60.0,40.0,1,2,1,True
2026-01-18_ST_4,2026-01-18,ST,2025-26,14,60.0,0.0,0,1,0,True
2026-01-18_ST_5,2026-01-18,ST,2025-26,14,60.0,48.5,1,2,1,True
2026-01-18_ST_6,2026-01-18,ST,2025-26,14,60.0,45.5,1,2,1,True
2026-01-18_ST_7,2026-01-18,ST,2025-26,14,60.0,212.0,3,3,1,True
2026-01-18_ST_8,2026-01-18,ST,2025-26,14,60.0,0.0,0,1,0,True
2026-01-18_ST_9,2026-01-18,ST,2025-26,14,60.0,37.5,1,2,1,True
2026-01-21_ST_1,2026-01-21,ST,2025-26,12,60.0,118.5,1,2,1,True
2026-01-21_ST_2,2026-01-21,ST,2025-26,14,60.0,108.5,1,2,1,True
2026-01-21_ST_3,2026-01-21,ST,2025-26,12,60.0,0.0,0,1,0,True
2026-01-21_ST_5,2026-01-21,ST,2025-26,12,60.0,98.5,3,3,1,True
2026-01-21_ST_6,2026-01-21,ST,2025-26,14,60.0,68.0,1,2,1,True
2026-01-21_ST_7,2026-01-21,ST,2025-26,13,60.0,111.0,3,3,1,True
2026-01-21_ST_8,2026-01-21,ST,2025-26,12,60.0,19.5,1,2,1,True
2026-01-21_ST_9,2026-01-21,ST,2025-26,14,60.0,93.5,3,3,1,True
2026-01-25_ST_1,2026-01-25,ST,2025-26,14,60.0,23.0,1,2,1,True
2026-01-25_ST_10,2026-01-25,ST,2025-26,14,60.0,18.5,1,2,1,True
2026-01-25_ST_11,2026-01-25,ST,2025-26,14,60.0,0.0,0,0,0,True
2026-01-25_ST_2,2026-01-25,ST,2025-26,14,60.0,193.5,3,3,1,True
2026-01-25_ST_3,2026-01-25,ST,2025-26,10,60.0,93.5,3,3,1,True
2026-01-25_ST_4,2026-01-25,ST,2025-26,14,60.0,42.5,1,2,1,True
2026-01-25_ST_5,2026-01-25,ST,2025-26,14,60.0,252.0,3,3,1,True
2026-01-25_ST_6,2026-01-25,ST,2025-26,7,60.0,70.5,3,3,1,True
2026-01-25_ST_7,2026-01-25,ST,2025-26,14,60.0,67.0,1,2,1,True
2026-01-25_ST_8,2026-01-25,ST,2025-26,9,60.0,14.0,1,2,1,True
2026-01-25_ST_9,2026-01-25,ST,2025-26,11,60.0,29.5,1,2,1,True
2026-01-28_HV_1,2026-01-28,HV,2025-26,12,60.0,56.5,1,2,1,True
2026-01-28_HV_2,2026-01-28,HV,2025-26,12,60.0,54.5,1,2,1,True
2026-01-28_HV_3,2026-01-28,HV,2025-26,12,60.0,37.0,1,2,1,True
2026-01-28_HV_4,2026-01-28,HV,2025-26,12,60.0,43.5,1,2,1,True
2026-01-28_HV_5,2026-01-28,HV,2025-26,12,60.0,163.5,3,3,1,True
2026-01-28_HV_6,2026-01-28,HV,2025-26,12,60.0,195.0,3,3,1,True
2026-01-28_HV_7,2026-01-28,HV,2025-26,12,60.0,55.5,1,2,1,True
2026-01-28_HV_8,2026-01-28,HV,2025-26,12,60.0,29.5,1,2,1,True
2026-01-28_HV_9,2026-01-28,HV,2025-26,12,60.0,59.5,1,2,1,True
2026-02-01_ST_1,2026-02-01,ST,2025-26,14,60.0,0.0,0,0,0,True
2026-02-01_ST_10,2026-02-01,ST,2025-26,14,60.0,0.0,0,1,0,True
2026-02-01_ST_11,2026-02-01,ST,2025-26,14,60.0,26.5,1,2,1,True
2026-02-01_ST_2,2026-02-01,ST,2025-26,14,60.0,0.0,0,1,0,True
2026-02-01_ST_4,2026-02-01,ST,2025-26,14,60.0,46.5,1,2,1,True
2026-02-01_ST_5,2026-02-01,ST,2025-26,14,60.0,35.0,1,2,1,True
2026-02-01_ST_6,2026-02-01,ST,2025-26,12,60.0,30.0,1,2,1,True
2026-02-01_ST_7,2026-02-01,ST,2025-26,14,60.0,0.0,0,1,0,True
2026-02-01_ST_8,2026-02-01,ST,2025-26,14,60.0,79.5,1,2,1,True
2026-02-01_ST_9,2026-02-01,ST,2025-26,14,60.0,61.5,1,2,1,True
2026-02-04_HV_1,2026-02-04,HV,2025-26,12,60.0,58.0,1,2,1,True
2026-02-04_HV_2,2026-02-04,HV,2025-26,12,60.0,44.0,1,2,1,True
2026-02-04_HV_3,2026-02-04,HV,2025-26,8,60.0,52.0,1,2,1,True
2026-02-04_HV_4,2026-02-04,HV,2025-26,12,60.0,26.0,1,2,1,True
2026-02-04_HV_5,2026-02-04,HV,2025-26,12,60.0,117.5,3,3,1,True
2026-02-04_HV_6,2026-02-04,HV,2025-26,11,60.0,30.0,1,2,1,True
2026-02-04_HV_7,2026-02-04,HV,2025-26,12,60.0,0.0,0,1,0,True
2026-02-04_HV_8,2026-02-04,HV,2025-26,10,60.0,62.0,1,2,1,True
2026-02-04_HV_9,2026-02-04,HV,2025-26,12,60.0,0.0,0,1,0,True
2026-02-08_ST_1,2026-02-08,ST,2025-26,14,60.0,71.0,1,2,1,True
2026-02-08_ST_10,2026-02-08,ST,2025-26,14,60.0,125.0,3,3,1,True
2026-02-08_ST_11,2026-02-08,ST,2025-26,14,60.0,55.5,1,2,1,True
2026-02-08_ST_2,2026-02-08,ST,2025-26,12,60.0,0.0,0,1,0,True
2026-02-08_ST_3,2026-02-08,ST,2025-26,13,60.0,27.5,1,2,1,True
2026-02-08_ST_4,2026-02-08,ST,2025-26,12,60.0,37.0,1,2,1,True
2026-02-08_ST_5,2026-02-08,ST,2025-26,14,60.0,72.0,1,2,1,True
2026-02-08_ST_6,2026-02-08,ST,2025-26,12,60.0,55.0,1,2,1,True
2026-02-08_ST_7,2026-02-08,ST,2025-26,12,60.0,0.0,0,0,0,True
2026-02-08_ST_8,2026-02-08,ST,2025-26,7,60.0,90.0,3,3,1,True
2026-02-08_ST_9,2026-02-08,ST,2025-26,12,60.0,85.0,1,2,1,True
2026-02-11_HV_1,2026-02-11,HV,2025-26,12,60.0,56.5,1,2,1,True
2026-02-11_HV_2,2026-02-11,HV,2025-26,12,60.0,63.0,1,2,1,True
2026-02-11_HV_3,2026-02-11,HV,2025-26,12,60.0,0.0,0,1,0,True
2026-02-11_HV_4,2026-02-11,HV,2025-26,11,60.0,45.5,1,2,1,True
2026-02-11_HV_5,2026-02-11,HV,2025-26,12,60.0,23.0,1,2,1,True
2026-02-11_HV_6,2026-02-11,HV,2025-26,12,60.0,34.5,1,2,1,True
2026-02-11_HV_7,2026-02-11,HV,2025-26,11,60.0,99.5,3,3,1,True
2026-02-11_HV_8,2026-02-11,HV,2025-26,12,60.0,51.5,1,2,1,True
2026-02-11_HV_9,2026-02-11,HV,2025-26,11,60.0,0.0,0,1,0,True
2026-02-14_ST_1,2026-02-14,ST,2025-26,12,60.0,0.0,0,1,0,True
2026-02-14_ST_10,2026-02-14,ST,2025-26,14,60.0,68.0,1,2,1,True
2026-02-14_ST_2,2026-02-14,ST,2025-26,14,60.0,37.0,1,2,1,True
2026-02-14_ST_3,2026-02-14,ST,2025-26,11,60.0,164.5,3,3,1,True
2026-02-14_ST_4,2026-02-14,ST,2025-26,14,60.0,34.5,1,2,1,True
2026-02-14_ST_5,2026-02-14,ST,2025-26,14,60.0,142.0,3,3,1,True
2026-02-14_ST_6,2026-02-14,ST,2025-26,14,60.0,0.0,0,1,0,True
2026-02-14_ST_7,2026-02-14,ST,2025-26,11,60.0,45.5,1,2,1,True
2026-02-14_ST_8,2026-02-14,ST,2025-26,14,60.0,0.0,0,1,0,True
2026-02-14_ST_9,2026-02-14,ST,2025-26,14,60.0,77.5,1,2,1,True
2026-02-19_ST_1,2026-02-19,ST,2025-26,14,60.0,37.5,1,2,1,True
2026-02-19_ST_10,2026-02-19,ST,2025-26,13,60.0,20.0,1,2,1,True
2026-02-19_ST_11,2026-02-19,ST,2025-26,13,60.0,42.0,1,2,1,True
2026-02-19_ST_2,2026-02-19,ST,2025-26,14,60.0,43.0,1,2,1,True
2026-02-19_ST_3,2026-02-19,ST,2025-26,14,60.0,0.0,0,1,0,True
2026-02-19_ST_4,2026-02-19,ST,2025-26,14,60.0,72.5,1,2,1,True
2026-02-19_ST_5,2026-02-19,ST,2025-26,14,60.0,110.5,3,3,1,True
2026-02-19_ST_6,2026-02-19,ST,2025-26,10,60.0,23.0,1,2,1,True
2026-02-19_ST_7,2026-02-19,ST,2025-26,14,60.0,210.0,3,3,1,True
2026-02-19_ST_8,2026-02-19,ST,2025-26,14,60.0,47.0,1,2,1,True
2026-02-19_ST_9,2026-02-19,ST,2025-26,14,60.0,53.5,1,2,1,True
2026-02-22_ST_1,2026-02-22,ST,2025-26,14,60.0,0.0,0,1,0,True
2026-02-22_ST_10,2026-02-22,ST,2025-26,14,60.0,0.0,0,1,0,True
2026-02-22_ST_11,2026-02-22,ST,2025-26,14,60.0,0.0,0,1,0,True
2026-02-22_ST_2,2026-02-22,ST,2025-26,14,60.0,57.5,1,2,1,True
2026-02-22_ST_3,2026-02-22,ST,2025-26,14,60.0,159.0,3,3,1,True
2026-02-22_ST_4,2026-02-22,ST,2025-26,7,60.0,20.5,1,2,1,True
2026-02-22_ST_5,2026-02-22,ST,2025-26,14,60.0,34.0,1,2,1,True
2026-02-22_ST_6,2026-02-22,ST,2025-26,14,60.0,126.0,3,3,1,True
2026-02-22_ST_7,2026-02-22,ST,2025-26,13,60.0,0.0,0,1,0,True
2026-02-22_ST_8,2026-02-22,ST,2025-26,10,60.0,74.0,3,3,1,True
2026-02-22_ST_9,2026-02-22,ST,2025-26,10,60.0,139.5,3,3,1,True
2026-02-25_HV_1,2026-02-25,HV,2025-26,12,60.0,0.0,0,1,0,True
2026-02-25_HV_2,2026-02-25,HV,2025-26,12,60.0,89.5,3,3,1,True
2026-02-25_HV_3,2026-02-25,HV,2025-26,7,60.0,71.0,3,3,1,True
2026-02-25_HV_4,2026-02-25,HV,2025-26,12,60.0,0.0,0,0,0,True
2026-02-25_HV_5,2026-02-25,HV,2025-26,12,60.0,52.0,1,2,1,True
2026-02-25_HV_6,2026-02-25,HV,2025-26,12,60.0,49.5,1,2,1,True
2026-02-25_HV_7,2026-02-25,HV,2025-26,12,60.0,0.0,0,1,0,True
2026-02-25_HV_8,2026-02-25,HV,2025-26,12,60.0,0.0,0,1,0,True
2026-02-25_HV_9,2026-02-25,HV,2025-26,12,60.0,0.0,0,1,0,True
2026-03-01_ST_1,2026-03-01,ST,2025-26,14,60.0,77.0,1,2,1,True
2026-03-01_ST_10,2026-03-01,ST,2025-26,14,60.0,0.0,0,1,0,True
2026-03-01_ST_11,2026-03-01,ST,2025-26,11,60.0,143.0,3,3,1,True
2026-03-01_ST_2,2026-03-01,ST,2025-26,14,60.0,242.0,3,3,1,True
2026-03-01_ST_3,2026-03-01,ST,2025-26,14,60.0,24.0,1,2,1,True
2026-03-01_ST_4,2026-03-01,ST,2025-26,14,60.0,51.5,1,2,1,True
2026-03-01_ST_5,2026-03-01,ST,2025-26,14,60.0,30.0,1,2,1,True
2026-03-01_ST_6,2026-03-01,ST,2025-26,11,60.0,42.5,1,2,1,True
2026-03-01_ST_8,2026-03-01,ST,2025-26,11,60.0,0.0,0,1,0,True
2026-03-01_ST_9,2026-03-01,ST,2025-26,14,60.0,0.0,0,0,0,True
2026-03-04_HV_1,2026-03-04,HV,2025-26,12,60.0,0.0,0,1,0,True
2026-03-04_HV_2,2026-03-04,HV,2025-26,12,60.0,65.0,1,2,1,True
2026-03-04_HV_3,2026-03-04,HV,2025-26,12,60.0,179.0,3,3,1,True
2026-03-04_HV_4,2026-03-04,HV,2025-26,11,60.0,118.0,3,3,1,True
2026-03-04_HV_5,2026-03-04,HV,2025-26,12,60.0,53.5,1,2,1,True
2026-03-04_HV_6,2026-03-04,HV,2025-26,10,60.0,48.0,1,2,1,True
2026-03-04_HV_7,2026-03-04,HV,2025-26,12,60.0,145.5,3,3,1,True
2026-03-04_HV_8,2026-03-04,HV,2025-26,10,60.0,252.5,3,3,1,True
2026-03-04_HV_9,2026-03-04,HV,2025-26,12,60.0,0.0,0,1,0,True
2026-03-08_ST_1,2026-03-08,ST,2025-26,13,60.0,0.0,0,1,0,True
2026-03-08_ST_10,2026-03-08,ST,2025-26,12,60.0,31.0,1,2,1,True
2026-03-08_ST_11,2026-03-08,ST,2025-26,14,60.0,30.0,1,2,1,True
2026-03-08_ST_2,2026-03-08,ST,2025-26,14,60.0,85.0,1,2,1,True
2026-03-08_ST_3,2026-03-08,ST,2025-26,11,60.0,0.0,0,1,0,True
2026-03-08_ST_4,2026-03-08,ST,2025-26,12,60.0,56.0,1,2,1,True
2026-03-08_ST_5,2026-03-08,ST,2025-26,14,60.0,62.5,1,2,1,True
2026-03-08_ST_6,2026-03-08,ST,2025-26,12,60.0,0.0,0,1,0,True
2026-03-08_ST_7,2026-03-08,ST,2025-26,10,60.0,0.0,0,1,0,True
2026-03-08_ST_8,2026-03-08,ST,2025-26,12,60.0,57.5,1,2,1,True
2026-03-08_ST_9,2026-03-08,ST,2025-26,14,60.0,45.0,1,2,1,True
2026-03-11_HV_1,2026-03-11,HV,2025-26,12,60.0,0.0,0,1,0,True
2026-03-11_HV_2,2026-03-11,HV,2025-26,11,60.0,29.5,1,2,1,True
2026-03-11_HV_3,2026-03-11,HV,2025-26,12,60.0,0.0,0,0,0,True
2026-03-11_HV_4,2026-03-11,HV,2025-26,12,60.0,0.0,0,1,0,True
2026-03-11_HV_5,2026-03-11,HV,2025-26,10,60.0,0.0,0,1,0,True
2026-03-11_HV_6,2026-03-11,HV,2025-26,12,60.0,0.0,0,1,0,True
2026-03-11_HV_7,2026-03-11,HV,2025-26,12,60.0,0.0,0,1,0,True
2026-03-11_HV_8,2026-03-11,HV,2025-26,11,60.0,70.0,1,2,1,True
2026-03-11_HV_9,2026-03-11,HV,2025-26,12,60.0,0.0,0,1,0,True
2026-03-15_ST_1,2026-03-15,ST,2025-26,14,60.0,0.0,0,1,0,True
2026-03-15_ST_10,2026-03-15,ST,2025-26,12,60.0,22.0,1,2,1,True
2026-03-15_ST_11,2026-03-15,ST,2025-26,12,60.0,152.0,3,3,1,True
2026-03-15_ST_2,2026-03-15,ST,2025-26,12,60.0,24.5,1,2,1,True
2026-03-15_ST_3,2026-03-15,ST,2025-26,12,60.0,0.0,0,1,0,True
2026-03-15_ST_4,2026-03-15,ST,2025-26,12,60.0,65.5,1,2,1,True
2026-03-15_ST_5,2026-03-15,ST,2025-26,14,60.0,0.0,0,1,0,True
2026-03-15_ST_6,2026-03-15,ST,2025-26,13,60.0,0.0,0,1,0,True
2026-03-15_ST_7,2026-03-15,ST,2025-26,14,60.0,35.5,1,2,1,True
2026-03-15_ST_8,2026-03-15,ST,2025-26,12,60.0,0.0,0,1,0,True
2026-03-15_ST_9,2026-03-15,ST,2025-26,14,60.0,68.5,1,2,1,True
2026-03-18_HV_1,2026-03-18,HV,2025-26,11,60.0,30.5,1,2,1,True
2026-03-18_HV_2,2026-03-18,HV,2025-26,12,60.0,63.5,1,2,1,True
2026-03-18_HV_3,2026-03-18,HV,2025-26,12,60.0,0.0,0,1,0,True
2026-03-18_HV_4,2026-03-18,HV,2025-26,12,60.0,23.5,1,2,1,True
2026-03-18_HV_5,2026-03-18,HV,2025-26,12,60.0,111.5,3,3,1,True
2026-03-18_HV_6,2026-03-18,HV,2025-26,12,60.0,0.0,0,1,0,True
2026-03-18_HV_7,2026-03-18,HV,2025-26,10,60.0,32.0,1,2,1,True
2026-03-18_HV_8,2026-03-18,HV,2025-26,12,60.0,188.0,3,3,1,True
2026-03-18_HV_9,2026-03-18,HV,2025-26,12,60.0,143.5,3,3,1,True
2026-03-22_ST_1,2026-03-22,ST,2025-26,14,60.0,93.0,1,2,1,True
2026-03-22_ST_10,2026-03-22,ST,2025-26,14,60.0,22.5,1,2,1,True
2026-03-22_ST_2,2026-03-22,ST,2025-26,13,60.0,16.0,1,2,1,True
2026-03-22_ST_3,2026-03-22,ST,2025-26,10,60.0,23.0,1,2,1,True
2026-03-22_ST_4,2026-03-22,ST,2025-26,14,60.0,38.0,1,2,1,True
2026-03-22_ST_5,2026-03-22,ST,2025-26,14,60.0,0.0,0,1,0,True
2026-03-22_ST_6,2026-03-22,ST,2025-26,10,60.0,203.5,3,3,1,True
2026-03-22_ST_7,2026-03-22,ST,2025-26,14,60.0,185.5,3,3,1,True
2026-03-22_ST_8,2026-03-22,ST,2025-26,13,60.0,0.0,0,1,0,True
2026-03-22_ST_9,2026-03-22,ST,2025-26,12,60.0,63.0,3,3,1,True
2026-03-25_HV_1,2026-03-25,HV,2025-26,12,60.0,73.5,1,2,1,True
2026-03-25_HV_2,2026-03-25,HV,2025-26,12,60.0,153.5,3,3,1,True
2026-03-25_HV_3,2026-03-25,HV,2025-26,12,60.0,39.5,1,2,1,True
2026-03-25_HV_4,2026-03-25,HV,2025-26,12,60.0,0.0,0,1,0,True
2026-03-25_HV_5,2026-03-25,HV,2025-26,11,60.0,156.5,3,3,1,True
2026-03-25_HV_6,2026-03-25,HV,2025-26,11,60.0,23.0,1,2,1,True
2026-03-25_HV_7,2026-03-25,HV,2025-26,12,60.0,26.0,1,2,1,True
2026-03-25_HV_8,2026-03-25,HV,2025-26,12,60.0,0.0,0,1,0,True
2026-03-25_HV_9,2026-03-25,HV,2025-26,12,60.0,49.0,1,2,1,True
2026-03-29_ST_1,2026-03-29,ST,2025-26,14,60.0,46.5,1,2,1,True
2026-03-29_ST_10,2026-03-29,ST,2025-26,13,60.0,147.5,3,3,1,True
2026-03-29_ST_11,2026-03-29,ST,2025-26,14,60.0,171.5,3,3,1,True
2026-03-29_ST_2,2026-03-29,ST,2025-26,14,60.0,27.0,1,2,1,True
2026-03-29_ST_3,2026-03-29,ST,2025-26,12,60.0,31.5,1,2,1,True
2026-03-29_ST_4,2026-03-29,ST,2025-26,9,60.0,21.5,1,2,1,True
2026-03-29_ST_5,2026-03-29,ST,2025-26,14,60.0,184.5,3,3,1,True
2026-03-29_ST_6,2026-03-29,ST,2025-26,14,60.0,0.0,0,1,0,True
2026-03-29_ST_7,2026-03-29,ST,2025-26,14,60.0,225.5,3,3,1,True
2026-03-29_ST_8,2026-03-29,ST,2025-26,11,60.0,0.0,0,1,0,True
2026-03-29_ST_9,2026-03-29,ST,2025-26,10,60.0,46.0,1,2,1,True
2026-04-01_ST_1,2026-04-01,ST,2025-26,12,60.0,0.0,0,1,0,True
2026-04-01_ST_2,2026-04-01,ST,2025-26,14,60.0,92.5,1,2,1,True
2026-04-01_ST_3,2026-04-01,ST,2025-26,14,60.0,0.0,0,0,0,True
2026-04-01_ST_4,2026-04-01,ST,2025-26,12,60.0,93.5,3,3,1,True
2026-04-01_ST_5,2026-04-01,ST,2025-26,14,60.0,0.0,0,1,0,True
2026-04-01_ST_6,2026-04-01,ST,2025-26,12,60.0,65.5,1,2,1,True
2026-04-01_ST_7,2026-04-01,ST,2025-26,12,60.0,0.0,0,1,0,True
2026-04-01_ST_8,2026-04-01,ST,2025-26,10,60.0,200.0,3,3,1,True
2026-04-01_ST_9,2026-04-01,ST,2025-26,14,60.0,0.0,0,1,0,True
2026-04-06_ST_1,2026-04-06,ST,2025-26,14,60.0,38.0,1,2,1,True
2026-04-06_ST_10,2026-04-06,ST,2025-26,10,60.0,15.5,1,2,1,True
2026-04-06_ST_11,2026-04-06,ST,2025-26,11,60.0,85.5,1,2,1,True
2026-04-06_ST_2,2026-04-06,ST,2025-26,14,60.0,171.0,1,2,1,True
2026-04-06_ST_3,2026-04-06,ST,2025-26,13,60.0,76.5,1,2,1,True
2026-04-06_ST_4,2026-04-06,ST,2025-26,13,60.0,161.0,1,2,1,True
2026-04-06_ST_5,2026-04-06,ST,2025-26,14,60.0,0.0,0,1,0,True
2026-04-06_ST_6,2026-04-06,ST,2025-26,12,60.0,30.0,1,2,1,True
2026-04-06_ST_7,2026-04-06,ST,2025-26,7,60.0,74.0,3,3,1,True
2026-04-06_ST_8,2026-04-06,ST,2025-26,10,60.0,25.5,1,2,1,True
2026-04-06_ST_9,2026-04-06,ST,2025-26,14,60.0,152.0,3,3,1,True
2026-04-08_HV_1,2026-04-08,HV,2025-26,12,60.0,65.0,1,2,1,True
2026-04-08_HV_2,2026-04-08,HV,2025-26,12,60.0,43.0,1,2,1,True
2026-04-08_HV_3,2026-04-08,HV,2025-26,12,60.0,79.0,1,2,1,True
2026-04-08_HV_4,2026-04-08,HV,2025-26,12,60.0,144.0,3,3,1,True
2026-04-08_HV_5,2026-04-08,HV,2025-26,12,60.0,192.5,3,3,1,True
2026-04-08_HV_6,2026-04-08,HV,2025-26,12,60.0,30.0,1,2,1,True
2026-04-08_HV_7,2026-04-08,HV,2025-26,12,60.0,22.5,1,2,1,True
2026-04-08_HV_8,2026-04-08,HV,2025-26,12,60.0,167.5,3,3,1,True
2026-04-08_HV_9,2026-04-08,HV,2025-26,12,60.0,47.5,1,2,1,True
2026-04-12_ST_10,2026-04-12,ST,2025-26,11,60.0,0.0,0,0,0,True
2026-04-12_ST_11,2026-04-12,ST,2025-26,12,60.0,30.5,1,2,1,True
2026-04-12_ST_2,2026-04-12,ST,2025-26,14,60.0,33.5,1,2,1,True
2026-04-12_ST_3,2026-04-12,ST,2025-26,14,60.0,0.0,0,1,0,True
2026-04-12_ST_4,2026-04-12,ST,2025-26,14,60.0,41.5,1,2,1,True
2026-04-12_ST_5,2026-04-12,ST,2025-26,12,60.0,0.0,0,1,0,True
2026-04-12_ST_6,2026-04-12,ST,2025-26,12,60.0,108.5,3,3,1,True
2026-04-12_ST_7,2026-04-12,ST,2025-26,14,60.0,88.5,1,2,1,True
2026-04-12_ST_8,2026-04-12,ST,2025-26,12,60.0,0.0,0,1,0,True
2026-04-12_ST_9,2026-04-12,ST,2025-26,12,60.0,89.0,1,2,1,True
2026-04-15_HV_1,2026-04-15,HV,2025-26,12,60.0,122.5,3,3,1,True
2026-04-15_HV_2,2026-04-15,HV,2025-26,12,60.0,0.0,0,1,0,True
2026-04-15_HV_3,2026-04-15,HV,2025-26,12,60.0,45.0,1,2,1,True
2026-04-15_HV_4,2026-04-15,HV,2025-26,12,60.0,0.0,0,1,0,True
2026-04-15_HV_5,2026-04-15,HV,2025-26,11,60.0,155.5,3,3,1,True
2026-04-15_HV_6,2026-04-15,HV,2025-26,10,60.0,51.0,1,2,1,True
2026-04-15_HV_7,2026-04-15,HV,2025-26,12,60.0,0.0,0,1,0,True
2026-04-15_HV_8,2026-04-15,HV,2025-26,11,60.0,31.5,1,2,1,True
2026-04-15_HV_9,2026-04-15,HV,2025-26,12,60.0,0.0,0,1,0,True
2026-04-19_ST_1,2026-04-19,ST,2025-26,14,60.0,158.5,3,3,1,True
2026-04-19_ST_10,2026-04-19,ST,2025-26,12,60.0,38.5,1,2,1,True
2026-04-19_ST_11,2026-04-19,ST,2025-26,14,60.0,0.0,0,1,0,True
2026-04-19_ST_2,2026-04-19,ST,2025-26,12,60.0,0.0,0,1,0,True
2026-04-19_ST_3,2026-04-19,ST,2025-26,14,60.0,0.0,0,1,0,True
2026-04-19_ST_4,2026-04-19,ST,2025-26,14,60.0,72.5,1,2,1,True
2026-04-19_ST_5,2026-04-19,ST,2025-26,14,60.0,29.5,1,2,1,True
2026-04-19_ST_6,2026-04-19,ST,2025-26,14,60.0,53.5,1,2,1,True
2026-04-19_ST_7,2026-04-19,ST,2025-26,12,60.0,0.0,0,1,0,True
2026-04-19_ST_8,2026-04-19,ST,2025-26,9,60.0,20.5,1,2,1,True
2026-04-19_ST_9,2026-04-19,ST,2025-26,12,60.0,39.0,1,2,1,True
2026-04-22_HV_1,2026-04-22,HV,2025-26,12,60.0,39.5,1,2,1,True
2026-04-22_HV_2,2026-04-22,HV,2025-26,11,60.0,27.0,1,2,1,True
2026-04-22_HV_3,2026-04-22,HV,2025-26,12,60.0,0.0,0,0,0,True
2026-04-22_HV_4,2026-04-22,HV,2025-26,12,60.0,34.5,1,2,1,True
2026-04-22_HV_5,2026-04-22,HV,2025-26,12,60.0,23.0,1,2,1,True
2026-04-22_HV_6,2026-04-22,HV,2025-26,12,60.0,77.0,1,2,1,True
2026-04-22_HV_7,2026-04-22,HV,2025-26,12,60.0,31.5,1,2,1,True
2026-04-22_HV_8,2026-04-22,HV,2025-26,12,60.0,28.5,1,2,1,True
2026-04-22_HV_9,2026-04-22,HV,2025-26,12,60.0,0.0,0,1,0,True
2026-04-26_ST_1,2026-04-26,ST,2025-26,14,60.0,38.5,1,2,1,True
2026-04-26_ST_10,2026-04-26,ST,2025-26,14,60.0,75.5,1,2,1,True
2026-04-26_ST_11,2026-04-26,ST,2025-26,14,60.0,126.5,3,3,1,True
2026-04-26_ST_2,2026-04-26,ST,2025-26,14,60.0,144.5,3,3,1,True
2026-04-26_ST_3,2026-04-26,ST,2025-26,14,60.0,146.5,3,3,1,True
2026-04-26_ST_4,2026-04-26,ST,2025-26,14,60.0,0.0,0,1,0,True
2026-04-26_ST_5,2026-04-26,ST,2025-26,8,60.0,18.0,1,2,1,True
2026-04-26_ST_6,2026-04-26,ST,2025-26,14,60.0,58.5,1,2,1,True
2026-04-26_ST_7,2026-04-26,ST,2025-26,14,60.0,0.0,0,1,0,True
2026-04-26_ST_8,2026-04-26,ST,2025-26,14,60.0,44.5,1,2,1,True
2026-04-26_ST_9,2026-04-26,ST,2025-26,8,60.0,61.0,3,3,1,True
2026-04-29_HV_1,2026-04-29,HV,2025-26,12,60.0,83.0,1,2,1,True
2026-04-29_HV_2,2026-04-29,HV,2025-26,12,60.0,63.0,1,2,1,True
2026-04-29_HV_3,2026-04-29,HV,2025-26,12,60.0,0.0,0,0,0,True
2026-04-29_HV_4,2026-04-29,HV,2025-26,12,60.0,98.5,3,3,1,True
2026-04-29_HV_5,2026-04-29,HV,2025-26,12,60.0,136.0,3,3,1,True
2026-04-29_HV_6,2026-04-29,HV,2025-26,12,60.0,0.0,0,1,0,True
2026-04-29_HV_7,2026-04-29,HV,2025-26,10,60.0,37.0,1,2,1,True
2026-04-29_HV_8,2026-04-29,HV,2025-26,12,60.0,0.0,0,1,0,True
2026-04-29_HV_9,2026-04-29,HV,2025-26,12,60.0,33.0,1,2,1,True
2026-05-03_ST_1,2026-05-03,ST,2025-26,14,60.0,0.0,0,1,0,True
2026-05-03_ST_10,2026-05-03,ST,2025-26,14,60.0,34.5,1,2,1,True
2026-05-03_ST_11,2026-05-03,ST,2025-26,13,60.0,45.0,1,2,1,True
2026-05-03_ST_2,2026-05-03,ST,2025-26,14,60.0,153.0,3,3,1,True
2026-05-03_ST_3,2026-05-03,ST,2025-26,13,60.0,250.0,3,3,1,True
2026-05-03_ST_4,2026-05-03,ST,2025-26,14,60.0,34.5,1,2,1,True
2026-05-03_ST_5,2026-05-03,ST,2025-26,14,60.0,130.0,3,3,1,True
2026-05-03_ST_6,2026-05-03,ST,2025-26,7,60.0,30.5,1,2,1,True
2026-05-03_ST_7,2026-05-03,ST,2025-26,14,60.0,40.0,1,2,1,True
2026-05-03_ST_8,2026-05-03,ST,2025-26,11,60.0,40.5,1,2,1,True
2026-05-03_ST_9,2026-05-03,ST,2025-26,11,60.0,250.0,3,3,1,True
2026-05-06_ST_1,2026-05-06,ST,2025-26,14,60.0,28.0,1,2,1,True
2026-05-06_ST_2,2026-05-06,ST,2025-26,12,60.0,34.0,1,2,1,True
2026-05-06_ST_3,2026-05-06,ST,2025-26,12,60.0,26.5,1,2,1,True
2026-05-06_ST_4,2026-05-06,ST,2025-26,11,60.0,34.0,1,2,1,True
2026-05-06_ST_5,2026-05-06,ST,2025-26,12,60.0,143.5,3,3,1,True
2026-05-06_ST_6,2026-05-06,ST,2025-26,13,60.0,0.0,0,0,0,True
2026-05-06_ST_7,2026-05-06,ST,2025-26,12,60.0,83.5,1,2,1,True
2026-05-06_ST_8,2026-05-06,ST,2025-26,13,60.0,50.0,1,2,1,True
2026-05-06_ST_9,2026-05-06,ST,2025-26,12,60.0,110.0,3,3,1,True
2026-05-09_ST_1,2026-05-09,ST,2025-26,10,60.0,0.0,0,1,0,True
2026-05-09_ST_10,2026-05-09,ST,2025-26,14,60.0,166.5,3,3,1,True
2026-05-09_ST_11,2026-05-09,ST,2025-26,12,60.0,0.0,0,1,0,True
2026-05-09_ST_2,2026-05-09,ST,2025-26,12,60.0,32.5,1,2,1,True
2026-05-09_ST_3,2026-05-09,ST,2025-26,13,60.0,198.0,3,3,1,True
2026-05-09_ST_4,2026-05-09,ST,2025-26,14,60.0,0.0,0,1,0,True
2026-05-09_ST_5,2026-05-09,ST,2025-26,12,60.0,0.0,0,0,0,True
2026-05-09_ST_6,2026-05-09,ST,2025-26,14,60.0,46.5,1,2,1,True
2026-05-09_ST_7,2026-05-09,ST,2025-26,14,60.0,0.0,0,0,0,True
2026-05-09_ST_8,2026-05-09,ST,2025-26,12,60.0,64.5,1,2,1,True
2026-05-09_ST_9,2026-05-09,ST,2025-26,14,60.0,0.0,0,1,0,True
2026-05-13_HV_1,2026-05-13,HV,2025-26,12,60.0,0.0,0,1,0,True
2026-05-13_HV_2,2026-05-13,HV,2025-26,12,60.0,30.5,1,2,1,True
2026-05-13_HV_3,2026-05-13,HV,2025-26,9,60.0,90.5,3,3,1,True
2026-05-13_HV_4,2026-05-13,HV,2025-26,12,60.0,0.0,0,1,0,True
2026-05-13_HV_5,2026-05-13,HV,2025-26,9,60.0,73.5,3,3,1,True
2026-05-13_HV_6,2026-05-13,HV,2025-26,12,60.0,56.5,1,2,1,True
2026-05-13_HV_7,2026-05-13,HV,2025-26,12,60.0,0.0,0,1,0,True
2026-05-13_HV_8,2026-05-13,HV,2025-26,12,60.0,27.0,1,2,1,True
2026-05-13_HV_9,2026-05-13,HV,2025-26,11,60.0,59.5,1,2,1,True
2026-05-17_ST_1,2026-05-17,ST,2025-26,14,60.0,56.0,1,2,1,True
2026-05-17_ST_10,2026-05-17,ST,2025-26,14,60.0,163.0,3,3,1,True
2026-05-17_ST_11,2026-05-17,ST,2025-26,14,60.0,61.0,1,2,1,True
2026-05-17_ST_2,2026-05-17,ST,2025-26,14,60.0,281.5,3,3,1,True
2026-05-17_ST_3,2026-05-17,ST,2025-26,12,60.0,0.0,0,1,0,True
2026-05-17_ST_4,2026-05-17,ST,2025-26,12,60.0,57.5,1,2,1,True
2026-05-17_ST_5,2026-05-17,ST,2025-26,12,60.0,25.0,1,2,1,True
2026-05-17_ST_6,2026-05-17,ST,2025-26,12,60.0,46.0,1,2,1,True
2026-05-17_ST_7,2026-05-17,ST,2025-26,14,60.0,165.0,3,3,1,True
2026-05-17_ST_8,2026-05-17,ST,2025-26,14,60.0,68.0,1,2,1,True
2026-05-17_ST_9,2026-05-17,ST,2025-26,14,60.0,0.0,0,1,0,True
2026-05-20_HV_1,2026-05-20,HV,2025-26,12,60.0,133.5,3,3,1,True
2026-05-20_HV_2,2026-05-20,HV,2025-26,12,60.0,27.5,1,2,1,True
2026-05-20_HV_3,2026-05-20,HV,2025-26,12,60.0,39.0,1,2,1,True
2026-05-20_HV_4,2026-05-20,HV,2025-26,12,60.0,0.0,0,1,0,True
2026-05-20_HV_5,2026-05-20,HV,2025-26,12,60.0,0.0,0,1,0,True
2026-05-20_HV_6,2026-05-20,HV,2025-26,12,60.0,45.0,1,2,1,True
2026-05-20_HV_7,2026-05-20,HV,2025-26,12,60.0,49.0,1,2,1,True
2026-05-20_HV_8,2026-05-20,HV,2025-26,12,60.0,98.0,3,3,1,True
2026-05-20_HV_9,2026-05-20,HV,2025-26,12,60.0,0.0,0,1,0,True
2026-05-24_ST_1,2026-05-24,ST,2025-26,14,60.0,45.0,1,2,1,True
2026-05-24_ST_10,2026-05-24,ST,2025-26,14,60.0,0.0,0,1,0,True
2026-05-24_ST_11,2026-05-24,ST,2025-26,13,60.0,35.5,1,2,1,True
2026-05-24_ST_2,2026-05-24,ST,2025-26,14,60.0,144.0,3,3,1,True
2026-05-24_ST_3,2026-05-24,ST,2025-26,14,60.0,0.0,0,0,0,True
2026-05-24_ST_4,2026-05-24,ST,2025-26,14,60.0,0.0,0,1,0,True
2026-05-24_ST_5,2026-05-24,ST,2025-26,14,60.0,0.0,0,1,0,True
2026-05-24_ST_6,2026-05-24,ST,2025-26,14,60.0,0.0,0,1,0,True
2026-05-24_ST_7,2026-05-24,ST,2025-26,14,60.0,0.0,0,0,0,True
2026-05-24_ST_8,2026-05-24,ST,2025-26,9,60.0,22.0,1,2,1,True
2026-05-24_ST_9,2026-05-24,ST,2025-26,11,60.0,126.0,3,3,1,True
2026-05-27_HV_1,2026-05-27,HV,2025-26,12,60.0,31.5,1,2,1,True
2026-05-27_HV_2,2026-05-27,HV,2025-26,12,60.0,36.5,1,2,1,True
2026-05-27_HV_3,2026-05-27,HV,2025-26,12,60.0,32.5,1,2,1,True
2026-05-27_HV_4,2026-05-27,HV,2025-26,12,60.0,0.0,0,1,0,True
2026-05-27_HV_5,2026-05-27,HV,2025-26,10,60.0,0.0,0,1,0,True
2026-05-27_HV_6,2026-05-27,HV,2025-26,11,60.0,42.5,1,2,1,True
2026-05-27_HV_7,2026-05-27,HV,2025-26,11,60.0,0.0,0,1,0,True
2026-05-27_HV_8,2026-05-27,HV,2025-26,12,60.0,48.0,1,2,1,True
2026-05-27_HV_9,2026-05-27,HV,2025-26,12,60.0,0.0,0,1,0,True
2026-05-31_ST_1,2026-05-31,ST,2025-26,14,60.0,55.0,1,2,1,True
2026-05-31_ST_10,2026-05-31,ST,2025-26,13,60.0,56.5,1,2,1,True
2026-05-31_ST_11,2026-05-31,ST,2025-26,14,60.0,27.5,1,2,1,True
2026-05-31_ST_2,2026-05-31,ST,2025-26,14,60.0,0.0,0,1,0,True
2026-05-31_ST_3,2026-05-31,ST,2025-26,14,60.0,54.0,1,2,1,True
2026-05-31_ST_4,2026-05-31,ST,2025-26,14,60.0,48.0,1,2,1,True
2026-05-31_ST_5,2026-05-31,ST,2025-26,14,60.0,51.0,1,2,1,True
2026-05-31_ST_6,2026-05-31,ST,2025-26,14,60.0,64.5,1,2,1,True
2026-05-31_ST_7,2026-05-31,ST,2025-26,9,60.0,0.0,0,1,0,True
2026-05-31_ST_8,2026-05-31,ST,2025-26,14,60.0,34.5,1,2,1,True
2026-05-31_ST_9,2026-05-31,ST,2025-26,10,60.0,0.0,0,1,0,True
2026-06-03_HV_1,2026-06-03,HV,2025-26,12,60.0,48.0,1,2,1,True
2026-06-03_HV_2,2026-06-03,HV,2025-26,12,60.0,0.0,0,1,0,True
2026-06-03_HV_3,2026-06-03,HV,2025-26,12,60.0,63.0,1,2,1,True
2026-06-03_HV_4,2026-06-03,HV,2025-26,12,60.0,0.0,0,0,0,True
2026-06-03_HV_5,2026-06-03,HV,2025-26,12,60.0,88.5,3,3,1,True
2026-06-03_HV_6,2026-06-03,HV,2025-26,12,60.0,38.0,1,2,1,True
2026-06-03_HV_7,2026-06-03,HV,2025-26,12,60.0,64.5,1,2,1,True
2026-06-03_HV_8,2026-06-03,HV,2025-26,11,60.0,64.5,1,2,1,True
2026-06-03_HV_9,2026-06-03,HV,2025-26,12,60.0,46.0,1,2,1,True
2026-06-07_ST_1,2026-06-07,ST,2025-26,12,60.0,32.5,1,2,1,True
2026-06-07_ST_10,2026-06-07,ST,2025-26,12,60.0,43.0,1,2,1,True
2026-06-07_ST_11,2026-06-07,ST,2025-26,14,60.0,40.0,1,2,1,True
2026-06-07_ST_2,2026-06-07,ST,2025-26,14,60.0,42.5,1,2,1,True
2026-06-07_ST_3,2026-06-07,ST,2025-26,12,60.0,19.5,1,2,1,True
2026-06-07_ST_4,2026-06-07,ST,2025-26,14,60.0,74.0,1,2,1,True
2026-06-07_ST_5,2026-06-07,ST,2025-26,14,60.0,0.0,0,0,0,True
2026-06-07_ST_6,2026-06-07,ST,2025-26,14,60.0,0.0,0,1,0,True
2026-06-07_ST_7,2026-06-07,ST,2025-26,11,60.0,45.0,1,2,1,True
2026-06-07_ST_8,2026-06-07,ST,2025-26,14,60.0,0.0,0,1,0,True
2026-06-07_ST_9,2026-06-07,ST,2025-26,12,60.0,37.0,1,2,1,True
2026-06-10_HV_1,2026-06-10,HV,2025-26,12,60.0,44.0,1,2,1,True
2026-06-10_HV_2,2026-06-10,HV,2025-26,10,60.0,22.5,1,2,1,True
2026-06-10_HV_3,2026-06-10,HV,2025-26,12,60.0,0.0,0,1,0,True
2026-06-10_HV_4,2026-06-10,HV,2025-26,12,60.0,106.0,1,2,1,True
2026-06-10_HV_5,2026-06-10,HV,2025-26,12,60.0,61.5,1,2,1,True
2026-06-10_HV_6,2026-06-10,HV,2025-26,12,60.0,206.5,3,3,1,True
2026-06-10_HV_7,2026-06-10,HV,2025-26,12,60.0,0.0,0,1,0,True
2026-06-10_HV_8,2026-06-10,HV,2025-26,12,60.0,143.5,3,3,1,True
2026-06-10_HV_9,2026-06-10,HV,2025-26,12,60.0,34.0,1,2,1,True
2026-06-13_ST_1,2026-06-13,ST,2025-26,7,60.0,70.5,3,3,1,True
2026-06-13_ST_10,2026-06-13,ST,2025-26,13,60.0,53.0,1,2,1,True
2026-06-13_ST_11,2026-06-13,ST,2025-26,14,60.0,32.0,1,2,1,True
2026-06-13_ST_2,2026-06-13,ST,2025-26,11,60.0,50.5,1,2,1,True
2026-06-13_ST_3,2026-06-13,ST,2025-26,14,60.0,0.0,0,1,0,True
2026-06-13_ST_4,2026-06-13,ST,2025-26,14,60.0,44.5,1,2,1,True
2026-06-13_ST_5,2026-06-13,ST,2025-26,12,60.0,68.0,1,2,1,True
2026-06-13_ST_6,2026-06-13,ST,2025-26,13,60.0,19.5,1,2,1,True
2026-06-13_ST_7,2026-06-13,ST,2025-26,12,60.0,90.0,3,3,1,True
2026-06-13_ST_8,2026-06-13,ST,2025-26,9,60.0,0.0,0,1,0,True
2026-06-13_ST_9,2026-06-13,ST,2025-26,12,60.0,0.0,0,1,0,True
2026-06-21_ST_1,2026-06-21,ST,2025-26,14,60.0,47.0,1,2,1,True
2026-06-21_ST_10,2026-06-21,ST,2025-26,14,60.0,53.0,1,2,1,True
2026-06-21_ST_11,2026-06-21,ST,2025-26,14,60.0,0.0,0,0,0,True
2026-06-21_ST_2,2026-06-21,ST,2025-26,14,60.0,35.5,1,2,1,True
2026-06-21_ST_3,2026-06-21,ST,2025-26,14,60.0,29.5,1,2,1,True
2026-06-21_ST_4,2026-06-21,ST,2025-26,14,60.0,23.5,1,2,1,True
2026-06-21_ST_5,2026-06-21,ST,2025-26,14,60.0,117.5,3,3,1,True
2026-06-21_ST_6,2026-06-21,ST,2025-26,13,60.0,0.0,0,1,0,True
2026-06-21_ST_7,2026-06-21,ST,2025-26,10,60.0,0.0,0,1,0,True
2026-06-21_ST_8,2026-06-21,ST,2025-26,13,60.0,0.0,0,1,0,True
2026-06-21_ST_9,2026-06-21,ST,2025-26,11,60.0,0.0,0,1,0,True
2026-06-24_HV_1,2026-06-24,HV,2025-26,12,60.0,0.0,0,1,0,True
2026-06-24_HV_2,2026-06-24,HV,2025-26,12,60.0,61.0,1,2,1,True
2026-06-24_HV_3,2026-06-24,HV,2025-26,12,60.0,54.0,1,2,1,True
2026-06-24_HV_4,2026-06-24,HV,2025-26,12,60.0,0.0,0,1,0,True
2026-06-24_HV_5,2026-06-24,HV,2025-26,12,60.0,27.5,1,2,1,True
2026-06-24_HV_6,2026-06-24,HV,2025-26,12,60.0,0.0,0,1,0,True
2026-06-24_HV_7,2026-06-24,HV,2025-26,12,60.0,0.0,0,1,0,True
2026-06-24_HV_8,2026-06-24,HV,2025-26,12,60.0,26.0,1,2,1,True
2026-06-24_HV_9,2026-06-24,HV,2025-26,11,60.0,0.0,0,1,0,True
2026-06-27_ST_1,2026-06-27,ST,2025-26,14,60.0,0.0,0,1,0,True
2026-06-27_ST_10,2026-06-27,ST,2025-26,14,60.0,42.5,1,2,1,True
2026-06-27_ST_11,2026-06-27,ST,2025-26,14,60.0,45.5,1,2,1,True
2026-06-27_ST_2,2026-06-27,ST,2025-26,14,60.0,207.0,3,3,1,True
2026-06-27_ST_3,2026-06-27,ST,2025-26,14,60.0,0.0,0,1,0,True
2026-06-27_ST_4,2026-06-27,ST,2025-26,14,60.0,186.0,3,3,1,True
2026-06-27_ST_5,2026-06-27,ST,2025-26,14,60.0,64.0,1,2,1,True
2026-06-27_ST_6,2026-06-27,ST,2025-26,14,60.0,272.0,3,3,1,True
2026-06-27_ST_7,2026-06-27,ST,2025-26,14,60.0,167.5,3,3,1,True
2026-06-27_ST_8,2026-06-27,ST,2025-26,11,60.0,41.0,1,2,1,True
2026-06-27_ST_9,2026-06-27,ST,2025-26,13,60.0,0.0,0,1,0,True
2026-07-01_ST_1,2026-07-01,ST,2025-26,14,60.0,102.5,1,2,1,True
2026-07-01_ST_10,2026-07-01,ST,2025-26,14,60.0,71.0,1,2,1,True
2026-07-01_ST_11,2026-07-01,ST,2025-26,12,60.0,68.0,1,2,1,True
2026-07-01_ST_2,2026-07-01,ST,2025-26,14,60.0,206.5,3,3,1,True
2026-07-01_ST_3,2026-07-01,ST,2025-26,14,60.0,71.0,1,2,1,True
2026-07-01_ST_4,2026-07-01,ST,2025-26,13,60.0,0.0,0,1,0,True
2026-07-01_ST_5,2026-07-01,ST,2025-26,10,60.0,0.0,0,1,0,True
2026-07-01_ST_6,2026-07-01,ST,2025-26,12,60.0,44.0,1,2,1,True
2026-07-01_ST_7,2026-07-01,ST,2025-26,14,60.0,52.0,1,2,1,True
2026-07-01_ST_8,2026-07-01,ST,2025-26,14,60.0,58.5,1,2,1,True
2026-07-01_ST_9,2026-07-01,ST,2025-26,14,60.0,136.5,3,3,1,True
2026-07-04_ST_1,2026-07-04,ST,2025-26,10,60.0,63.0,3,3,1,True
2026-07-04_ST_10,2026-07-04,ST,2025-26,12,60.0,85.5,3,3,1,True
2026-07-04_ST_11,2026-07-04,ST,2025-26,14,60.0,40.0,1,2,1,True
2026-07-04_ST_2,2026-07-04,ST,2025-26,12,60.0,0.0,0,1,0,True
2026-07-04_ST_3,2026-07-04,ST,2025-26,12,60.0,48.0,1,2,1,True
2026-07-04_ST_4,2026-07-04,ST,2025-26,7,60.0,31.5,1,2,1,True
2026-07-04_ST_5,2026-07-04,ST,2025-26,14,60.0,68.5,1,2,1,True
2026-07-04_ST_6,2026-07-04,ST,2025-26,12,60.0,0.0,0,1,0,True
2026-07-04_ST_7,2026-07-04,ST,2025-26,11,60.0,25.0,1,2,1,True
2026-07-04_ST_8,2026-07-04,ST,2025-26,14,60.0,65.5,1,2,1,True
2026-07-04_ST_9,2026-07-04,ST,2025-26,12,60.0,0.0,0,1,0,True
2026-07-08_HV_1,2026-07-08,HV,2025-26,11,60.0,0.0,0,1,0,True
2026-07-08_HV_2,2026-07-08,HV,2025-26,12,60.0,75.5,1,2,1,True
2026-07-08_HV_3,2026-07-08,HV,2025-26,12,60.0,142.5,3,3,1,True
2026-07-08_HV_4,2026-07-08,HV,2025-26,8,60.0,33.5,1,2,1,True
2026-07-08_HV_5,2026-07-08,HV,2025-26,12,60.0,0.0,0,1,0,True
2026-07-08_HV_6,2026-07-08,HV,2025-26,12,60.0,23.5,1,2,1,True
2026-07-08_HV_7,2026-07-08,HV,2025-26,12,60.0,0.0,0,1,0,True
2026-07-08_HV_8,2026-07-08,HV,2025-26,12,60.0,68.0,1,2,1,True
2026-07-08_HV_9,2026-07-08,HV,2025-26,12,60.0,56.5,1,2,1,True
2026-07-12_ST_1,2026-07-12,ST,2025-26,14,60.0,0.0,0,1,0,True
2026-07-12_ST_10,2026-07-12,ST,2025-26,14,60.0,60.5,1,2,1,True
2026-07-12_ST_11,2026-07-12,ST,2025-26,14,60.0,0.0,0,0,0,True
2026-07-12_ST_2,2026-07-12,ST,2025-26,14,60.0,206.0,3,3,1,True
2026-07-12_ST_3,2026-07-12,ST,2025-26,14,60.0,130.0,3,3,1,True
2026-07-12_ST_4,2026-07-12,ST,2025-26,14,60.0,22.0,1,2,1,True
2026-07-12_ST_5,2026-07-12,ST,2025-26,14,60.0,49.5,1,2,1,True
2026-07-12_ST_6,2026-07-12,ST,2025-26,14,60.0,38.5,1,2,1,True
2026-07-12_ST_7,2026-07-12,ST,2025-26,14,60.0,46.5,1,2,1,True
2026-07-12_ST_8,2026-07-12,ST,2025-26,12,60.0,95.5,1,2,1,True
2026-07-12_ST_9,2026-07-12,ST,2025-26,14,60.0,48.0,1,2,1,True
2026-07-15_HV_1,2026-07-15,HV,2025-26,12,60.0,58.0,1,2,1,True
2026-07-15_HV_2,2026-07-15,HV,2025-26,12,60.0,32.0,1,2,1,True
2026-07-15_HV_3,2026-07-15,HV,2025-26,12,60.0,0.0,0,1,0,True
2026-07-15_HV_4,2026-07-15,HV,2025-26,12,60.0,0.0,0,1,0,True
2026-07-15_HV_5,2026-07-15,HV,2025-26,12,60.0,35.0,1,2,1,True
2026-07-15_HV_6,2026-07-15,HV,2025-26,12,60.0,0.0,0,1,0,True
2026-07-15_HV_7,2026-07-15,HV,2025-26,12,60.0,62.0,1,2,1,True
2026-07-15_HV_8,2026-07-15,HV,2025-26,11,60.0,0.0,0,1,0,True
2026-07-15_HV_9,2026-07-15,HV,2025-26,12,60.0,38.0,1,2,1,True
